#cP2026  9  1  0  0  0.00000000      96 ORBIT IGc20 HLM  IGS
## 2434 172800.00000000   900.00000000 61284 0.0000000000000
+   32   G01G02G03G04G05G06G07G08G09G10G11G12G13G14G15G16G17
+        G18G19G20G21G22G23G24G25G26G27G28G29G30G31G32  0  0
+          0  0  0  0  0  0  0  0  0  0  0  0  0  0  0  0  0
+          0  0  0  0  0  0  0  0  0  0  0  0  0  0  0  0  0
+          0  0  0  0  0  0  0  0  0  0  0  0  0  0  0  0  0
++         2  2  1  1  2  2  2  1  2  1  2  2  3  1  2  2  1
++         2  1  2  2  1  2  2  1  1  2  2  1  2  2  1  0  0
++         0  0  0  0  0  0  0  0  0  0  0  0  0  0  0  0  0
++         0  0  0  0  0  0  0  0  0  0  0  0  0  0  0  0  0
++         0  0  0  0  0  0  0  0  0  0  0  0  0  0  0  0  0
%c G  cc GPS ccc cccc cccc cccc cccc ccccc ccccc ccccc ccccc
%c cc cc ccc ccc cccc cccc cccc cccc ccccc ccccc ccccc ccccc
%f  1.2500000  1.025000000  0.00000000000  0.000000000000000
%f  0.0000000  0.000000000  0.00000000000  0.000000000000000
%i    0    0    0    0      0      0      0      0         0
%i    0    0    0    0      0      0      0      0         0
/* RAPID ORBIT COMBINATION FROM WEIGHTED AVERAGE OF:
/* cod emr esa gfz grg jgx jpl ngs sio usn                  
/* REFERENCED TO IGS TIME (IGST) AND TO WEIGHTED MEAN POLE:       
/* PCV:IGS20_2425 OL/AL:FES2014b NONE     YN ORB:CMB CLK:CMB 
*  2026  9  1  0  0  0.00000000
PG01  -1628.895627 -15230.028140 -21705.252255    183.222023  8  6  5 321       
PG02   6627.355210 -16355.609837 -19289.460733    167.666775 11  8  4 319       
PG03  -9711.176367 -21991.528860 -11606.610103    292.722326  7  8  7 320       
PG04  -1332.607416 -23084.768993  12929.334146     64.616048  6  6  5 314       
PG05  -1706.311889  17094.195232  20076.789060   -236.432402  6  7  7 314       
PG06 -26153.250717   5079.277989   -374.559230   -535.929151  8  5  6 314       
PG07 -17921.726549  -9104.385467  18179.193880   -220.614148  7  7  8 321       
PG08   4635.485351 -25798.083058  -2310.224543    358.863089  4  2  5 319       
PG09  -9811.744792 -14999.067992  19463.520740    688.934374  7  7  7 314       
PG10  20294.109957   7535.360658 -15348.670844   -541.420424  8  7  3 314       
PG11 -21002.160524  11835.376082  11111.883671   -224.253581  9  6  6 314       
PG12   7038.771346  22528.322711 -12456.957189   -603.070671  5  4  6 314       
PG13   6944.586837  21174.631364 -14504.804827    436.356621 13  7  9 316       
PG14 -21349.601557  -9820.750145 -12570.781328    750.059289  7  6  3 314       
PG15   -668.655215  26389.171149  -3432.651103    441.079279  6  6  7 314       
PG16   8856.943945 -12757.354959  21098.151948    325.894338  6  4  8 316       
PG17 -15441.529627  -1370.908448 -21230.678109   -195.609970  6  5  3 314       
PG18  19450.639712   7545.460494  16672.224208   -266.945839  5  8  6 314       
PG19 -17320.544583  10081.246741 -17169.258364    704.911643  6  4  4 314       
PG20 -10712.425272  23656.721488   5662.465013    274.957615  9  8 10 314       
PG21 -12741.453213   8377.777960  21751.724056    372.311508  5  7  5 314       
PG22 -18794.450187  -3491.006460 -17989.897643     70.865756  7  6  5 314       
PG23  20688.793809  15832.903880  -5842.290455    684.734927  7  6  5 314       
PG24  -3062.590353  17150.662826 -20534.468373    187.058138  3  5  5 314       
PG25  17111.216582  20334.625345  -2909.376359    392.811539  6  5  5 314       
PG26  17493.840491  -4090.775747  19428.836588   -391.282824  6  7  4 314       
PG27  12510.267781 -21334.271940   8711.234864      0.462137  7  5  4 314       
PG28  26001.413834  -4335.726104  -3354.057086   -426.796534  9  7  4 314       
PG29   7524.575180  17117.982197  18767.202887   -251.661123  5  8  4 314       
PG30 -25504.078376    183.904101   8070.536970    348.879845  6  7  6 314       
PG31  24051.875611  -9557.865060   6300.773115   -123.958246  7  6  4 314       
PG32  15922.192559  -4376.334157 -20478.984955    245.523563  4  6  6 319       
*  2026  9  1  0 15  0.00000000
PG01    800.441917 -15666.776348 -21430.936464    183.213017  7  6  5 408       
PG02   8761.146871 -16961.488623 -17833.977405    167.672283 10  8  3 401       
PG03  -8637.664793 -21045.768336 -13997.541583    292.702654  6  8  6 426       
PG04   -745.486309 -24305.903940  10488.389279     64.616317  6  5  5 314       
PG05  -3513.582298  15535.542282  21076.567039   -236.432749  7  8  6 313       
PG06 -25985.351192   4862.068748  -3259.946682   -535.919627  8  5  5 313       
PG07 -15984.498812  -9740.759878  19616.323107   -220.617114  6  7  7 323       
PG08   4994.631464 -25805.710913    531.068252    358.852517  4  2  4 434       
PG09  -9182.962311 -17075.388096  18005.905295    688.926622  8  7  7 314       
PG10  21368.520816   8798.129696 -13125.876729   -541.414155  8  6  3 313       
PG11 -22144.708091  11855.831233   8557.064859   -224.242771  9  6  6 314       
PG12   5897.662313  21517.070912 -14689.181222   -603.070084  5  3  6 314       
PG13   5527.042300  20109.488260 -16504.593918    436.361015 13  8  9 315       
PG14 -22091.055235 -10928.894418 -10198.529312    750.059050  7  6  4 313       
PG15   -980.910168  26534.970340   -620.541449    441.081798  6  5  7 314       
PG16  10517.052117 -10856.686370  21429.504794    325.900168  5  4  7 315       
PG17 -14668.533806  -3770.019786 -21457.801870   -195.614240  5  4  2 314       
PG18  17554.396101   8135.991597  18389.521289   -266.937868  4  7  6 314       
PG19 -16756.558597   8080.455659 -18768.241262    704.911755  6  3  3 313       
PG20 -10753.395965  22827.883651   8367.533553    274.966003  8  8 10 313       
PG21 -14423.376957   6579.458527  21318.791256    372.304528  5  7  5 314       
PG22 -19950.867887  -5166.410521 -16261.383534     70.873756  7  6  5 313       
PG23  20953.203882  16293.453166  -3005.471254    684.738148  7  5  4 314       
PG24  -5152.193419  17832.411260 -19446.675879    187.073748  3  5  4 313       
PG25  16605.478850  20221.141547  -5667.478725    392.808403  6  4  5 313       
PG26  19109.983384  -2593.793573  18175.770399   -391.284111  5  6  3 313       
PG27  12503.624130 -20095.037886  11239.594664      0.462095  6  5  4 314       
PG28  25549.007740  -3949.131810  -6143.081451   -426.786930  9  7  5 313       
PG29   6700.513275  19020.477752  17167.548800   -251.654519  5  7  3 313       
PG30 -24577.985202   -356.382583  10585.927817    348.891028  6  7  6 313       
PG31  24686.697321  -9458.698712   3546.637578   -123.955630  7  6  4 313       
PG32  15380.785672  -1987.845051 -21254.830007    245.539691  4  6  5 418       
*  2026  9  1  0 30  0.00000000
PG01   3154.661950 -16215.373117 -20787.812299    183.204861  7  5  5 408       
PG02  10692.193643 -17600.435329 -16056.056021    167.678560 10  8  3 401       
PG03  -7323.483002 -19990.926968 -16151.631194    292.684120  6  7  6 426       
PG04   -292.732521 -25277.440162   7865.356679     64.616654  6  4  5 313       
PG05  -5476.529040  14019.545726  21707.821501   -236.433007  7  8  6 313       
PG06 -25520.646286   4541.132089  -6089.696873   -535.910045  7  4  4 312       
PG07 -13950.340404 -10522.296376  20736.123864   -220.620046  4  6  7 322       
PG08   5305.445356 -25509.860104   3362.915628    358.843315  3  3  2 434       
PG09  -8696.678702 -19000.898147  16234.900958    688.918905  8  7  8 313       
PG10  22317.137138   9814.499775 -10677.569936   -541.407805  8  6  4 312       
PG11 -22998.687802  11853.658242   5854.579201   -224.231910  9  6  6 313       
PG12   4541.997359  20398.006185 -16672.903961   -603.069182  5  3  5 313       
PG13   3894.593370  18986.218678 -18221.499942    436.365397 13  8  9 315       
PG14 -22682.469599 -11810.529881  -7652.954593    750.058917  6  5  4 313       
PG15  -1281.178673  26377.914110   2202.195167    441.084579  6  4  7 313       
PG16  12278.964346  -9033.301093  21377.809986    325.906356  5  4  6 314       
PG17 -14015.500214  -6211.888773 -21303.130804   -195.618416  4  3  2 313       
PG18  15523.540281   8881.525458  19795.056151   -266.929847  2  7  5 313       
PG19 -16246.194747   5902.427575 -20039.341226    704.912257  6  2  3 313       
PG20 -10783.811187  21709.666968  10928.995102    274.974424  8  8 10 313       
PG21 -16146.326242   4919.961068  20519.318634    372.297647  6  7  4 313       
PG22 -21043.060278  -6624.078357 -14243.080680     70.881391  7  6  4 313       
PG23  20998.462459  16527.731548   -117.786732    684.741460  7  5  4 313       
PG24  -7085.743230  18558.976613 -18036.156911    187.089422  3  5  4 313       
PG25  15865.559024  19936.268643  -8330.358173    392.805319  5  3  5 313       
PG26  20662.203504  -1271.178752  16607.802163   -391.285360  5  6  3 312       
PG27  12507.269612 -18581.386687  13566.453718      0.462366  5  5  2 313       
PG28  24826.086327  -3434.317961  -8826.516605   -426.777278  9  6  5 313       
PG29   6029.031889  20772.542098  15269.920698   -251.647772  5  6  3 313       
PG30 -23423.364159  -1028.960087  12923.237699    348.902272  6  6  6 313       
PG31  25024.444393  -9303.188213    732.199639   -123.953153  8  6  3 313       
PG32  14952.901953    491.030027 -21654.507545    245.556741  4  6  4 418       
*  2026  9  1  0 45  0.00000000
PG01   5389.904291 -16855.756375 -19786.675882    183.196710  7  5  5 408       
PG02  12391.726678 -18234.654173 -13987.441027    167.684955 10  7  4 401       
PG03  -5774.051383 -18872.113332 -18032.827652    292.665570  6  7  5 426       
PG04     54.446506 -25970.473024   5105.642612     64.616927  5  3  5 312       
PG05  -7561.090909  12584.371484  21959.400150   -236.433242  7  8  5 312       
PG06 -24780.470982   4082.880022  -8815.413530   -535.900478  7  4  3 312       
PG07 -11862.641968 -11449.633785  21520.576493   -220.622870  2  5  6 322       
PG08   5603.505975 -24909.566941   6134.944039    358.834062  3  3  1 434       
PG09  -8336.670951 -20732.742646  14181.397342    688.911161  7  6  8 312       
PG10  23097.461809  10591.422688  -8046.604702   -541.401489  8  5  4 312       
PG11 -23558.135585  11790.361760   3050.966251   -224.221126  9  7  6 312       
PG12   2977.738997  19213.929108 -18375.253747   -603.068400  5  3  5 312       
PG13   2063.390741  17846.690180 -19626.321888    436.369790 12  9  9 314       
PG14 -23088.163196 -12476.965545  -4977.608187    750.058775  6  4  4 312       
PG15  -1605.255536  25917.746396   4986.719005    441.087454  6  4  7 312       
PG16  14106.982919  -7323.608870  20945.381750    325.912012  5  3  5 314       
PG17 -13493.078368  -8646.822190 -20768.618439   -195.622691  4  2  2 312       
PG18  13404.064576   9787.030113  20864.434919   -266.921765  1  6  5 312       
PG19 -15818.217330   3585.278262 -20961.875088    704.912135  5  1  3 312       
PG20 -10840.403403  20317.735609  13303.003472    274.982821  8  8  9 312       
PG21 -17868.299374   3423.368556  19367.147002    372.290678  7  7  3 312       
PG22 -22027.375477  -7855.683548 -11971.157344     70.889350  7  6  4 312       
PG23  20796.518950  16563.758406   2771.898219    684.744732  6  5  3 312       
PG24  -8835.029175  19297.259707 -16324.595899    187.105086  4  5  3 312       
PG25  14881.591383  19516.273252 -10853.785961    392.802195  5  3  5 312       
PG26  22108.499020   -129.117430  14753.353819   -391.286623  4  6  2 312       
PG27  12555.320693 -16817.046450  15649.727874      0.462337  5  5  1 313       
PG28  23860.582135  -2764.202683 -11358.227566   -426.767631  9  6  6 312       
PG29   5496.262683  22331.811683  13107.029017   -251.641386  4  6  3 312       
PG30 -22073.751782  -1853.243002  15043.357437    348.913458  6  6  7 312       
PG31  25072.222445  -9055.334676  -2094.662964   -123.950782  8  5  3 312       
PG32  14653.200508   3011.157769 -21671.328427    245.573765  4  6  4 418       
*  2026  9  1  1  0  0.00000000
PG01   7466.864325 -17561.196304 -18444.512329    183.188489  6  5  6 408       
PG02  13839.449643 -18823.458497 -11665.463599    167.691392 10  7  4 401       
PG03  -4003.544244 -17733.801725 -19609.695793    292.646949  6  7  4 426       
PG04    329.500355 -26363.886459   2257.134525     64.617152  5  3  5 312       
PG05  -9726.984469  11262.307658  21826.891052   -236.433473  8  7  5 311       
PG06 -23793.738654   3458.790143 -11390.362121   -535.890976  6  4  3 311       
PG07  -9764.799059 -12515.792754  21956.741007   -220.626014  1  5  6 321       
PG08   5924.131591 -24012.928580   8797.702960    358.824798  2  3  1 434       
PG09  -8079.792956 -22233.278455  11881.230901    688.903364  7  5  8 312       
PG10  23670.706554  11144.372815  -5278.562793   -541.395230  7  5  4 311       
PG11 -23825.938972  11628.053779    194.608664   -224.210313  9  7  5 312       
PG12   1218.918758  18006.939296 -19768.155484   -603.067667  5  3  5 312       
PG13     57.432135  16730.285661 -20695.213504    436.374156 12 10  9 314       
PG14 -23276.702651 -12946.654029  -2218.021073    750.058555  6  3  4 311       
PG15  -1988.016421  25162.906045   7684.207571    441.090158  6  4  7 312       
PG16  15960.548723  -5757.314738  20141.496910    325.918052  5  3  4 313       
PG17 -13103.752266 -11024.269709 -19863.244017   -195.627315  3  2  2 312       
PG18  11243.262372  10849.224309  21578.818190   -266.913756  1  6  4 312       
PG19 -15494.950262   1171.972695 -21521.442932    704.912128  4  1  3 311       
PG20 -10956.966655  18675.866070  15448.967944    274.991226  8  9  9 312       
PG21 -19544.662891   2105.951112  17882.161635    372.283701  7  7  3 312       
PG22 -22861.373570  -8861.738308  -9486.364044     70.897337  7  6  4 311       
PG23  20326.387728  16435.199125   5614.786488    684.747975  6  5  3 312       
PG24 -10378.287382  20010.406131 -14338.846095    187.120695  4  6  3 311       
PG25  13651.439120  18999.693615 -13196.110930    392.799055  5  3  4 311       
PG26  23408.181111    834.167056  12645.530604   -391.287947  4  5  2 311       
PG27  12677.812895 -14833.707965  17451.794545      0.462348  4  5  1 312       
PG28  22686.714510  -1917.794505 -13694.677667   -426.758017  9  6  6 311       
PG29   5081.303157  23660.746029  10716.289271   -251.634973  4  5  2 311       
PG30 -20567.056798  -2842.062485  16910.801708    348.924597  6  6  7 311       
PG31  24845.267713  -8681.704235  -4886.217641   -123.948104  8  5  3 312       
PG32  14488.151688   5521.576792 -21305.556746    245.590764  4  5  3 418       
*  2026  9  1  1 15  0.00000000
PG01   9352.118245 -18299.328724 -16784.220917    183.180215  6  6  6 408       
PG02  15024.176623 -19325.024432  -9132.273878    167.697611 10  7  4 401       
PG03  -2034.527211 -16618.153885 -20855.894565    292.628597  6  6  3 426       
PG04    569.026959 -26445.168011   -630.650910     64.617472  5  3  5 311       
PG05 -11929.115360  10078.592379  21312.704083   -236.433384  8  7  5 310       
PG06 -22595.846369   2646.708105 -13770.262887   -535.881424  6  3  2 310       
PG07  -7698.807374 -13706.301257  22036.942572   -220.628878  2  4  6 320       
PG08   6300.739164 -22836.869175  11303.641490    358.815595  1  4  1 434       
PG09  -7897.050563 -23471.417927   9374.534002    688.895599  8  5  8 311       
PG10  24003.278790  11496.495502  -2420.952384   -541.388975  7  5  4 311       
PG11 -23813.633995  11331.103243  -2665.110317   -224.199503  9  7  5 311       
PG12   -712.729513  16816.874511 -20828.732035   -603.067048  5  4  4 311       
PG13  -2092.168157  15672.415879 -21410.070384    436.378565 12 10  8 313       
PG14 -23222.142179 -13244.281859    579.044616    750.058376  6  2  4 311       
PG15  -2461.820695  24130.344719  10246.749597    441.092734  6  5  7 311       
PG16  17795.775165  -4356.448167  18982.101258    325.923798  5  3  4 313       
PG17 -12841.795422 -13294.674311 -18602.875905   -195.631373  3  3  2 311       
PG18   9088.076864  12056.535782  21925.272942   -266.905748  2  6  4 311       
PG19 -15291.443750  -1291.185148 -21710.070488    704.912468  3  2  3 311       
PG20 -11162.906603  16815.152410  17330.233618    274.999600  8  9  9 311       
PG21 -21129.780179    975.721242  16089.946922    372.276699  8  7  2 311       
PG22 -23505.555067  -9651.332001  -6833.213726     70.905465  7  5  4 311       
PG23  19575.048105  16179.939988   8362.927177    684.751246  6  5  2 311       
PG24 -11700.903629  20659.171242 -12110.641551    187.136321  5  5  3 311       
PG25  12180.890375  18425.806502 -15318.858149    392.795953  4  3  5 311       
PG26  24523.366498   1628.078819  10321.473381   -391.289210  4  5  2 310       
PG27  12899.320004 -12669.907119  18940.268304      0.462373  4  4  1 312       
PG28  21343.682535   -881.205109 -15795.675841   -426.748348  9  5  7 311       
PG29   4757.207022  24728.005506   8139.165206   -251.628617  4  4  2 311       
PG30 -18944.194904  -4001.008198  18494.253127    348.935778  5  5  7 311       
PG31  24366.249757  -8152.849075  -7595.635060   -123.945754  8  4  4 312       
PG32  14455.826038   7971.329990 -20564.364864    245.607735  3  5  3 418       
*  2026  9  1  1 30  0.00000000
PG01  11019.224472 -19033.423264 -14834.235533    183.171923  6  6  6 408       
PG02  15944.080234 -19698.207155  -6433.955438    167.703997  9  7  4 401       
PG03    102.713944 -15563.444307 -21750.576881    292.610049  6  6  2 426       
PG04    811.134137 -26210.898055  -3507.455150     64.617704  5  4  4 311       
PG05 -14119.188924   9050.535930  20426.020408   -236.433892  8  7  5 310       
PG06 -21227.340972   1631.911998 -15914.050767   -535.871926  5  3  3 310       
PG07  -5703.906437 -14999.581306  21758.910953   -220.631873  3  5  5 320       
PG08   6763.281459 -21406.549045  13608.051135    358.806374  1  4  1 434       
PG09  -7754.914033 -24423.721394   6705.006273    688.887812  8  4  8 311       
PG10  24068.065170  11677.483310    477.597364   -541.382782  7  5  4 310       
PG11 -23540.874468  10867.708865  -5478.673220   -224.188709  9  7  4 311       
PG12  -2788.418055  15679.855568 -21539.625061   -603.066217  5  4  4 310       
PG13  -4348.181191  14703.199559 -21758.821049    436.382978 11 11  8 313       
PG14 -22905.063443 -13399.639304   3366.351538    750.058157  5  1  4 310       
PG15  -3054.982112  22845.011603  12628.266221    441.095707  6  5  7 310       
PG16  19567.106636  -3134.730232  17489.383709    325.929508  6  4  4 314       
PG17 -12693.583857 -15411.294116 -17009.979521   -195.635899  3  3  3 310       
PG18   6983.460791  13389.381987  21897.036809   -266.897747  3  5  5 311       
PG19 -15214.950347  -3756.168340 -21526.230619    704.912464  3  2  3 310       
PG20 -11481.970046  14772.942714  18914.693027    275.007930  8  9  8 311       
PG21 -22578.689607     32.312869  14021.344912    372.269752  8  7  2 311       
PG22 -23924.971291 -10241.517103  -4059.090354     70.913329  6  5  4 310       
PG23  18538.056497  15838.518687  10969.976810    684.754501  5  5  1 310       
PG24 -12795.868704  21203.417386  -9676.218425    187.151958  5  5  2 310       
PG25  10483.573032  17833.094745 -17187.270082    392.792869  3  3  5 310       
PG26  25420.354306   2269.024820   7821.664512   -391.290531  4  5  1 310       
PG27  13237.815067 -10369.623166  20088.656830      0.462227  3  4  1 311       
PG28  19874.178786    351.612822 -17625.067020   -426.738734  9  5  7 310       
PG29   4492.222091  25509.598642   5420.433069   -251.622033  4  3  2 310       
PG30 -17247.627493  -5328.039995  19767.046297    348.946876  5  5  7 310       
PG31  23664.320945  -7444.569224 -10177.712996   -123.943237  8  4  5 311       
PG32  14546.040699  10311.288337 -19461.646960    245.624693  3  4  3 418       
*  2026  9  1  1 45  0.00000000
PG01  12449.558302 -19723.837792 -12628.045775    183.163719  6  6  6 408       
PG02  16606.540149 -19904.335033  -3619.549802    167.710093  9  8  4 402       
PG03   2371.128334 -14602.644887 -22278.707976    292.591547  6  6  2 426       
PG04   1093.737910 -25666.892307  -6323.182698     64.618020  5  4  4 310       
PG05 -16247.454838   8186.972140  19182.611495   -236.434110  8  7  4 309       
PG06 -19732.395082    407.895743 -17784.589302   -535.862359  5  3  4 309       
PG07  -3815.313333 -16367.587974  21125.871626   -220.634979  4  5  5 318       
PG08   7336.831885 -19754.440879  15669.949062    358.797204  1  4  2 435       
PG09  -7616.813781 -25075.196484   3919.123431    688.880033  8  3  8 310       
PG10  23845.469092  11722.228124   3368.133547   -541.376478  6  5  4 309       
PG11 -23034.593536  10211.331783  -8197.302401   -224.177843  8  7  4 310       
PG12  -4973.210345  14626.987135 -21889.234477   -603.065451  6  4  4 310       
PG13  -6668.498965  13846.360198 -21735.618511    436.387380 11 11  8 312       
PG14 -22313.379827 -13446.313259   6096.940395    750.057986  5  1  3 309       
PG15  -3790.375271  21339.014150  14785.437834    441.098236  6  5  7 310       
PG16  21229.028906  -2097.295907  15691.236951    325.935491  6  4  3 313       
PG17 -12638.254466 -17331.915611 -15113.175952   -195.639826  4  3  3 310       
PG18   4970.807890  14820.767219  21493.687639   -266.889682  4  5  5 310       
PG19 -15264.722745  -6174.884628 -20974.751777    704.912744  3  2  4 310       
PG20 -11931.202256  12591.547464  20175.319839    275.016316  9  8  8 310       
PG21 -23848.768061   -732.812289  11711.925301    372.262803  8  7  2 310       
PG22 -24090.648298 -10656.373878  -1213.310650     70.921361  6  5  4 309       
PG23  17219.849242  15452.467839  13391.934261    684.757789  5  5  1 310       
PG24 -13663.960897  21603.693603  -7075.840716    187.167631  5  5  2 310       
PG25   8580.594981  17257.767575 -18770.788603    392.789788  3  3  5 310       
PG26  26070.838277   2779.532395   5189.202322   -391.291821  3  4  1 309       
PG27  13703.825156  -7980.655478  20876.878452      0.461696  3  4  1 310       
PG28  18322.780930   1778.432035 -19151.353854   -426.729072  8  4  7 310       
PG29   4251.225823  25989.752383   2607.381179   -251.615771  4  3  1 310       
PG30 -15519.855627  -6813.383351  20707.587073    348.958022  4  5  7 309       
PG31  22773.951174  -6538.972643 -12589.558949   -123.940763  8  4  5 311       
PG32  14740.853198  12495.890584 -18017.699062    245.641688  3  4  3 418       
*  2026  9  1  2  0  0.00000000
PG01  13632.846903 -20329.602883 -10203.626106    183.155320  6  6  6 408       
PG02  17027.602747 -19908.898694   -740.022199    167.716495  9  8  4 402       
PG03   4728.104716 -13762.218817 -22431.299495    292.573191  6  6  1 426       
PG04   1452.867138 -24827.991058  -9028.805043     64.618316  5  4  4 311       
PG05 -18264.514905   7488.059920  17604.532401   -236.434649  8  7  4 309       
PG06 -18157.149805  -1023.161331 -19349.325814   -535.852831  4  2  4 309       
PG07  -2063.086670 -17776.685262  20146.584620   -220.637707  4  5  5 319       
PG08   8040.380331 -17919.112937  17452.878027    358.787956  2  4  3 435       
PG09  -7444.757996 -25419.773922   1065.299958    688.872184  8  3  7 310       
PG10  23324.169574  11669.303185   6202.157860   -541.370255  5  5  4 309       
PG11 -22327.889830   9341.929927 -10773.825094   -224.167098  7  6  4 310       
PG12  -7227.150030  13683.258645 -21871.876177   -603.064860  6  4  5 309       
PG13  -9007.557466  13118.380329 -21340.930162    436.391751 11 11  7 312       
PG14 -21442.877749 -13420.252054   8724.871365    750.057757  5  1  3 309       
PG15  -4684.243530  19650.479363  16678.611909    441.100921  6  6  6 310       
PG16  22737.759607  -1240.772050  13620.625229    325.941207  7  5  3 313       
PG17 -12648.679470 -19020.383004 -12946.662835   -195.644033  4  4  4 309       
PG18   3086.515410  16317.178250  20721.212024   -266.881710  4  5  6 310       
PG19 -15432.132686  -8500.812424 -20066.623029    704.912906  3  2  4 309       
PG20 -12520.171677  10316.768802  21090.616863    275.024617  9  8  8 310       
PG21 -24901.316346  -1335.840013   9201.375815    372.255784  8  6  2 309       
PG22 -23980.765785 -10925.799212   1653.835763     70.929188  6  6  4 309       
PG23  15633.725175  15062.631630  15587.840743    684.761011  5  5  1 309       
PG24 -14313.638618  21822.841483  -4353.227707    187.183198  6  4  2 309       
PG25   6499.924809  16732.383017 -20043.476696    392.786645  3  4  5 309       
PG26  26452.913318   3187.148559   2469.057949   -391.293196  3  4  1 309       
PG27  14299.917234  -5552.851972  21291.627964      0.461948  4  3  2 310       
PG28  16734.283009   3388.639101 -20348.239183   -426.719441  8  4  7 310       
PG29   3997.300212  26161.469981   -251.039279   -251.609389  4  3  1 310       
PG30 -13801.921948  -8439.713238  21299.702473    348.969149  4  5  7 309       
PG31  21733.591994  -5425.298906 -14791.225984   -123.938181  8  4  6 310       
PG32  15015.377389  14484.728416 -16258.777041    245.658597  2  4  2 418       
*  2026  9  1  2 15  0.00000000
PG01  14567.383396 -20810.074494  -7602.782379    183.147068  6  7  6 408       
PG02  17231.082254 -19683.058680   2152.798716    167.722479  8  8  4 402       
PG03   7126.883633 -13061.166415 -22205.556947    292.554678  6  5  1 426       
PG04   1921.043911 -23717.503227 -11577.244979     64.618659  6  5  4 310       
PG05 -20123.120881   6945.440933  15719.697032   -236.434821  8  6  4 309       
PG06 -16547.986685  -2650.259968 -20580.875630   -535.843301  4  2  4 308       
PG07   -471.158818 -19188.736691  18835.325712   -220.640785  4  5  5 318       
PG08   8885.893144 -15943.772974  18925.602177    358.778730  2  4  4 435       
PG09  -7201.006211 -25460.442901  -1806.977284    688.864398  8  4  7 309       
PG10  22501.579535  11559.333028   8932.377143   -541.363962  5  5  4 309       
PG11 -21458.681911   8246.943555 -13163.512694   -224.156288  7  6  5 309       
PG12  -9506.573730  12866.682379 -21487.857966   -603.064310  7  5  4 309       
PG13 -11317.894182  12527.944311 -20581.525216    436.396150 10 11  7 311       
PG14 -20297.476909 -13358.254838  11205.945203    750.057545  5  2  2 309       
PG15  -5745.267964  17822.155462  18272.664810    441.103774  6  6  6 309       
PG16  24052.851137   -553.696224  11314.880656    325.947093  7  5  3 313       
PG17 -12692.712529 -20447.877299 -10549.513992   -195.648312  5  4  4 309       
PG18   1360.733354  17839.749035  19591.967600   -266.873750  3  5  6 309       
PG19 -15701.098271 -10690.555464 -18818.706279    704.912978  4  2  4 309       
PG20 -13250.491323   7996.306091  21644.971876    275.033001  9  8  8 309       
PG21 -25703.005875  -1799.781683   6532.823227    372.248806  7  6  3 309       
PG22 -23581.544950 -11084.076447   4492.043238     70.937147  5  5  4 309       
PG23  13801.507974  14707.516485  17520.436483    684.764288  4  5  1 309       
PG24 -14760.636187  21827.565685  -1554.883458    187.198841  6  4  2 309       
PG25   4275.535417  16284.617507 -20984.379028    392.783570  3  4  5 309       
PG26  26551.844169   3523.167019   -292.673113   -391.294523  3  4  1 308       
PG27  15020.535818  -3136.268907  21326.583314      0.462269  4  3  2 310       
PG28  15152.030493   5163.450091 -21195.079973   -426.709787  7  4  6 309       
PG29   3693.381773  26026.753937  -3105.095072   -251.602980  5  4  1 309       
PG30 -12131.973131 -10182.621624  21532.916788    348.980321  4  5  6 309       
PG31  20584.218915  -4100.480493 -16746.297371   -123.935898  8  3  6 311       
PG32  15338.882870  16243.914881 -14216.546879    245.675560  2  4  2 418       
*  2026  9  1  2 30  0.00000000
PG01  15259.911269 -21126.589849  -4870.426894    183.138867  6  7  6 408       
PG02  17247.351020 -19204.906144   5007.274870    167.728743  7  8  4 402       
PG03   9518.127594 -12510.357050 -21604.938552    292.536183  6  5  1 426       
PG04   2525.806055 -22366.327678 -13924.223126     64.618979  6  5  4 309       
PG05 -21779.890112   6542.744360  13561.345825   -236.434964  7  6  4 308       
PG06 -14949.794879  -4453.790172 -21457.523807   -535.833744  4  1  3 307       
PG07    943.428587 -20562.381711  17211.803296   -220.643605  4  5  5 317       
PG08   9877.677598 -13874.637523  20062.681856    358.769555  2  4  4 435       
PG09  -6849.731205 -25209.043030  -4648.027202    688.856611  8  5  7 308       
PG10  21383.992235  11433.311231  11513.418773   -541.357648  4  5  3 308       
PG11 -20468.184232   6921.991314 -15324.877821   -224.145333  6  5  6 308       
PG12 -11765.562098  12187.697908 -20743.473754   -603.063214  7  5  5 308       
PG13 -13551.782260  12075.689966 -19470.360181    436.400557 10 12  6 311       
PG14 -18889.200941 -13296.440221  13498.396004    750.057368  5  3  2 308       
PG15  -6973.947303  15899.808200  19537.789606    441.106435  6  6  5 308       
PG16  25138.645241    -17.247958   8814.949096    325.952853  7  6  3 313       
PG17 -12734.649377 -21593.891059  -7964.878320   -195.652591  4  4  4 308       
PG18   -183.649662  19345.654053  18124.535317   -266.865714  2  6  6 308       
PG19 -16048.796193 -12705.261803 -17253.366767    704.913129  4  1  4 308       
PG20 -14115.655031   5678.097554  21828.916234    275.041399  8  7  7 308       
PG21 -26227.131336  -2153.387667   3752.096370    372.241973  7  6  4 308       
PG22 -22887.813525 -11168.291182   7251.921136     70.945082  5  6  3 308       
PG23  11752.899181  14421.735630  19156.765962    684.767570  5  5  2 308       
PG24 -15027.267305  21589.904530   1270.667459    187.214597  6  4  2 308       
PG25   1946.339775  15936.222899 -21577.820406    392.780555  3  4  5 308       
PG26  26360.573439   3821.233166  -3049.514010   -391.295860  3  4  1 307       
PG27  15852.195798   -779.343620  20982.451916      0.462123  4  3  2 309       
PG28  13616.323030   7076.446248 -21677.244949   -426.700108  7  4  6 308       
PG29   3303.919225  25596.485348  -5905.165353   -251.596559  5  4  1 308       
PG30 -10543.933797 -12011.354351  21402.649476    348.991493  4  6  5 308       
PG31  19367.803352  -2569.424528 -18422.416436   -123.933307  7  4  6 310       
PG32  15676.127978  17747.184668 -11927.443596    245.692601  2  4  2 418       
*  2026  9  1  2 45  0.00000000
PG01  15725.183441 -21244.061000  -2053.794801    183.130739  6  7  6 408       
PG02  17111.880494 -18460.425221   7772.976340    167.735377  6  7  4 402       
PG03  11851.594416 -12112.171793 -20639.123847    292.517752  7  5  1 426       
PG04   3288.432068 -20811.787607 -16029.049424     64.619277  6  5  4 308       
PG05 -23196.870824   6256.415328  11167.418579   -236.435179  7  6  4 306       
PG06 -13404.300454  -6406.079566 -21963.633793   -535.824145  4  1  3 306       
PG07   2171.055013 -21854.462199  15301.003252   -220.646837  4  6  5 315       
PG08  11012.076407 -11759.198443  20844.915143    358.760388  3  4  4 435       
PG09  -6358.602805 -24685.723716  -7408.847343    688.848921  8  6  6 307       
PG10  19986.415121  11330.925810  13902.504966   -541.351364  3  5  3 307       
PG11 -19399.265204   5371.247752 -17220.413475   -224.134461  5  5  6 307       
PG12 -13957.479218  11648.863264 -19650.916135   -603.062691  7  5  5 307       
PG13 -15662.880700  11754.277912 -18026.364161    436.404957 10 12  6 310       
PG14 -17237.859715 -13268.749251  15563.548030    750.057247  5  4  1 307       
PG15  -8362.325447  13930.478516  20450.182375    441.109230  6  6  5 307       
PG16  25965.527577    393.747113   6164.605434    325.959069  7  6  3 311       
PG17 -12736.836353 -22446.859872  -5239.101521   -195.657290  4  5  4 307       
PG18  -1531.742013  20789.679997  16343.459661   -266.857648  1  6  6 307       
PG19 -16446.626207 -14511.859686 -15398.032846    704.913257  5  2  4 307       
PG20 -15101.194884   3408.659998  21639.282561    275.049839  8  6  7 307       
PG21 -26454.621424  -2429.838571    906.943500    372.235064  7  6  4 307       
PG22 -21903.231285 -11216.662621   9885.878708     70.952927  4  5  3 307       
PG23   9524.543444  14234.604400  20468.723739    684.770905  4  5  3 307       
PG24 -15141.453418  21088.535613   4073.729209    187.230300  6  4  3 307       
PG25   -445.046012  15702.205150 -21813.640874    392.777527  3  4  5 307       
PG26  25879.955857   4115.879757  -5755.334892   -391.297147  3  4  1 306       
PG27  16774.016701   1472.840760  20266.861142      0.462027  4  4  2 308       
PG28  12162.946195   9094.410087 -21786.369727   -426.690385  7  5  5 307       
PG29   2796.471226  24889.965129  -8602.631489   -251.590274  5  5  1 307       
PG30  -9066.339633 -13889.793945  20910.330528    349.002705  5  6  4 307       
PG31  18125.766984   -845.006929 -19791.758557   -123.930768  7  4  6 309       
PG32  15988.867973  18976.687472  -9431.956514    245.709605  3  4  2 418       
*  2026  9  1  3  0  0.00000000
PG01  15985.213257 -21132.442582    798.383904    183.122485  6  7  6 408       
PG02  16863.604212 -17444.121880  10401.635955    167.741478  4  7  4 402       
PG03  14077.854996 -11860.471008 -19323.890828    292.499224  6  5  1 426       
PG04   4222.920202 -19096.225543 -17855.343938     64.619561  6  5  4 307       
PG05 -24342.895882   6056.830400   8579.847016   -236.435336  7  6  4 306       
PG06 -11948.523129  -8472.263083 -22089.953757   -535.814583  4  1  1 306       
PG07   3209.791787 -23021.556692  13132.953667   -220.649709  4  6  5 313       
PG08  12277.502166  -9644.462052  21259.638774    358.751140  3  4  5 435       
PG09  -5700.231007 -23918.095002 -10041.965175    688.841118  8  6  6 307       
PG10  18332.100373  11288.950442  16060.081113   -541.345083  3  5  3 306       
PG11 -18294.752879   3607.486082 -18817.259843   -224.123656  3  5  6 307       
PG12 -16036.547363  11244.843999 -18228.107524   -603.061870  8  6  5 306       
PG13 -17607.839333  11548.775746 -16274.127024    436.409298 10 12  5 310       
PG14 -15370.454142 -13305.536478  17366.429265    750.057083  4  5  1 306       
PG15  -9894.087091  11960.677550  20992.601669    441.111888  6  6  4 306       
PG16  26510.940999    709.588445   3409.656142    325.965060  6  6  2 311       
PG17 -12661.354445 -23004.428369  -2420.795942   -195.661410  3  5  4 306       
PG18  -2677.074137  22125.917181  14278.876963   -266.849642  1  7  6 306       
PG19 -16861.387615 -16084.070916 -13284.695562    704.913305  5  2  4 306       
PG20 -16185.154190   1231.488523  21079.259239    275.058156  7  5  7 307       
PG21 -26374.768880  -2665.265444  -1953.782883    372.228040  7  5  4 306       
PG22 -20640.174378 -11266.861105  12348.946689     70.960696  4  5  3 306       
PG23   7158.837529  14168.938391  21433.533051    684.774159  4  5  3 306       
PG24 -15135.507453  20309.854047   6804.355172    187.245970  6  4  4 306       
PG25  -2853.672131  15590.252403 -21687.365653    392.774457  4  5  5 306       
PG26  25118.715098   4441.046616  -8365.058912   -391.298576  2  4  1 306       
PG27  17758.569021   3580.126186  19194.102763      0.461329  4  4  2 306       
PG28  10821.888589  11178.430725 -21520.504927   -426.680694  6  6  4 306       
PG29   2143.179218  23934.136598 -11150.744315   -251.583697  5  5  1 307       
PG30  -7721.372750 -15777.656231  20063.429159    349.013819  5  6  4 306       
PG31  16897.471242   1052.220049 -20831.442496   -123.928226  6  4  6 309       
PG32  16237.474466  19923.449454  -6773.859050    245.726635  3  4  2 419       
*  2026  9  1  3 15  0.00000000
PG01  16068.247195 -20768.015163   3636.741409    183.114315  5  8  5 408       
PG02  16543.179449 -16159.301238  12848.019145    167.748048  3  7  4 402       
PG03  16149.994555 -11740.890088 -17680.900928    292.480755  6  5  2 426       
PG04   5335.262615 -17265.416053 -19371.673147     64.619923  6  5  4 306       
PG05 -25194.673286   5909.652233   5843.782999   -236.435602  6  6  4 305       
PG06 -10613.421518 -10611.443259 -21833.812835   -535.804970  5  1  1 305       
PG07   4065.394440 -24021.573647  10742.401329   -220.652633  4  7  5 312       
PG08  13654.805842  -7575.235655  21300.886031    358.741969  3  5  5 435       
PG09  -4853.412269 -22940.105756 -12502.252540    688.833400  7  6  5 306       
PG10  16451.790811  11339.756369  17950.394095   -541.338765  3  5  3 305       
PG11 -17195.755798   1651.783576 -20087.785813   -224.112762  2  5  6 306       
PG12 -17959.402725  10962.701590 -16498.450144   -603.060935  8  6  5 305       
PG13 -19347.798842  11437.342502 -14243.494754    436.413680 10 12  4 309       
PG14 -13320.323654 -13432.299988  18876.334571    750.057020  4  5  1 305       
PG15 -11545.023808  10034.600473  21154.779533    441.114774  6  6  4 305       
PG16  26760.127530    964.301247    597.144705    325.971049  6  6  2 310       
PG17 -12471.704651 -23273.346002    440.115650   -195.665835  3  5  4 305       
PG18  -3621.692679  23309.505767  11966.034387   -266.841597  3  7  6 305       
PG19 -17256.621811 -17403.171013 -10949.357854    704.913441  4  2  4 305       
PG20 -17338.858563   -814.424097  20158.340760    275.066553  6  5  6 306       
PG21 -25985.651830  -2897.156560  -4780.960085    372.221094  6  6  4 306       
PG22 -19119.291072 -11354.380318  14599.521971     70.968948  3  5  3 305       
PG23   4702.523845  14240.100057  22034.149513    684.777501  4  4  4 305       
PG24 -15044.716527  19248.767229   9413.320757    187.261690  5  4  5 306       
PG25  -5233.712640  15600.432923 -21200.307514    392.771427  4  5  5 306       
PG26  24093.128635   4828.636741 -10835.339409   -391.299912  2  5  1 305       
PG27  18772.989820   5508.623797  17784.745410      0.461037  4  5  1 306       
PG28   9616.293501  13285.236876 -20884.154495   -426.670960  6  6  3 305       
PG29   1322.055925  22762.521796 -13505.451680   -251.577174  4  6  1 306       
PG30  -6524.136132 -17631.860627  18875.392043    349.025029  5  6  3 305       
PG31  15718.793188   3094.597006 -21523.878281   -123.925863  5  4  5 308       
PG32  16382.599636  20587.491953  -3999.401080    245.743683  4  4  2 419       
*  2026  9  1  3 30  0.00000000
PG01  16007.500088 -20134.432559   6412.142039    183.106170  5  8  5 408       
PG02  16191.225050 -14617.992179  15070.692603    167.754460  3  6  4 402       
PG03  18025.236109 -11731.455213 -15737.391842    292.462288  6  6  2 426       
PG04   6623.043087 -15366.860290 -20552.090220     64.620305  5  5  5 305       
PG05 -25737.573068   5777.366469   3006.779109   -236.435857  6  7  4 304       
PG06  -9422.781129 -12778.098497 -21199.201440   -535.795358  5  1  1 304       
PG07   4751.006048 -24815.349482   8168.392800   -220.655710  4  7  4 311       
PG08  15117.958599  -5592.532062  20969.403880    358.732787  3  5  4 435       
PG09  -3804.131302 -21790.695328 -14747.689421    688.825668  6  6  5 305       
PG10  14382.708441  11509.995275  19542.016993   -541.332417  3  5  3 304       
PG11 -16140.065901   -467.099374 -21010.074198   -224.101849  2  5  6 305       
PG12 -19686.577643  10782.472789 -14490.495440   -603.060196  7  6  5 304       
PG13 -20849.729750  11392.187685 -11969.077586    436.418053  9 13  4 308       
PG14 -11126.065201 -13668.596789  20067.331359    750.056894  4  5  1 304       
PG15 -13283.854016   8192.441407  20933.667785    441.117422  6  6  3 305       
PG16  26706.580347   1194.124072  -2225.427078    325.976922  6  5  2 310       
PG17 -12134.422411 -23269.004801   3293.357302   -195.669910  2  6  4 304       
PG18  -4375.916239  24298.368050   9444.704929   -266.833566  4  8  6 304       
PG19 -17594.070819 -18458.474735  -8431.442316    704.913639  4  3  4 305       
PG20 -18527.956545  -2695.893125  18892.174451    275.074976  5  5  6 305       
PG21 -25294.230125  -3162.712727  -7526.034093    372.214140  6  6  4 305       
PG22 -17368.754219 -11511.027553  16600.025313     70.976914  3  5  3 304       
PG23   2205.117301  14455.331177  22259.582485    684.780852  4  4  4 304       
PG24 -14905.779371  17909.159920  11853.124791    187.277377  5  5  5 305       
PG25  -7539.963689  15725.175484 -20359.598539    392.768464  4  5  5 305       
PG26  22826.454672   5307.158733 -13125.202870   -391.301192  2  5  1 304       
PG27  19780.314235   7231.781470  16065.132348      0.461121  4  5  1 305       
PG28   8561.685350  15368.707028 -19888.203275   -426.661262  6  6  3 304       
PG29    318.038001  21413.915452 -15626.170395   -251.570486  4  6  1 305       
PG30  -5482.196433 -19408.027034  17365.487879    349.036238  5  5  3 305       
PG31  14620.836274   5248.184937 -21857.048624   -123.923203  5  4  5 307       
PG32  16386.819079  20977.610515  -1156.481121    245.760701  4  4  1 419       
*  2026  9  1  3 45  0.00000000
PG01  15839.703431 -19223.490960   9076.548616    183.097980  4  8  5 408       
PG02  15846.609906 -12840.533697  17032.680811    167.760648  3  5  4 402       
PG03  19666.426587 -11803.499583 -13525.779121    292.443784  6  6  2 426       
PG04   8075.373327 -13448.030692 -21376.570154     64.620611  5  5  5 305       
PG05 -25966.083159   5620.937518    117.938562   -236.436258  5  7  4 303       
PG06  -8392.390350 -14923.686188 -20196.731841   -535.785799  5  2  1 303       
PG07   5286.570621 -25368.192725   5453.754627   -220.659007  4  8  4 310       
PG08  16635.013038  -3732.155246  20272.535741    358.723584  3  5  4 435       
PG09  -2546.280886 -20512.272864 -16740.064840    688.817892  6  6  4 304       
PG10  12167.320541  11819.497603  20808.316842   -541.326132  3  5  3 304       
PG11 -15160.706810  -2713.642308 -21568.301740   -224.090971  3  5  5 304       
PG12 -21183.856561  10678.021681 -12237.533951   -603.059509  7  6  5 304       
PG13 -22087.559998  11380.768772  -9489.677817    436.422424  9 13  4 308       
PG14  -8830.260569 -14027.184069  20918.700758    750.056706  3  5  2 304       
PG15 -15073.361756   6468.887690  20333.509619    441.120252  6  5  3 304       
PG16  26352.198190   1435.941872  -5010.851523    325.982982  5  5  1 309       
PG17 -11620.554412 -23014.646829   6089.234882   -195.674122  2  6  4 304       
PG18  -4957.759016  25054.856952   6758.506663   -266.825628  5  8  5 304       
PG19 -17835.199435 -19247.534815  -5773.165529    704.913719  3  4  4 304       
PG20 -19713.691022  -4386.623823  17302.305439    275.083338  4  5  5 304       
PG21 -24316.112830  -3497.215134 -10141.849177    372.207167  6  6  4 304       
PG22 -15423.246618 -11763.588065  18317.465500     70.984755  3  4  3 304       
PG23   -282.779064  14813.399108  22105.126984    684.784122  4  4  4 304       
PG24 -14755.164366  16303.996917  14078.991621    187.293038  5  5  6 304       
PG25  -9729.332787  15949.536392 -19178.147669    392.765413  4  5  5 304       
PG26  21348.123029   5900.501796 -15196.653050   -391.302535  2  4  2 303       
PG27  20740.962214   8731.139331  14066.783882      0.461275  4  6  1 304       
PG28   7665.500541  17381.499404 -18549.734700   -426.651614  5  7  3 304       
PG29   -876.238613  19930.889894 -17476.488365   -251.564049  4  6  1 304       
PG30  -4595.415512 -21062.046453  15558.555972    349.047418  5  5  4 304       
PG31  13628.820493   7473.824623 -21824.720603   -123.920448  4  5  5 306       
PG32  16216.190183  21110.830293   1706.185646    245.777672  5  4  1 419       
*  2026  9  1  4  0  0.00000000
PG01  15603.524971 -18035.588942  11583.868719    183.089845  4  7  5 409       
PG02  15544.860052 -10854.850991  18702.004759    167.767232  3  4  4 402       
PG03  21043.329657 -11922.849445 -11083.168649    292.425290  6  6  2 426       
PG04   9673.168999 -11554.635369 -21831.333319     64.620930  5  5  5 304       
PG05 -25883.920347   5401.516260  -2772.948730   -236.436451  4  7  3 303       
PG06  -7529.538438 -16998.379131 -18843.477605   -535.776210  5  3  2 302       
PG07   5697.966553 -25651.312877   2644.469961   -220.662230  4  8  4 311       
PG08  18169.299001  -2023.520280  19223.979764    358.714383  3  5  4 435       
PG09  -1082.073662 -19149.084301 -18445.604401    688.810196  5  5  4 303       
PG10   9851.924877  12280.423914  21727.862003   -541.319806  3  5  3 303       
PG11 -14284.684742  -5046.753561 -21753.007325   -224.080118  3  5  5 303       
PG12 -22423.456108  10618.136577  -9777.107441   -603.058765  7  7  5 303       
PG13 -23043.048288  11367.182004  -6847.645472    436.426746  9 13  3 307       
PG14  -6478.055722 -14513.419532  21415.307265    750.056583  3  4  2 303       
PG15 -16871.802562   4891.862976  19365.733744    441.123171  6  5  2 303       
PG16  25707.145010   1725.721954  -7712.933217    325.988918  5  5  1 308       
PG17 -10906.939414 -22540.282470   8779.528292   -195.678604  3  7  3 303       
PG18  -5392.042592  25547.252805   3954.137414   -266.817598  5  9  5 303       
PG19 -17942.727670 -19776.051077  -3018.886131    704.914100  3  4  3 303       
PG20 -20854.353895  -5868.029029  15415.823229    275.091711  4  6  5 303       
PG21 -23075.005526  -3932.469210 -12583.454218    372.200248  6  6  4 303       
PG22 -13322.724046 -12132.710387  19723.906474     70.992610  3  3  3 303       
PG23  -2711.209230  15304.573873  21572.499553    684.787482  3  4  4 303       
PG24 -14627.461251  14455.047078  16049.843150    187.308722  5  5  6 304       
PG25 -11762.268600  16251.748490 -17674.520059    392.762399  4  5  4 304       
PG26  19692.718881   6626.884699 -17015.232123   -391.303867  2  5  2 303       
PG27  21614.315798   9996.752637  11825.724668      0.461461  4  6  1 304       
PG28   6926.940619  19276.739485 -16891.741316   -426.641911  5  7  4 303       
PG29  -2259.970442  18358.171260 -19024.784650   -251.557753  3  6  1 304       
PG30  -3856.081105 -22551.668357  13484.657731    349.058633  5  5  4 303       
PG31  12761.191188   9728.393930 -21426.583897   -123.917705  4  5  4 305       
PG32  15841.668158  21011.565582   4539.889083    245.794754  5  4  1 419       
*  2026  9  1  4 15  0.00000000
PG01  15337.922690 -16579.859696  13890.764851    183.081559  4  7  5 409       
PG02  15316.743382  -8695.460375  20052.101885    167.773410  4  3  4 402       
PG03  22133.675066 -12051.238754  -8450.783591    292.406716  5  6  1 426       
PG04  11389.752920  -9728.970099 -21909.053449     64.621242  5  5  5 303       
PG05 -25503.796280   5082.131897  -5616.267846   -236.437039  2  7  4 302       
PG06  -6832.856878 -18952.867543 -17162.692984   -535.766602  5  4  2 301       
PG07   6015.882209 -25643.072112   -211.047401   -220.665310  4  9  4 310       
PG08  19680.800770   -488.748803  17843.435083    358.705116  3  5  4 435       
PG09    577.868031 -17745.530382 -19835.515845    688.802396  5  5  3 302       
PG10   7485.101209  12896.699159  22284.765510   -541.313459  3  5  3 302       
PG11 -13531.990752  -7421.178065 -21561.244175   -224.069172  4  6  4 302       
PG12 -23384.984686  10567.834814  -7150.446054   -603.057985  6  7  5 302       
PG13 -23706.369608  11313.693721  -4088.171291    436.431056  8 13  4 307       
PG14  -4115.641588 -15124.945559  21547.889948    750.056408  4  4  2 302       
PG15 -18634.511028   3481.575821  18048.675598    441.125672  5  5  2 302       
PG16  24789.427143   2097.007537 -10287.167116    325.994814  5  4  1 309       
PG17  -9977.245447 -21881.371261  11318.323626   -195.682719  3  7  3 302       
PG18  -5709.229633  25751.045539   1080.538868   -266.809623  6  9  5 302       
PG19 -17882.120897 -20057.496137   -214.433010    704.914147  3  5  3 303       
PG20 -21906.869335  -7129.751464  13264.914667    275.100053  3  6  4 303       
PG21 -21601.858369  -4495.385158 -14808.872157    372.193294  5  6  4 303       
PG22 -11111.007043 -12632.049193  20796.836646     71.000639  3  2  3 302       
PG23  -5032.586580  15910.941425  20669.872255    684.790798  3  5  4 302       
PG24 -14553.802984  12392.231111  17729.208640    187.324353  5  5  6 303       
PG25 -13604.081148  16604.038281 -15872.734155    392.759313  3  5  4 303       
PG26  17898.794370   7498.014356 -18550.535009   -391.305231  2  5  2 302       
PG27  22360.321518  11027.276247   9381.756062      0.461219  4  6  1 303       
PG28   6337.153170  21009.700492 -14942.732704   -426.632248  5  7  5 302       
PG29  -3824.042492  16740.951797 -20244.757395   -251.551240  2  6  2 303       
PG30  -3249.336203 -23838.045397  11178.631608    349.069771  4  5  4 303       
PG31  12028.979455  11966.222243 -20668.311571   -123.915425  4  5  4 305       
PG32  15240.329066  20710.521217   7296.722843    245.811756  5  4  1 419       
*  2026  9  1  4 30  0.00000000
PG01  15080.498927 -14873.970011  15957.413315    183.073317  3  6  5 409       
PG02  15187.080210  -6402.250376  21062.130134    167.779725  3  3  4 402       
PG03  22923.922032 -12147.901846  -5673.311105    292.388125  5  6  1 426       
PG04  13191.759951  -8008.421397 -21608.948704     64.621547  4  5  5 302       
PG05 -24846.851816   4629.302092  -8363.423155   -236.437067  1  7  4 301       
PG06  -6292.511613 -20740.155620 -15183.416013   -535.757064  4  4  2 301       
PG07   6274.468340 -25330.000269  -3062.775925   -220.668362  4  9  4 309       
PG08  21127.657020    857.931724  16156.150355    358.695875  3  5  4 435       
PG09   2414.745835 -16344.499912 -20886.445773    688.794570  5  6  3 302       
PG10   5116.080657  13663.751122  22468.960323   -541.307175  2  5  3 301       
PG11 -12914.892709  -9789.068708 -20996.614252   -224.058343  4  6  4 301       
PG12 -24056.143469  10489.830205  -4401.834637   -603.057289  6  7  5 301       
PG13 -24076.389903  11182.353771  -1258.527721    436.435420  8 13  3 306       
PG14  -1788.689973 -15851.672433  21313.268465    750.056214  4  4  3 301       
PG15 -20315.635005   2249.914191  16407.137138    441.128525  5  4  1 301       
PG16  23624.208699   2579.519429 -12691.372597    326.000881  5  5  1 308       
PG17  -8822.727763 -21077.324584  13662.771602   -195.687280  3  7  3 301       
PG18  -5944.025744  25649.947398  -1811.993281   -266.801649  6  9  5 301       
PG19 -17622.987009 -20112.472486   2593.580557    704.914109  3  6  3 302       
PG20 -22828.445760  -8169.870812  10886.329604    275.108373  3  7  4 302       
PG21 -19933.747221  -5206.750580 -16779.819565    372.186267  5  5  4 302       
PG22  -8834.256536 -13267.691366  21519.441733     71.008351  3  2  2 301       
PG23  -7203.339079  16607.045986  19411.800008    684.794064  3  5  3 301       
PG24 -14560.433284  10152.615160  19086.040719    187.339971  4  5  7 302       
PG25 -15226.104123  16973.687928 -13801.972688    392.756261  3  5  3 302       
PG26  16007.548223   8518.483036 -19776.672961   -391.306481  2  5  3 301       
PG27  22941.054553  11829.718789   6777.692707      0.461796  4  7  1 304       
PG28   5879.733147  22539.412242 -12736.247183   -426.622642  4  8  5 301       
PG29  -5551.212580  15123.204667 -21115.851829   -251.544524  1  6  2 302       
PG30  -2753.895308 -24887.175839   8679.553969    349.080917  4  5  4 302       
PG31  11435.439562  14140.615430 -19561.539137   -123.912747  3  4  4 304       
PG32  14396.357788  20243.381677   9930.349368    245.828739  5  5  1 419       
*  2026  9  1  4 45  0.00000000
PG01  14865.920149 -12943.593901  17748.197809    183.065232  3  5  5 409       
PG02  15173.816262  -4019.091988  21717.162048    167.786184  3  3  4 402       
PG03  23409.703821 -12171.285484  -2798.176094    292.369612  5  5  1 426       
PG04  15040.306513  -6424.177295 -20936.756735     64.622014  4  5  5 301       
PG05 -23941.785430   4014.499952 -10967.651378   -236.437155  1  6  4 301       
PG06  -5890.739290 -22317.281143 -12939.961734   -535.747396  4  5  2 300       
PG07   6509.814579 -24707.519235  -5859.995185   -220.671227  4  8  4 309       
PG08  22467.722240   2010.470055  14192.389838    358.686769  4  5  4 435       
PG09   4402.132047 -14985.780958 -21580.842424    688.786892  5  6  3 301       
PG10   2793.087630  14568.565065  22276.401975   -541.300766  2  5  3 301       
PG11 -12437.543490 -12101.659651 -20069.185456   -224.047383  4  6  4 301       
PG12 -24433.138938  10346.110777  -1577.913940   -603.056564  6  7  5 301       
PG13 -24160.618452  10936.629004   1592.730260    436.439768  7 13  3 305       
PG14    459.199024 -16676.065498  20714.457493    750.056139  4  4  3 301       
PG15 -21869.916220   1200.208213  14471.802850    441.131132  5  3  2 301       
PG16  22242.893115   3197.911101 -14886.280909    326.006986  5  5  1 307       
PG17  -7442.684759 -20169.893973  15773.762279   -195.691149  3  7  2 301       
PG18  -6133.806292  25236.592045  -4672.734440   -266.793577  5  9  4 301       
PG19 -17140.333178 -19967.823929   5358.451344    704.914285  3  6  2 301       
PG20 -23578.233687  -8994.787413   8320.767003    275.116794  3  7  4 302       
PG21 -18112.530437  -6080.243312 -18462.364155    372.179398  4  5  4 302       
PG22  -6539.390196 -14037.879923  21880.784048     71.016568  3  2  1 301       
PG23  -9185.414129  17360.841741  17819.037884    684.797449  3  6  3 301       
PG24 -14667.489755   7779.091387  20095.408450    187.355684  4  4  7 302       
PG25 -16606.654482  17324.309609 -11496.204506    392.753302  2  5  3 302       
PG26  14061.417642   9685.425926 -20672.682319   -391.307674  2  5  4 301       
PG27  23322.185916  12418.887030   4058.580873      0.461803  4  6  1 304       
PG28   5531.524858  23830.136421 -10310.275403   -426.612911  4  8  5 301       
PG29  -7416.615037  13546.066684 -21623.582838   -251.537868  1  6  2 301       
PG30  -2343.024215 -25671.186072   6030.110706    349.092171  4  5  5 302       
PG31  10975.980320  16205.439905 -18123.757608   -123.910089  3  3  4 303       
PG32  13301.768488  19649.339778  12396.722087    245.845830  5  5  1 419       
*  2026  9  1  5  0  0.00000000
PG01  14724.464976 -10821.581674  19232.325301    183.057117  4  5  4 409       
PG02  15287.382724  -1592.334002  22008.276818    167.792786  3  4  4 402       
PG03  23595.931962 -12080.815510    125.248616    292.351061  4  5  1 426       
PG04  16892.377749  -5000.193514 -19904.596848     64.622380  4  5  5 301       
PG05 -22823.712451   3215.423050 -13384.791052   -236.437480  1  5  4 301       
PG06  -5602.706475 -23646.889257 -10471.314605   -535.737737  4  6  2 300       
PG07   6758.308888 -23780.331965  -8552.263835   -220.673973  4  8  4 307       
PG08  23660.128382   2970.952647  11986.832541    358.677611  4  5  3 435       
PG09   6506.807269 -13704.608903 -21907.220995    688.779213  5  6  4 301       
PG10    561.710820  15590.056757  21709.193653   -541.294381  2  5  2 301       
PG11 -12095.919084 -14310.976363 -18795.294479   -224.036445  4  6  4 301       
PG12 -24520.786694  10099.568752   1273.075695   -603.055751  5  7  5 301       
PG13 -23974.838653  10542.993519   4416.591617    436.444073  6 12  4 305       
PG14   2587.980910 -17573.730206  19760.683839    750.056049  4  4  3 301       
PG15 -23254.436724    327.364496  12278.534516    441.134017  5  3  2 301       
PG16  20682.004881   3970.716343 -16836.074445    326.013064  5  6  2 306       
PG17  -5844.601910 -19201.510276  17616.509530   -195.695346  3  7  2 301       
PG18  -6316.933269  24512.888995  -7451.471213   -266.785476  5  9  4 301       
PG19 -16415.639174 -19655.531750   8034.083884    704.914338  3  7  1 302       
PG20 -24118.925894  -9618.786635   5612.190746    275.125173  3  6  4 302       
PG21 -16183.332429  -7121.723419 -19827.509064    372.172490  4  4  4 302       
PG22  -4272.496302 -14933.039629  21875.892249     71.024707  3  3  1 301       
PG23 -10947.583817  18134.921738  15918.246756    684.800812  3  6  3 301       
PG24 -14888.062439   5318.804105  20739.042784    187.371393  4  4  6 302       
PG25 -17731.749645  17617.290699  -8993.715421    392.750313  2  5  3 303       
PG26  12102.629680  10988.452862 -21222.873936   -391.308880  2  5  4 301       
PG27  23474.300437  12816.551593   1270.914017      0.462235  4  6  1 306       
PG28   5263.693045  24852.651252  -7706.605598   -426.603210  4  9  5 301       
PG29  -9388.562471  12046.350736 -21759.748867   -251.531165  1  5  3 301       
PG30  -1985.748779 -26169.400030   3275.887002    349.103402  5  5  5 302       
PG31  10638.397857  18116.710833 -16378.116561   -123.907419  3  2  3 303       
PG32  11956.835346  18969.520859  14654.757472    245.862936  5  5  1 419       
*  2026  9  1  5 15  0.00000000
PG01  14680.757637  -8546.857221  20384.353436    183.048927  4  4  4 409       
PG02  15530.356392    830.759912  21932.559442    167.799078  3  4  4 402       
PG03  23496.551148 -11838.649475   3046.484061    292.332520  4  4  1 426       
PG04  18702.377518  -3752.452081 -18530.724301     64.622694  4  5  5 301       
PG05 -21532.801157   2217.018096 -15573.997567   -236.437632  1  5  4 301       
PG06  -5397.657272 -24698.597111  -7820.431630   -535.728124  4  6  2 300       
PG07   7054.948495 -22562.443993 -11090.444092   -220.676873  4  8  5 306       
PG08  24666.787904   3749.255037   9577.919592    358.668385  4  5  3 435       
PG09   8689.856618 -12530.404505 -21860.329495    688.771489  5  6  5 301       
PG10  -1536.639968  16699.755816  20775.628413   -541.287955  2  5  1 301       
PG11 -11878.087121 -16371.516066 -17197.240325   -224.025564  4  7  4 300       
PG12 -24332.297217   9715.620925   4102.098527   -603.054970  4  7  5 301       
PG13 -23542.430240   9972.413500   7164.429366    436.448408  5 12  4 304       
PG14   4562.525903 -18514.277868  18467.301365    750.055872  4  4  2 301       
PG15 -24430.254762   -381.642953   9867.570589    441.136701  5  3  3 301       
PG16  18981.910428   4909.522015 -18508.876815    326.019029  5  6  2 306       
PG17  -4043.985992 -18213.637671  19161.041891   -195.699793  4  7  2 301       
PG18  -6531.032566  23490.016962 -10099.435311   -266.777462  4  8  4 300       
PG19 -15437.709691 -19211.432760  10575.685924    704.914536  3  7  1 301       
PG20 -24418.238056 -10063.300188   2807.085769    275.133501  3  6  5 301       
PG21 -14192.911798  -8328.832614 -20851.693925    372.165595  3  4  4 301       
PG22  -2077.299969 -15936.097930  21505.766111     71.032879  3  4  1 301       
PG23 -12466.497502  18887.980137  13741.587811    684.804120  4  6  3 300       
PG24 -15227.573707   2821.393997  21005.715743    187.387046  4  3  6 302       
PG25 -18595.549548  17813.360077  -6336.548097    392.747300  1  4  3 303       
PG26  10171.761168  12409.859604 -21417.118297   -391.310151  3  5  4 301       
PG27  23374.021298  13050.373683  -1538.141307      0.462061  4  6  1 305       
PG28   5043.020928  25585.295851  -4970.101776   -426.593643  4  9  5 300       
PG29 -11429.613054  10655.243775 -21522.536009   -251.524534  2  5  3 301       
PG30  -1648.247762 -26369.149214    464.585413    349.114563  5  5  5 302       
PG31  10403.407045  19834.127541 -14353.133844   -123.904822  4  3  4 302       
PG32  10370.221810  18245.360409  16666.951022    245.880000  5  5  1 419       
*  2026  9  1  5 30  0.00000000
PG01  14752.736332  -6163.086883  21184.620715    183.040706  4  4  4 409       
PG02  15897.422042   3203.576982  21493.016470    167.805417  3  5  4 403       
PG03  23133.949486 -11411.345302   5914.825113    292.313903  4  3  1 426       
PG04  20423.780857  -2688.537700 -16839.183369     64.622970  4  5  5 300       
PG05 -20112.739133   1012.224771 -17498.394567   -236.437593  1  4  4 300       
PG06  -5240.302717 -25450.094447  -5033.469961   -535.718599  4  7  2 299       
PG07   7431.677805 -21076.801484 -13427.744828   -220.679839  4  8  5 305       
PG08  25453.783876   4362.404557   7007.164128    358.659152  5  5  3 435       
PG09  10907.982986 -11485.747556 -21441.214432    688.763682  5  6  6 300       
PG10  -3466.135680  17862.780790  19490.143120   -541.281630  2  6  1 299       
PG11 -11764.793256 -18241.834024 -15302.875409   -224.014787  4  7  4 299       
PG12 -23888.746084   9163.755903   6860.163693   -603.054582  4  7  5 300       
PG13 -22893.407928   9201.667984   9788.839963    436.452749  4 12  3 304       
PG14   6353.800349 -19462.443831  16855.600197    750.055683  4  4  2 299       
PG15 -25363.861747   -946.956822   7282.657799    441.139355  4  3  4 300       
PG16  17185.420972   6018.391290 -19877.192898    326.025155  5  6  2 304       
PG17  -2063.903139 -17245.202974  20382.599032   -195.704020  4  7  2 299       
PG18  -6811.304106  22188.055376 -12570.210074   -266.769434  4  8  4 301       
PG19 -14203.274625 -18673.802184  12940.455796    704.914487  3  8  1 300       
PG20 -24450.212099 -10355.892405    -46.333546    275.141795  3  6  5 300       
PG21 -12187.976254  -9690.917646 -21517.204097    372.158613  3  5  4 300       
PG22      6.266779 -17023.085395  20777.301087     71.040678  4  5  1 300       
PG23 -13727.437372  19576.453477  11326.208906    684.807379  4  7  3 299       
PG24 -15683.508505    337.142698  20891.441872    187.402668  3  2  5 301       
PG25 -19200.499592  17874.218767  -3569.853357    392.744243  1  4  3 302       
PG26   8306.356762  13925.115296 -21251.060878   -391.311431  2  5  4 300       
PG27  23004.905752  13152.638922  -4321.498472      0.461733  4  5  2 303       
PG28   4833.384119  26014.733753  -2147.927421   -426.584001  4  9  5 299       
PG29 -13497.861049   9397.238266 -20916.513060   -251.518226  2  4  4 299       
PG30  -1295.375932 -26266.286263  -2354.814786    349.125679  6  7  6 301       
PG31  10245.458011  21322.498929 -12082.309720   -123.902456  4  4  4 302       
PG32   8558.806888  17516.993227  18399.932507    245.897025  5  5  1 419       
*  2026  9  1  5 45  0.00000000
PG01  14950.896355  -3717.171903  21619.572711    183.032586  5  5  3 409       
PG02  16375.629244   5481.671321  20698.417638    167.811811  2  5  4 403       
PG03  22538.042692 -10771.377638   8680.242834    292.295377  3  3  1 426       
PG04  22010.825389  -1807.544673 -14859.367251     64.623335  4  5  5 300       
PG05 -18609.088426   -397.586920 -19125.654006   -236.437955  1  4  4 300       
PG06  -5092.395182 -25887.936004  -2158.954588   -535.709009  4  8  2 299       
PG07   7915.831712 -19354.548170 -15520.751128   -220.682761  4  7  5 305       
PG08  25992.598995   4833.685358   4318.436800    358.649951  5  5  2 435       
PG09  13114.988314 -10585.622728 -20657.186853    688.755927  5  6  6 300       
PG10  -5197.736191  19039.076896  17873.178881   -541.275240  1  6  1 300       
PG11 -11730.340449 -19885.975152 -13145.102894   -224.003879  4  8  4 299       
PG12 -23218.243566   8418.945482   9499.187636   -603.053514  4  7  5 300       
PG13 -22063.212650   8214.452772  12244.467280    436.457116  2 12  4 303       
PG14   7939.822862 -20379.419305  14952.508355    750.055560  4  5  2 300       
PG15 -26028.403348  -1394.741075   4570.142640    441.142418  4  4  4 300       
PG16  15336.322955   7293.555337 -20918.297816    326.031155  5  7  2 304       
PG17     65.755772 -16331.155256  21261.935198   -195.708185  4  7  2 300       
PG18  -7188.935980  20635.269048 -14820.589009   -266.761406  4  7  5 299       
PG19 -12717.313686 -18081.849213  15088.255199    704.914612  4  8  1 300       
PG20 -24196.290915 -10529.010303  -2898.949606    275.150095  4  5  6 301       
PG21 -10213.508634 -11189.281722 -21812.480873    372.151712  3  5  4 300       
PG22   1943.344248 -18163.991332  19703.137277     71.048677  4  5  1 300       
PG23 -14724.743390  20156.277996   8713.628530    684.810693  4  7  3 299       
PG24 -16245.505395  -2084.895424  20399.498336    187.418363  3  1  5 301       
PG25 -19557.160869  17764.172727   -741.158231    392.741205  2  4  3 302       
PG26   6539.653946  15503.613689 -20726.261839   -391.312649  3  5  4 300       
PG27  22358.086047  13158.848798  -7032.874257      0.461726  4  5  2 304       
PG28   4597.342339  26136.406012    711.271607   -426.574261  4  9  5 299       
PG29 -15548.400339   8289.335469 -19952.520105   -251.511887  2  3  4 300       
PG30   -892.256577 -25865.376308  -5132.941361    349.136938  6  7  6 301       
PG31  10133.813188  22553.003434  -9603.644821   -123.899582  4  5  4 301       
PG32   6547.217096  16821.710608  19824.956655    245.914113  5  5  1 419       
*  2026  9  1  6  0  0.00000000
PG01  15277.836738  -1257.623084  21681.979668    183.024289  5  5  3 409       
PG02  16944.927039   7624.181552  19563.071907    167.817996  2  6  4 403       
PG03  21745.064598  -9898.438069  11294.291714    292.276750  3  2  1 426       
PG04  23420.177483  -1100.314538 -12625.493999     64.623567  4  6  4 298       
PG05 -17067.591096  -2002.499991 -20428.498591   -236.438426  2  4  4 298       
PG06  -4914.423359 -26007.994340    753.096833   -535.699507  4  8  2 297       
PG07   8528.761313 -17433.923895 -17330.405597   -220.686005  4  7  5 302       
PG08  26261.142703   5191.524540   1557.238591    358.640654  5  4  2 435       
PG09  15263.368138  -9836.964125 -19521.690344    688.748085  5  5  7 298       
PG10  -6710.157308  20184.877107  15950.943357   -541.268974  2  6  1 298       
PG11 -11743.724968 -21274.697012 -10761.290386   -223.993100  4  8  4 297       
PG12 -22354.830998   7462.860786  11972.862822   -603.052846  3  6  4 298       
PG13 -21091.301468   7002.222726  14488.796353    436.461440  1 12  4 302       
PG14   9306.355018 -21224.348576  12790.186000    750.055317  4  5  2 298       
PG15 -26404.621089  -1755.862111   1778.049097    441.145078  4  5  4 298       
PG16  13477.883485   8723.383746 -21614.573299    326.037349  6  7  2 303       
PG17   2309.250527 -15501.203866  21785.532472   -195.712203  5  6  2 298       
PG18  -7689.689064  18867.076014 -16811.367232   -266.753396  4  6  5 297       
PG19 -10993.090010 -17474.176755  16982.260103    704.914873  4  8  1 298       
PG20 -23646.121509 -10618.545692  -5701.588419    275.158277  4  5  6 299       
PG21  -8311.167977 -12797.755492 -21732.327095    372.144698  4  6  4 299       
PG22   3705.232502 -19323.842772  18301.437078     71.056574  4  6  1 298       
PG23 -15461.886818  20584.693682   5949.025980    684.813938  5  7  3 297       
PG24 -16895.799958  -4398.688225  19540.267859    187.433949  3  1  4 299       
PG25 -19683.725975  17451.702362   2100.440614    392.738071  3  4  4 300       
PG26   4899.461494  17109.666663 -19850.253905   -391.313951  3  5  3 298       
PG27  21432.639050  13106.222624  -9627.476417      0.461780  4  4  2 302       
PG28   4297.786189  25954.656323   3558.210443   -426.564680  4 10  5 297       
PG29 -17534.904847   7340.548139 -18647.454682   -251.505141  1  3  4 298       
PG30   -405.878045 -25179.553534  -7820.938068    349.148136  7  7  7 299       
PG31  10033.849422  23504.231973  -6959.063450   -123.897079  5  6  4 300       
PG32   4367.081988  16192.538938  20918.326207    245.931149  6  4  2 419       
*  2026  9  1  6 15  0.00000000
PG01  15728.127057   1167.119609  21371.042933    183.016119  5  5  3 409       
PG02  17578.952270   9595.106438  18106.545388    167.824361  3  6  4 403       
PG03  20796.109246  -8780.462852  13711.002953    292.258178  2  2  1 427       
PG04  24612.510619   -549.992160 -10176.008550     64.623918  3  6  4 297       
PG05 -15532.487539  -3784.257080 -21385.121608   -236.438370  2  5  5 298       
PG06  -4667.358493 -25815.555765   3652.074035   -535.689942  4  8  3 296       
PG07   9284.712546 -15358.847190 -18822.906016   -220.688887  4  6  5 301       
PG08  26244.543956   5468.204224  -1230.028824    358.631462  5  3  1 435       
PG09  17305.960850  -9238.514092 -18054.073585    688.740311  5  5  8 297       
PG10  -7990.555971  21254.337661  13755.071419   -541.262623  2  6  1 297       
PG11 -11769.983222 -22386.438675  -8192.611345   -223.982294  4  8  4 297       
PG12 -21337.143281   6284.839903  14237.515170   -603.052206  3  6  4 297       
PG13 -20019.590404   5564.737534  16482.902331    436.465806  3 12  4 302       
PG14  10447.295799 -21955.935235  10405.515000    750.055155  4  5  1 297       
PG15 -26481.485438  -2064.409524  -1044.833582    441.147674  3  5  5 297       
PG16  11651.378974  10288.636143 -21953.789161    326.043302  6  7  2 303       
PG17   4626.169048 -14778.775072  21945.727697   -195.716728  5  5  3 297       
PG18  -8332.710892  16924.742104 -18508.048795   -266.745339  4  4  6 296       
PG19  -9051.886469 -16887.259285  18589.581499    704.915095  5  8  1 298       
PG20 -22798.053924 -10662.265241  -8405.872216    275.166591  4  5  6 298       
PG21  -6517.826809 -14483.566716 -21278.004240    372.137773  3  7  4 298       
PG22   5270.252393 -20463.968602  16595.595356     71.064508  4  6  1 297       
PG23 -15951.185558  20822.022162   3080.449410    684.817221  5  7  3 297       
PG24 -17609.994288  -6562.867233  18330.915901    187.449606  3  1  5 298       
PG25 -19605.231589  16910.902671   4905.145855    392.735011  4  4  4 300       
PG26   3407.234182  18703.709614 -18636.512267   -391.315222  3  5  3 297       
PG27  20235.677358  13032.163691 -12062.650686      0.461772  4  4  2 302       
PG28   3899.574007  25482.523444   6343.819840   -426.555004  3  9  5 297       
PG29 -19411.265974   6551.718707 -17023.960960   -251.498884  1  4  4 297       
PG30    193.372751 -24230.044107 -10371.378931    349.159399  7  7  7 299       
PG31   9908.539410  24162.968493  -4193.746310   -123.894597  5  7  4 299       
PG32   2056.039947  15656.988430  21661.744596    245.948189  6  4  2 419       
*  2026  9  1  6 30  0.00000000
PG01  16288.498444   3510.358084  20692.389701    183.008013  5  5  3 409       
PG02  18246.040915  11364.400500  16353.327402    167.830597  3  6  4 403       
PG03  19735.481185  -7414.342079  15887.744262    292.239676  2  2  2 427       
PG04  25553.937389   -132.876326  -7552.921618     64.624303  3  6  4 298       
PG05 -14044.908717  -5716.781504 -21979.520282   -236.438914  3  5  5 298       
PG06  -4314.380727 -25325.056864   6487.680689   -535.680348  4  8  2 297       
PG07  10190.017071 -13177.243011 -19970.485660   -220.691649  4  5  4 302       
PG08  25935.686003   5698.448709  -3996.786414    358.622284  5  3  1 435       
PG09  19197.591297  -8781.000537 -16279.271030    688.732551  5  4  8 298       
PG10  -9034.901745  22201.290574  11322.182231   -541.256171  2  6  2 298       
PG11 -11771.695818 -23208.000106  -5483.326494   -223.971364  5  8  4 297       
PG12 -20206.887720   4882.562461  16252.931427   -603.051183  3  5  4 298       
PG13 -18890.810617   3910.287472  18192.140558    436.470174  4 12  4 301       
PG14  11364.760111 -22534.095047   7839.489199    750.055055  4  5  2 298       
PG15 -26256.506058  -2356.122858  -3849.832573    441.150255  3  5  4 298       
PG16   9894.694986  11962.989494 -21929.326720    326.049296  6  7  2 303       
PG17   6972.762995 -14180.218878  21740.757373   -195.720898  5  4  3 298       
PG18  -9129.627192  14853.857214 -19881.455498   -266.737289  4  2  6 297       
PG19  -6922.448030 -16353.993663  19881.846685    704.915023  5  7  2 298       
PG20 -21659.314961 -10698.169957 -10965.062661    275.175040  4  6  6 299       
PG21  -4864.300660 -16208.476185 -20457.218857    372.130859  4  7  3 299       
PG22   6624.352892 -21543.405365  14613.885461     71.072813  4  7  1 299       
PG23 -16213.169496  20833.345085    157.956187    684.820562  5  7  3 297       
PG24 -18358.110674  -8542.145703  16794.919570    187.465327  3  2  5 299       
PG25 -19352.492401  16122.730302   7623.375024    392.732009  4  4  4 301       
PG26   2077.381107  20243.679802 -17104.330715   -391.316414  2  5  2 298       
PG27  18782.163598  12972.742408 -14298.483970      0.462118  3  4  3 305       
PG28   3371.094241  24741.209187   9020.096723   -426.545255  3  9  5 298       
PG29 -21133.225706   5915.657094 -15110.028450   -251.492282  1  4  5 298       
PG30    930.305579 -23045.371589 -12739.166850    349.170697  7  7  7 300       
PG31   9720.057584  24524.671214  -1355.379809   -123.891955  5  7  4 300       
PG32   -343.471367  15236.014968  22042.595740    245.965250  7  4  3 419       
*  2026  9  1  6 45  0.00000000
PG01  16938.350180   5728.734173  19657.957471    182.999768  5  4  4 409       
PG02  18910.426388  12908.857783  14332.449563    167.837053  4  7  4 403       
PG03  18608.919758  -5806.276817  17786.026503    292.221095  2  2  2 427       
PG04  26217.242516    180.469744  -4801.096678     64.624580  4  6  4 296       
PG05 -12641.400157  -7766.992965 -22201.739736   -236.439231  3  6  5 296       
PG06  -3822.515611 -24559.473845   9210.829238   -535.670855  4  7  3 295       
PG07  11242.639241 -10939.192258 -20752.046578   -220.694622  5  4  4 300       
PG08  25335.468573   5917.938429  -6696.987381    358.613003  5  2  1 435       
PG09  20896.648600  -8447.625553 -14227.396181    688.724700  4  4  9 297       
PG10  -9848.013305  22981.048720   8693.333090   -541.249856  3  6  2 296       
PG11 -11710.589577 -23734.908080  -2680.018246   -223.960615  5  9  4 296       
PG12 -19007.198531   3262.397709  17983.137068   -603.050450  3  5  4 296       
PG13 -17746.842096   2055.588093  19586.764584    436.474539  6 12  4 300       
PG14  12068.834117 -22921.589346   5136.513806    750.054826  4  4  2 296       
PG15 -25735.718933  -2666.790732  -6589.226033    441.152922  2  5  4 296       
PG16   8241.043969  13713.827520 -21540.339978    326.055233  6  7  1 302       
PG17   9303.393899 -13714.288677  21174.724913   -195.724905  5  3  4 296       
PG18 -10083.947048  12702.656858 -20908.225867   -266.729344  4  1  6 295       
PG19  -4640.143559 -15902.377022  20835.730735    704.915145  6  6  3 297       
PG20 -20245.848290 -10762.848661 -13334.879303    275.183316  5  7  7 297       
PG21  -3374.318543 -17930.137064 -19283.997995    372.123848  4  8  3 297       
PG22   7761.445263 -22520.397122  12389.044026     71.080727  4  7  2 297       
PG23 -16275.619055  20590.012479  -2767.297376    684.823781  6  7  3 295       
PG24 -19105.875196 -10308.457120  14961.470425    187.480957  3  2  6 297       
PG25 -18960.794281  15075.999358  10206.703314    392.728889  5  3  4 299       
PG26    916.838026  21686.520949 -15278.599000   -391.317725  2  5  2 296       
PG27  17094.457907  12961.247154 -16298.361442      0.462709  3  3  3 308       
PG28   2685.691676  23759.242937  11540.935536   -426.535654  3  9  5 296       
PG29 -22659.944732   5417.590484 -12938.507806   -251.485760  1  4  5 296       
PG30   1823.712067 -21660.274884 -14882.395028    349.181844  7  8  7 299       
PG31   9431.448149  24593.628324   1506.667665   -123.889468  5  8  4 298       
PG32  -2785.598740  14943.231029  22054.148455    245.982214  7  4  3 419       
*  2026  9  1  7  0  0.00000000
PG01  17650.551138   7783.694387  18285.771457    182.991670  5  4  4 409       
PG02  19533.584427  14212.758406  12077.061558    167.843303  5  7  4 403       
PG03  17461.769612  -3971.765305  19372.238106    292.202670  2  2  3 427       
PG04  26582.872058    423.891747  -1967.496610     64.624969  4  6  3 297       
PG05 -11352.630549  -9895.888069 -22048.025521   -236.439609  4  7  5 297       
PG06  -3164.115065 -23549.391056  11774.506451   -535.661270  5  7  3 297       
PG07  12432.104225  -8694.990624 -21153.622191   -220.697278  5  4  3 302       
PG08  24452.791972   6161.803448  -9285.806680    358.603865  4  1  1 435       
PG09  22366.540315  -8214.846913 -11933.252871    688.716968  4  3  9 298       
PG10 -10443.250793  23552.194120   5913.373036   -541.243477  4  6  3 297       
PG11 -11549.175050 -23971.456732    169.208435   -223.949713  6  9  4 297       
PG12 -17780.933167   1439.405795  19397.105355   -603.049606  3  5  3 298       
PG13 -16627.090292     25.345835  20642.460075    436.478914  7 12  5 299       
PG14  12577.013464 -23085.571910   2343.625289    750.054687  4  4  3 297       
PG15 -24933.362817  -3030.685813  -9217.017849    441.155655  3  5  4 297       
PG16   6717.845243  15503.270643 -20791.849464    326.061099  6  7  1 302       
PG17  11572.040021 -13381.907242  20257.494433   -195.729030  5  3  4 298       
PG18 -11190.803909  10520.258268 -21571.196206   -266.721250  5  2  5 296       
PG19  -2245.870720 -15554.363302  21433.426869    704.915411  6  6  3 298       
PG20 -18581.825685 -10889.890659 -15474.278190    275.191739  5  7  7 298       
PG21  -2063.773924 -19603.625970 -17778.455168    372.117005  4  8  3 298       
PG22   8683.452941 -23353.938841   9957.797185     71.088623  4  7  3 298       
PG23 -16172.314548  20070.916764  -5643.997760    684.827112  6  6  3 297       
PG24 -19816.168246 -11841.773976  12864.776274    187.496710  3  2  6 299       
PG25 -18468.396843  13768.076622  12608.811423    392.725857  5  2  4 300       
PG26    -75.074488  22989.760743 -13189.477798   -391.318916  2  5  3 298       
PG27  15201.616284  13026.850255 -18029.475884      0.462021  3  3  3 305       
PG28   1822.901252  22571.375461  13862.925574   -426.525947  3  8  6 297       
PG29 -23955.447784   5035.906015 -10546.552053   -251.479474  1  3  5 297       
PG30   2885.394349 -20114.382263 -16763.150164    349.193133  7  8  7 300       
PG31   9008.287777  24382.774408   4342.228714   -123.886831  5  8  4 299       
PG32  -5222.584490  14784.393769  21695.682887    245.999296  7  4  4 419       
*  2026  9  1  7 15  0.00000000
PG01  18392.504089   9642.766533  16599.619865    182.983292  5  3  4 409       
PG02  20075.680810  15268.259324   9623.966135    167.849583  6  7  4 403       
PG03  16337.172920  -1935.215012  20618.289497    292.184019  3  2  4 427       
PG04  26639.643192    634.152824    899.598307     64.625150  4  6  3 294       
PG05 -10202.331038 -12059.846712 -21520.883329   -236.440001  5  8  5 293       
PG06  -2318.124024 -22331.787757  14134.593282   -535.651798  5  6  4 293       
PG07  13739.811688  -6493.209877 -21168.653313   -220.700502  5  5  2 298       
PG08  23304.266383   6463.148696 -11720.305071    358.594656  4  1  1 435       
PG09  23576.969327  -8053.423447  -9435.770916    688.709046  4  3  9 294       
PG10 -10841.868403  23878.277630   3030.202521   -541.237212  5  6  3 293       
PG11 -11252.356171 -23930.423283   3015.545127   -223.938985  6  9  4 293       
PG12 -16568.980614   -563.013490  20469.378962   -603.048902  2  5  4 295       
PG13 -15566.969733  -2148.490403  21340.784018    436.483254  8 12  4 299       
PG14  12913.344054 -22998.984327   -490.353872    750.054374  4  5  3 294       
PG15 -23871.268386  -3479.093853 -11689.643843    441.158341  3  6  4 294       
PG16   5345.807924  17289.416848 -19694.762777    326.067009  6  7  1 299       
PG17  13733.813305 -13176.223570  19004.514769   -195.733375  4  3  4 294       
PG18 -12437.040122   8354.882676 -21859.658962   -266.713375  5  3  5 293       
PG19    215.262276 -15324.945569  21663.043715    704.915618  5  5  4 295       
PG20 -16698.847054 -11108.420727 -17346.176029    275.199953  6  8  7 295       
PG21   -940.284949 -21183.087246 -15966.450277    372.109917  4  8  3 295       
PG22   9400.074605 -24005.311101   7360.330812     71.096604  4  7  3 294       
PG23 -15941.546939  19263.477369  -8421.626724    684.830304  6  6  3 293       
PG24 -20450.574320 -13130.583663  10543.288346    187.512250  4  3  6 295       
PG25 -17914.906179  12205.238786  14786.414085    392.722721  5  2  5 296       
PG26   -906.495229  24113.102755 -10871.969485   -391.320207  3  4  3 294       
PG27  13138.464428  13193.432308 -19463.287794      0.461364  2  3  3 299       
PG28    769.440812  21217.245296  15946.100273   -426.516426  4  7  6 293       
PG29 -24989.893207   4743.156786  -7974.992292   -251.473089  1  3  5 294       
PG30   4119.480368 -18450.696009 -18348.237559    349.204180  6  8  7 296       
PG31   8420.273163  23913.167909   7101.262078   -123.884194  6  8  4 296       
PG32  -7606.353724  14757.189593  20972.536310    246.016293  7  4  4 419       
*  2026  9  1  7 30  0.00000000
PG01  19127.431001  11280.600872  14628.633519    182.975098  5  4  4 409       
PG02  20497.075650  16075.517745   7013.114954    167.856006  6  7  5 403       
PG03  15274.358595    270.806460  21502.151759    292.165548  3  1  4 427       
PG04  26385.149343    849.334172   3751.389272     64.625441  4  6  3 294       
PG05  -9206.503237 -14212.117655 -20629.045244   -236.440287  5  8  5 293       
PG06  -1271.083287 -20948.593170  16250.624178   -535.642262  4  6  4 293       
PG07  15139.718503  -4378.854137 -20798.070420   -220.703379  5  5  1 298       
PG08  21913.658141   6851.661359 -13960.062919    358.585483  4  1  1 435       
PG09  24504.985955  -7929.685580  -6777.373487    688.701260  3  4  9 295       
PG10 -11072.045779  23929.358780     93.948940   -541.230873  5  6  4 294       
PG11 -10788.950269 -23632.471719   5810.305393   -223.928158  6  8  3 293       
PG12 -15408.652650  -2713.814841  21180.587208   -603.048303  3  5  3 295       
PG13 -14596.554616  -4427.764099  21669.500362    436.487628  8 12  4 298       
PG14  13107.298165 -22641.739943  -3315.708606    750.054197  4  5  3 294       
PG15 -22577.992504  -4038.987995 -13966.604133    441.160918  4  6  4 294       
PG16   4138.252626  19027.756180 -18265.815297    326.073061  6  8  2 299       
PG17  15746.436239 -13082.956231  17436.576862   -195.737530  4  4  4 295       
PG18 -13801.628360   6252.134619 -21769.496861   -266.705374  6  4  4 293       
PG19   2695.434684 -15221.504710  21518.917120    704.915555  5  4  4 295       
PG20 -14634.859372 -11441.814981 -18918.106265    275.208352  6  8  7 295       
PG21     -3.080758 -22623.427224 -13879.148801    372.102975  4  8  3 295       
PG22   9928.266834 -24439.553524   4639.707522     71.104517  4  6  4 294       
PG23 -15624.451448  18164.292975 -11051.403014    684.833629  6  6  3 293       
PG24 -20970.962546 -14172.015108   8038.879958    187.527902  4  4  6 295       
PG25 -17339.586505  10402.668748  16700.143723    392.719661  5  2  4 296       
PG26  -1592.568253  25019.971075  -8365.385461   -391.321490  3  4  4 294       
PG27  10944.477904  13478.602961 -20575.934688      0.461369  2  4  4 300       
PG28   -480.076393  19739.869754  17754.625379   -426.506741  4  6  6 293       
PG29 -25740.620459   4507.292193  -5267.657581   -251.466837  1  2  5 294       
PG30   5522.056469 -16713.951042 -19609.810371    349.215314  6  7  7 296       
PG31   7642.664377  23213.144754   9734.799964   -123.882129  5  8  4 299       
PG32  -9890.123526  14851.325115  19896.065528    246.033346  8  4  4 419       
*  2026  9  1  7 45  0.00000000
PG01  19815.829242  12679.737735  12406.777662    182.966782  4  5  3 409       
PG02  20759.836394  16642.542893   4287.066297    167.862053  7  7  5 403       
PG03  14307.100122   2606.652821  22008.276357    292.146970  3  1  4 427       
PG04  25825.846592   1107.188265   6539.362998     64.625639  4  5  3 291       
PG05  -8372.924632 -16304.430302 -19387.342481   -236.440224  6  8  6 291       
PG06    -17.830245 -19445.068431  18086.472812   -535.632811  4  5  4 290       
PG07  16599.354347  -2391.697380 -20050.183985   -220.706412  5  6  1 295       
PG08  20311.092681   7352.347693 -15967.779318    358.576187  3  1  1 435       
PG09  25135.775570  -7806.983891  -4003.284565    688.693373  3  5 10 292       
PG10 -11167.631209  23683.318299  -2843.928425   -541.224594  5  6  4 291       
PG11 -10133.060406 -23105.268672   8505.743311   -223.917361  6  8  3 291       
PG12 -14332.226531  -4975.319469  21517.844254   -603.047547  2  5  3 292       
PG13 -13739.449966  -6769.393181  21622.805156    436.492026  9 12  4 297       
PG14  13192.430845 -22001.644574  -6082.753646    750.053965  4  5  3 291       
PG15 -21087.736883  -4731.891439 -16011.019362    441.163653  5  7  4 291       
PG16   3100.701460  20672.714300 -16527.424314    326.079151  6  8  3 296       
PG17  17571.630089 -13081.010370  15579.507062   -195.741652  4  5  4 293       
PG18 -15256.409549   4253.405312 -21303.194244   -266.697407  6  5  4 290       
PG19   5145.738936 -15243.456648  21001.824269    704.915618  5  4  4 292       
PG20 -12432.835786 -11906.649183 -20162.794596    275.216604  7  9  7 293       
PG21    756.781939 -23881.993048 -11552.487410    372.095914  4  8  3 292       
PG22  10291.461708 -24626.825323   1841.233704     71.112426  4  6  4 291       
PG23 -15263.233567  16779.432628 -13487.191716    684.836845  6  5  3 291       
PG24 -21341.032055 -14971.625408   5396.001163    187.543468  5  5  6 292       
PG25 -16779.684278   8384.084471  18315.363668    392.716492  5  1  4 294       
PG26  -2154.701905  25678.945113  -5712.713688   -391.322842  4  4  4 291       
PG27   8662.504862  13892.950498 -21348.587594      0.460968  2  3  4 296       
PG28  -1922.737620  18184.019232  19257.414167   -426.497152  4  5  6 291       
PG29 -26192.937391   4293.065586  -2470.649120   -251.460392  1  3  4 291       
PG30   7081.133811 -14948.916623 -20525.888051    349.226364  6  7  7 293       
PG31   6657.519227  22317.178165  12195.895249   -123.879373  6  8  4 296       
PG32 -12029.978234  15048.924457  18483.523239    246.050309  8  4  4 419       
*  2026  9  1  8  0  0.00000000
PG01  20417.042343  13831.074042   9972.265035    182.958390  4  7  3 410       
PG02  20829.210956  16984.779210   1490.405421    167.868295  7  7  5 403       
PG03  13462.406518   5026.969500  22127.885884    292.128306  3  2  4 427       
PG04  24976.818808   1443.506613   9216.089361     64.625842  4  5  3 289       
PG05  -7700.969833 -18288.675081 -17816.485285   -236.440935  6  8  6 287       
PG06   1438.128322 -17868.080104  19610.953293   -535.623407  4  5  4 287       
PG07  18081.117160   -564.876709 -18940.393259   -220.709060  5  6  2 285       
PG08  18532.041176   7984.442334 -17709.832208    358.566878  3  2  1 435       
PG09  25463.151324  -7647.261667  -1160.785901    688.685467  4  6 10 290       
PG10 -11166.643328  23126.883105  -5731.586895   -541.218416  5  6  4 287       
PG11  -9265.248036 -22382.346534  11055.852146   -223.906675  6  7  3 288       
PG12 -13365.701673  -7304.505494  21475.016688   -603.046957  2  5  3 289       
PG13 -13011.928189  -9126.850134  21201.436369    436.496364  9 12  4 296       
PG14  13204.871730 -21075.012886  -8742.764143    750.053638  4  5  4 289       
PG15 -19439.095395  -5572.962646 -17790.110869    441.166075  6  7  3 289       
PG16   2230.758148  22179.273968 -14507.450107    326.084801  6  7  3 294       
PG17  19176.368741 -13143.347370  13463.798394   -195.746073  4  6  4 289       
PG18 -16767.114595   2394.460670 -20469.729727   -266.689521  7  6  4 288       
PG19   7517.874685 -15382.219774  20119.088604    704.915724  5  3  5 289       
PG20 -10139.265845 -12511.921889 -21058.642949    275.224823  7  9  6 290       
PG21   1355.880737 -24920.170951  -9026.554959    372.088777  4  8  3 289       
PG22  10518.543564 -24543.603815   -988.219377     71.120269  4  5  4 288       
PG23 -14899.361946  15124.352640 -15686.360456    684.839977  6  5  2 288       
PG24 -21527.761731 -15542.869414   2660.831265    187.558961  5  6  6 289       
PG25 -16268.839342   6181.011277  19602.886727    392.713401  5  1  4 290       
PG26  -2619.564753  26065.023778  -2959.893542   -391.324185  4  3  5 288       
PG27   6337.372175  14439.546008 -21767.752078      0.460810  2  3  4 292       
PG28  -3547.251058  16594.537900  20428.659293   -426.487537  5  4  6 288       
PG29 -26340.618666   4063.566011    368.420582   -251.454077  1  3  4 289       
PG30   8776.950175 -13198.712566 -21080.752320    349.237406  6  7  7 290       
PG31   5454.661477  21264.488842  14440.544695   -123.877171  6  8  4 297       
PG32 -13986.354983  15325.222553  16757.845978    246.067236  8  4  3 419       
*  2026  9  1  8 15  0.00000000
PG01  20890.884853  14734.012679   7366.900378    182.950278  4  7  3 410       
PG02  20675.012622  17124.431670  -1330.871576    167.874747  7  7  5 403       
PG03  12759.500850   7482.296937  21859.129240    292.109895  3  2  3 427       
PG04  23861.230539   1890.563319  11736.001268     64.626238  4  5  3 289       
PG05  -7181.755114 -20118.591999 -15942.751408   -236.441073  7  8  6 288       
PG06   3084.583959 -16264.333221  20798.328066   -535.613786  4  5  4 288       
PG07  19543.782566   1076.199812 -17490.731248   -220.711794  5  5  3 285       
PG08  16616.124491   8760.527904 -19156.794990    358.557781  2  2  2 435       
PG09  25489.732132  -7412.692321   1701.566067    688.677771  4  6 10 290       
PG10 -11109.590428  22256.314123  -8517.781840   -541.211997  5  5  4 288       
PG11  -8173.461619 -21501.757829  13417.130925   -223.895590  6  7  4 289       
PG12 -12527.823880  -9654.524319  21052.852526   -603.046116  2  5  3 290       
PG13 -12422.365335 -11451.782825  20412.665848    436.500721 10 12  4 296       
PG14  13181.715333 -19866.952269 -11248.892888    750.053531  5  6  4 290       
PG15 -17673.677362  -6570.328305 -19275.606588    441.169025  7  7  4 289       
PG16   1518.290899  23504.617888 -12238.858376    326.090857  6  7  4 295       
PG17  20533.956242 -13238.078574  11124.181427   -195.750457  3  6  4 289       
PG18 -18294.626555    704.265815 -19284.356515   -266.681413  7  6  4 288       
PG19   9765.846449 -15621.512221  18884.565436    704.915987  4  3  5 290       
PG20  -7802.515324 -13258.584004 -21590.112706    275.233288  8  9  6 291       
PG21   1817.589191 -25704.841783  -6344.899444    372.081889  3  8  3 290       
PG22  10642.617749 -24173.675714  -3800.935231     71.128459  4  5  4 289       
PG23 -14571.803987  13223.442508 -17610.563177    684.843360  6  5  2 288       
PG24 -21502.711553 -15906.286529   -119.552193    187.574707  4  7  6 290       
PG25 -15835.654727   3831.725792  20539.577403    392.710482  4  1  3 291       
PG26  -3017.854425  26160.662975   -155.008747   -391.325386  5  3  5 289       
PG27   4014.419574  15113.720845 -21825.510370      0.460916  2  3  4 294       
PG28  -5334.194256  15014.675640  21248.272445   -426.477745  5  3  6 288       
PG29 -26186.097103   3781.816301   3201.212602   -251.447296  1  4  4 289       
PG30  10582.593846 -11503.210298 -21265.212824    349.248600  5  6  6 291       
PG31   4032.336644  20097.462169  16428.563789   -123.874288  6  7  4 296       
PG32 -15725.385374  15649.533727  14747.351851    246.084343  7  4  3 419       
*  2026  9  1  8 30  0.00000000
PG01  21199.259011  15396.290669   4635.367438    182.942005  4  8  2 410       
PG02  20272.869609  17089.551586  -4130.008953    167.881086  7  7  5 403       
PG03  12209.128040   9920.840659  21207.098413    292.091344  3  2  3 427       
PG04  22509.487880   2475.692877  14056.145689     64.626438  4  5  3 287       
PG05  -6798.602390 -21751.406010 -13797.585510   -236.441739  7  8  6 286       
PG06   4900.933909 -14678.632320  21628.715909   -535.604352  4  5  4 285       
PG07  20944.152938   2514.590467 -15729.269439   -220.715022  6  5  3 282       
PG08  14605.773811   9685.896465 -20283.904777    358.548512  2  2  2 435       
PG09  25226.797450  -7067.319508   4534.751866    688.669906  4  7 10 288       
PG10 -11037.676506  21077.720894 -11152.857909   -541.205736  5  5  4 285       
PG11  -6853.686202 -20504.572384  15549.307321   -223.884838  6  6  4 286       
PG12 -11829.418916 -11976.380130  20258.967667   -603.045555  3  4  4 287       
PG13 -11970.999362 -13695.712989  19270.173209    436.505103 11 12  4 295       
PG14  13159.377822 -18391.300513 -13557.052533    750.053268  5  6  4 287       
PG15 -15834.655663  -7724.680264 -20444.075581    441.171651  7  7  3 287       
PG16    945.920289  24609.732372  -9759.279993    326.096689  6  7  4 293       
PG17  21624.891094 -13329.747395   8599.136286   -195.754822  3  6  4 286       
PG18 -19796.431446   -795.912561 -17768.278605   -266.673462  7  6  5 286       
PG19  11847.597147 -15937.975217  17318.500317    704.915914  4  4  5 287       
PG20  -5471.119392 -14139.394081 -21747.999887    275.241596  8  8  6 288       
PG21   2170.971444 -26209.636945  -3553.773040    372.074807  3  7  3 288       
PG22  10699.612234 -23508.881517  -6549.105975     71.136583  4  4  5 287       
PG23 -14315.377813  11109.219199 -19226.434446    684.846538  6  5  2 286       
PG24 -21243.131794 -16088.447614  -2897.972985    187.590244  3  7  6 287       
PG25 -15502.489811   1379.915886  21108.819840    392.707338  4  2  3 288       
PG26  -3382.886552  25956.537945   2652.587168   -391.326769  5  2  5 286       
PG27   1738.009229  15903.128322 -21519.700239      0.460697  3  3  4 291       
PG28  -7256.581326  13484.495475  21702.224674   -426.468162  6  4  5 286       
PG29 -25740.340831   3412.377374   5979.459224   -251.440956  1  5  4 286       
PG30  12464.922182  -9897.584618 -21076.738484    349.259574  5  6  5 288       
PG31   2397.522687  18859.939116  18124.389412   -123.871719  6  7  4 293       
PG32 -17220.042608  15986.464626  12485.347184    246.101249  7  4  3 419       
*  2026  9  1  8 45  0.00000000
PG01  21307.701456  15833.494188   1824.470265    182.933582  4  8  2 410       
PG02  19605.294579  16912.908981  -6860.175161    167.887360  8  6  4 403       
PG03  11813.219203  12290.335073  20183.707710    292.072839  3  2  2 427       
PG04  20958.138060   3220.055835  16136.895045     64.626717  4  5  3 286       
PG05  -6527.807290 -23149.348976 -11417.112865   -236.442046  7  8  6 284       
PG06   6858.814229 -13152.236803  22088.395552   -535.594843  4  5  3 283       
PG07  22238.768384   3742.181739 -13689.409634   -220.717931  6  5  3 279       
PG08  12544.792221  10758.177231 -21071.476892    358.539219  2  2  3 435       
PG09  24693.822366  -6578.636954   7290.116797    688.662088  4  8 10 286       
PG10 -10990.970266  19606.983056 -13589.725030   -541.199449  4  4  4 284       
PG11  -5310.289404 -19433.274378  17416.006115   -223.874047  6  6  4 285       
PG12 -11273.063356 -14220.702148  19107.690077   -603.045080  3  5  4 285       
PG13 -11650.019722 -15811.746006  17793.803824    436.509497 11 12  5 294       
PG14  13171.990019 -16670.218840 -15626.742008    750.053151  5  5  5 285       
PG15 -13965.288569  -9029.144033 -21277.194592    441.174520  7  7  3 285       
PG16    489.802779  25460.909179  -7110.466373    326.102609  6  7  4 292       
PG17  22437.486254 -13380.757829   5930.347416   -195.758964  2  5  4 285       
PG18 -21228.199726  -2093.096248 -15948.232442   -266.665493  7  6  5 284       
PG19  13726.509642 -16302.104622  15447.255189    704.916103  3  4  5 286       
PG20  -3192.075518 -15139.105701 -21529.597127    275.249941  8  8  6 287       
PG21   2449.453532 -26415.945582   -701.328591    372.067763  3  7  3 286       
PG22  10726.760181 -22549.580495  -9185.612076     71.144548  4  4  4 286       
PG23 -14159.288691   8821.204155 -20506.180024    684.849777  6  5  2 284       
PG24 -20732.846307 -16120.710909  -5627.912940    187.605844  5  8  6 286       
PG25 -15284.531045  -1126.885092  21300.838242    392.704257  4  2  2 287       
PG26  -3749.060707  25451.992439   5413.194850   -391.328113  6  2  5 284       
PG27   -449.939994  16788.092282 -20854.025442      0.461017  3  3  5 293       
PG28  -9280.727374  12039.417560  21782.782013   -426.458537  6  4  5 284       
PG29 -25022.420477   2922.898275   8655.762739   -251.434712  2  5  3 285       
PG30  14385.734875  -8411.074537 -20519.454499    349.270671  5  6  4 286       
PG31    565.878554  17595.454311  19497.788176   -123.869226  6  7  3 293       
PG32 -18451.048824  16297.330805  10009.642511    246.118193  7  5  2 420       
*  2026  9  1  9  0  0.00000000
PG01  21186.800970  16068.280141  -1017.658787    182.925360  5  8  2 410       
PG02  18662.533031  16630.685232  -9475.175496    167.893493  8  6  4 403       
PG03  11564.924108  14539.924408  18807.439988    292.054350  4  2  2 427       
PG04  19248.547911   4137.639286  17942.608581     64.627068  4  5  3 284       
PG05  -6339.684816 -24281.011157  -8841.572010   -236.442207  7  8  6 283       
PG06   8923.032494 -11721.372315  22170.002472   -535.585235  4  4  3 282       
PG07  23385.602966   4759.673447 -11409.092110   -220.721079  7  5  4 278       
PG08  10476.865250  11967.247036 -21505.259606    358.529987  2  2  3 435       
PG09  23917.708580  -5919.046481   9920.201675    688.654326  4  8 10 285       
PG10 -11006.616722  17869.276509 -15784.793383   -541.193094  3  3  4 283       
PG11  -3556.050518 -18330.119788  18985.353386   -223.863096  6  5  4 283       
PG12 -10853.105436 -16339.535207  17619.766166   -603.044257  4  4  4 284       
PG13 -11443.984268 -17756.225155  16009.215440    436.513895 11 11  6 293       
PG14  13249.894781 -14733.457070 -17421.797986    750.053000  5  5  5 284       
PG15 -12107.463158 -10469.418312 -21761.950060    441.177373  7  7  3 284       
PG16    120.688221  26031.083241  -4337.641784    326.108778  6  6  5 290       
PG17  22968.220814 -13352.901900   3162.103235   -195.762978  3  5  4 285       
PG18 -22545.436751  -3182.860681 -13855.984651   -266.657427  7  6  5 283       
PG19  15372.711441 -16679.458479  13302.900973    704.916289  3  5  5 285       
PG20  -1009.202486 -16234.980024 -20938.739451    275.258303  7  7  6 286       
PG21   2689.324022 -26313.633504   2163.218033    372.060826  3  6  3 285       
PG22  10761.017616 -21304.812384 -11664.817865     71.152441  3  3  4 285       
PG23 -14125.909339   6404.530635 -21428.052596    684.853101  6  6  3 283       
PG24 -19962.886179 -16037.839454  -8264.217961    187.621633  6  8  6 285       
PG25 -15189.180982  -3639.020700  21112.861810    392.701255  3  3  2 287       
PG26  -4150.267563  24655.149626   8077.721518   -391.329323  6  3  5 283       
PG27  -2511.343724  17742.236412 -19838.091816      0.460917  3  3  5 291       
PG28 -11367.377259  10708.955324  21488.632845   -426.448815  6  5  4 283       
PG29 -24058.781870   2285.553205  11184.383698   -251.428126  3  5  3 284       
PG30  16303.151544  -7066.001514 -19604.008618    349.281803  5  6  3 286       
PG31  -1438.669654  16345.497868  20524.451080   -123.866760  6  6  3 293       
PG32 -19407.504542  16541.727481   7361.980054    246.135209  7  5  1 420       
*  2026  9  1  9 15  0.00000000
PG01  20813.433247  16129.335020  -3842.371591    182.917097  5  8  3 410       
PG02  17443.154590  16281.026931 -11930.187875    167.899596  7  6  5 403       
PG03  11449.007384  16621.984239  17102.967728    292.035807  4  2  2 427       
PG04  17425.409537   5234.530822  19442.233759     64.627306  4  5  3 283       
PG05  -6199.855499 -25122.470386  -6114.672355   -236.442389  7  7  7 281       
PG06  11052.763044 -10415.953020  21872.618219   -535.575742  4  5  3 281       
PG07  24345.674670   5576.203737  -8929.949254   -220.723983  7  5  4 275       
PG08   8444.071097  13295.431324 -21576.722472    358.520745  3  2  3 435       
PG09  22931.738576  -5067.136555  12379.562593    688.646478  5  8  9 284       
PG10 -11117.170450  15898.220523 -17698.841892   -541.186872  3  1  3 281       
PG11  -1611.871135 -17235.515993  20230.507561   -223.852313  6  3  3 282       
PG12 -10556.032860 -18288.073799  15821.937865   -603.043594  4  4  4 283       
PG13 -11330.546259 -19490.265648  13947.420195    436.518266 12 11  6 292       
PG14  13418.312061 -12617.322068 -18911.054591    750.052788  5  4  5 283       
PG15 -10300.306102 -12024.177387 -21890.778595    441.179807  7  7  3 283       
PG16   -194.782859  26300.946955  -1488.757654    326.114598  6  6  5 290       
PG17  23221.807215 -13208.934103    340.643567   -195.767375  3  4  3 283       
PG18 -23705.139303  -4069.270402 -11527.757026   -266.649527  7  6  5 282       
PG19  16764.124011 -17032.094882  10922.679485    704.916298  2  5  5 283       
PG20   1038.370766 -17397.603581 -19985.733161    275.266633  7  7  5 285       
PG21   2928.123334 -25901.445647   4990.444573    372.053753  4  6  3 284       
PG22  10837.474896 -19792.142038 -13943.370744     71.160306  3  3  4 283       
PG23 -14229.852349   3908.339814 -21976.704958    684.856336  6  6  3 282       
PG24 -18931.860055 -15876.533850 -10763.748455    187.637377  4  8  6 283       
PG25 -15215.790735  -6106.514338  20549.131948    392.698205  3  3  2 286       
PG26  -4618.305934  23582.674434  10598.638345   -391.330715  6  3  5 282       
PG27  -4413.219446  18733.378997 -18487.362603      0.460652  3  4  5 289       
PG28 -13473.055616   9515.691783  20824.905266   -426.439182  5  5  4 282       
PG29 -22882.250529   1478.310676  13522.006833   -251.421939  4  5  3 283       
PG30  18173.135441  -5877.081436 -18347.313634    349.292855  5  5  3 284       
PG31  -3584.688187  15147.876706  21186.458781   -123.864060  5  5  3 291       
PG32 -20087.211231  16679.197346   4587.376966    246.152146  6  5  1 420       
*  2026  9  1  9 30  0.00000000
PG01  20171.765581  16050.111462  -6601.324279    182.909057  5  8  4 410       
PG02  15954.357803  15902.508680 -14182.513870    167.906275  7  5  5 404       
PG03  11442.588638  18493.810488  15100.659812    292.017342  5  2  2 427       
PG04  15535.127936   6508.494868  20609.838233     64.627692  4  4  3 282       
PG05  -6070.725406 -25658.154361  -3282.884360   -236.442855  7  6  7 281       
PG06  13202.958319  -9258.560957  21201.753312   -535.566083  4  5  3 280       
PG07  25084.506035   6208.645747  -6296.432118   -220.726830  8  5  3 274       
PG08   6485.442531  14717.994180 -21283.271059    358.511590  3  3  4 435       
PG09  21774.291239  -4008.729805  14625.565415    688.638811  6  8  9 283       
PG10 -11349.124810  13734.680020 -19297.796400   -541.180468  2  1  2 281       
PG11    493.822624 -16186.484385  21130.109426   -223.841422  6  2  3 281       
PG12 -10361.169097 -20026.267871  13746.402444   -603.042834  5  4  3 282       
PG13 -11281.461775 -20981.108660  11644.230940    436.522640 12 11  7 291       
PG14  13696.227084 -10363.393358 -20068.897459    750.052660  5  3  5 282       
PG15  -8578.904753 -13665.721198 -21661.648196    441.182837  7  6  3 282       
PG16   -492.588562  26259.787822   1386.341837    326.120494  6  5  5 290       
PG17  23210.966678 -12914.137714  -2486.541040   -195.771864  4  4  3 282       
PG18 -24667.396247  -4764.492274  -9003.590316   -266.641474  8  6  6 281       
PG19  17887.207697 -17320.182402   8348.342220    704.916607  1  5  5 284       
PG20   2917.528055 -18591.979190 -18687.169374    275.275050  6  6  5 284       
PG21   3202.985593 -25187.076252   7731.582478    372.046827  4  5  3 283       
PG22  10987.823305 -18037.184578 -15980.990040     71.168322  3  2  4 283       
PG23 -14477.369824   1384.032030 -22143.416380    684.859641  7  6  4 281       
PG24 -17646.056534 -15673.933502 -13085.971817    187.653123  4  9  6 283       
PG25 -15355.744324  -8480.873811  19620.754983    392.695228  3  4  2 286       
PG26  -5181.379451  22259.192944  12930.918022   -391.332018  6  3  5 281       
PG27  -6128.782897  19724.668373 -16823.026436      0.460477  3  4  5 288       
PG28 -15551.586663   8474.534642  19803.074525   -426.429445  5  6  4 281       
PG29 -21530.804169    485.985710  15628.472821   -251.415412  4  5  2 282       
PG30  19951.100068  -4851.053473 -16772.175890    349.304050  5  5  2 284       
PG31  -5834.307969  14035.246297  21472.606166   -123.861375  5  4  2 289       
PG32 -20496.668681  16670.932520   1733.391020    246.169199  6  4  1 420       
*  2026  9  1  9 45  0.00000000
PG01  19253.993055  15867.391230  -9247.291725    182.900827  5  8  5 410       
PG02  14211.967204  15532.558250 -16192.334612    167.912506  7  5  4 404       
PG03  11516.192443  20119.109465  12835.987294    291.998845  5  2  2 427       
PG04  13624.150005   7948.869459  21425.063541     64.628009  3  4  3 281       
PG05  -5913.105167 -25881.400520   -394.671542   -236.443392  7  6  7 280       
PG06  15325.922449  -8263.718541  20169.226198   -535.556520  5  5  3 279       
PG07  25573.382953   6680.619870  -3554.934427   -220.729966  8  5  3 272       
PG08   4635.632337  16203.906138 -20628.380489    358.502389  3  3  4 435       
PG09  20487.366871  -2737.656196  16619.140471    688.631030  6  8  8 282       
PG10 -11721.702733  11425.273757 -20553.396431   -541.174107  2  1  2 280       
PG11   2725.964868 -15215.263680  21668.644291   -223.830599  6  2  2 280       
PG12 -10241.665425 -21520.235218  11430.170188   -603.042317  5  4  3 282       
PG13 -11263.836661 -22203.242835   9139.622663    436.526940 12 11  8 291       
PG14  14095.546793  -8017.040308 -20875.701622    750.052441  5  3  5 281       
PG15  -6973.177835 -15360.851438 -21078.081565    441.185505  6  6  3 281       
PG16   -809.698926  25906.005353   4236.829045    326.126388  5  4  5 290       
PG17  22955.915068 -12437.826099  -5271.452438   -195.775907  5  4  2 282       
PG18 -25396.874703  -5288.105476  -6326.658325   -266.633520  8  6  6 280       
PG19  18737.365865 -17503.715639   5625.378272    704.916644  1  5  5 283       
PG20   4602.249732 -19778.847069 -17065.625979    275.283430  6  5  5 283       
PG21   3548.998633 -24186.904053  10339.364864    372.039819  5  5  3 283       
PG22  11238.938571 -16072.820799 -17741.229689     71.176406  3  2  4 283       
PG23 -14866.101062  -1116.555634 -21926.191240    684.862915  7  6  4 280       
PG24 -16119.282679 -15466.137588 -15193.496590    187.668802  5  8  6 283       
PG25 -15592.886589 -10716.819980  18345.408913    392.692153  3  4  2 285       
PG26  -5862.740106  20716.390610  15032.927384   -391.333367  6  4  5 280       
PG27  -7638.330042  20675.924958 -14871.771771      0.461060  3  4  5 293       
PG28 -17555.725870   7592.278023  18440.762393   -426.419821  4  6  5 280       
PG29 -20046.158196   -698.966385  17467.464281   -251.408893  5  5  2 281       
PG30  21593.533511  -3986.635146 -14906.821835    349.315143  5  4  2 283       
PG31  -8144.562570  13033.875351  21378.579711   -123.858747  4  3  2 288       
PG32 -20650.740940  16481.444040  -1150.681803    246.186119  6  4  1 420       
*  2026  9  1 10  0  0.00000000
PG01  18060.777862  15619.729762 -11734.963505    182.892486  5  8  5 410       
PG02  12240.111188  15205.902104 -17923.458584    167.918807  7  4  4 404       
PG03  11635.061706  21469.231916  10348.843338    291.980234  6  2  2 427       
PG04  11737.296938   9536.789957  21873.492404     64.628213  3  3  3 279       
PG05  -5687.906823 -25794.688770   2500.324700   -236.443488  7  5  7 278       
PG06  17372.987818  -7437.479016  18792.942022   -535.546984  5  5  4 277       
PG07  25790.371196   7021.274297   -752.934802   -220.733016  9  5  3 268       
PG08   2923.732331  17716.868525 -19621.640128    358.493088  3  3  4 435       
PG09  19114.977577  -1256.218684  18325.483112    688.623209  7  8  8 280       
PG10 -12245.962493   9020.653022 -21443.733154   -541.167861  2  2  1 278       
PG11   5043.989701 -14348.106505  21836.710539   -223.819841  6  3  3 278       
PG12 -10165.743560 -22743.424776   8914.337288   -603.041831  5  3  3 278       
PG13 -11241.562556 -23139.250161   6477.021488    436.531353 12 10  8 290       
PG14  14620.557460  -5625.803022 -21318.146180    750.052198  5  3  5 279       
PG15  -5506.930834 -17071.946094 -20149.121750    441.188093  6  5  3 279       
PG16  -1182.379705  25247.275364   7011.858688    326.132374  5  3  5 287       
PG17  22483.571563 -11754.722105  -7966.362956   -195.779966  5  3  2 282       
PG18 -25864.138202  -5666.137812  -3542.543735   -266.625668  8  6  6 279       
PG19  19318.986774 -17544.261865   2802.148245    704.916349  2  5  4 279       
PG20   6074.416087 -20916.184044 -15149.263927    275.291712  5  5  4 281       
PG21   3997.647073 -22925.402917  12768.847013    372.032718  5  4  3 281       
PG22  11611.641042 -13938.125290 -19192.197499     71.184053  3  2  4 278       
PG23 -15385.174288  -3542.972621 -21329.732038    684.866070  7  6  5 278       
PG24 -14372.450491 -15286.793955 -17052.549346    187.684364  6  8  7 280       
PG25 -15904.270573 -12773.867340  16746.917106    392.689003  3  4  3 283       
PG26  -6679.539827  18991.826436  16867.250857   -391.334828  5  4  5 277       
PG27  -8929.866707  21545.146649 -12665.462436      0.460916  3  4  5 292       
PG28 -19438.841290   6867.486796  16761.432050   -426.410289  4  6  5 278       
PG29 -18472.216485  -2075.946904  19007.134585   -251.402530  5  4  1 279       
PG30  23059.576149  -3274.799332 -12784.336321    349.326151  5  4  2 280       
PG31 -10468.932964  12162.694449  20906.986087   -123.856212  5  3  3 286       
PG32 -20571.997726  16080.131115  -4014.665593    246.203070  6  4  2 420       
*  2026  9  1 10 15  0.00000000
PG01  16601.374490  15345.841843 -14021.708715    182.884225  5  7  6 410       
PG02  10070.580458  14953.091939 -19344.045668    167.925115  6  3  4 404       
PG03  11760.678032  22524.105605   7682.793795    291.961702  6  2  3 427       
PG04   9916.162480  11245.734115  21946.922317     64.628494  3  3  3 278       
PG05  -5357.853004 -25409.534335   5352.134759   -236.443435  6  5  6 276       
PG06  19296.232136  -6777.347799  17096.576103   -535.537320  5  5  4 275       
PG07  25721.062578   7263.891835   2061.826242   -220.736025  9  5  3 266       
PG08   1372.292480  19216.563110 -18278.702012    358.483865  3  4  4 436       
PG09  17701.464964    424.670198  19714.686200    688.615429  7  9  7 278       
PG10 -12924.256890   6573.625950 -21953.645689   -541.161528  3  4  2 277       
PG11   7403.184581 -13604.314805  21631.189966   -223.808961  6  3  3 277       
PG12 -10098.133761 -23677.486891   6243.292890   -603.041128  5  3  3 277       
PG13 -11176.884252 -23780.344262   3702.535038    436.535780 12  9  9 289       
PG14  15267.702901  -3237.703868 -21389.402345    750.052098  5  2  5 277       
PG15  -4197.126268 -18758.199493 -18889.239275    441.190842  5  5  3 277       
PG16  -1644.499446  24300.344600   9661.567654    326.138340  4  2  5 285       
PG17  21826.512856 -10846.160549 -10524.618769   -195.784196  6  3  1 280       
PG18 -26046.750177  -5929.867063   -698.486721   -266.617638  9  6  5 278       
PG19  19645.118393 -17406.661843    -71.054941    704.916641  3  5  3 278       
PG20   7324.300305 -21960.821827 -12971.325722    275.300047  5  4  4 279       
PG21   4575.399935 -21434.251102  14978.184739    372.025698  5  3  4 279       
PG22  12119.687472 -11677.042336 -20307.212726     71.192059  4  2  4 277       
PG23 -16015.653921  -5847.907741 -20365.291705    684.869340  8  6  5 277       
PG24 -12432.929732 -15165.799786 -18633.396079    187.700012  6  8  7 279       
PG25 -16261.186300 -14617.693119  14854.705522    392.685957  3  4  3 282       
PG26  -7641.941827  17127.513897  18401.422500   -391.336105  5  4  5 276       
PG27  -9999.455198  22290.125992 -10240.710547      0.460784  4  4  5 289       
PG28 -21156.580476   6290.707095  14793.983767   -426.400637  4  6  6 277       
PG29 -16853.445136  -3636.023022  20220.668554   -251.395986  5  4  1 278       
PG30  24312.490908  -2699.356054 -10442.027385    349.337251  5  3  2 279       
PG31 -12759.031680  11432.665750  20067.235235   -123.853570  4  4  3 285       
PG32 -20289.751694  15442.684136  -6808.403594    246.220117  5  4  2 420       
*  2026  9  1 10 30  0.00000000
PG01  14893.435229  15082.990164 -16068.297393    182.875967  5  7  6 410       
PG02   7741.879221  14799.173514 -20427.289465    167.931368  5  3  4 404       
PG03  11852.425352  23272.834197   4884.275552    291.943110  6  2  3 427       
PG04   8197.637689  13042.370902  21643.539166     64.628786  3  3  3 279       
PG05  -4889.131170 -24746.040992   8111.330721   -236.443511  6  4  6 277       
PG06  21050.172544  -6272.535490  15109.167974   -535.527786  6  5  3 275       
PG07  25359.034894   7444.383348   4842.122195   -220.739143  9  4  4 266       
PG08     -3.418854  20660.086252 -16621.126439    358.474582  3  4  4 436       
PG09  16289.810698   2285.689541  20762.291454    688.607605  7  9  6 279       
PG10 -13750.067435   4137.209057 -22074.967870   -541.155196  4  4  2 277       
PG11   9756.207753 -12995.550889  21055.316490   -223.798186  6  4  4 278       
PG12 -10001.646172 -24312.820099   3463.879938   -603.040529  4  2  3 277       
PG13 -11032.035602 -24126.581507    864.138971    436.540169 12  9  9 288       
PG14  16025.688831   -899.558092 -21089.194843    750.051817  6  3  5 278       
PG15  -3053.393519 -20376.990062 -17318.178852    441.193642  4  5  3 277       
PG16  -2225.915518  23090.455408  12138.082803    326.144346  4  2  5 284       
PG17  21021.706073  -9701.062846 -12901.456644   -195.788535  6  3  1 280       
PG18 -25930.124321  -6114.433780   2157.382935   -266.609687  9  5  5 279       
PG19  19736.788665 -17060.608998  -2942.994199    704.916722  4  5  3 279       
PG20   8350.733329 -22870.120739 -10569.545806    275.308411  5  4  4 280       
PG21   5302.498525 -19751.174022  16929.356827    372.018609  5  3  4 280       
PG22  12769.041900  -9336.856653 -21065.383427     71.200154  4  2  3 277       
PG23 -16731.311120  -7988.804708 -19050.412402    684.872567  8  6  5 277       
PG24 -10333.691313 -15128.153286 -19910.710246    187.715655  5  8  7 278       
PG25 -16630.421462 -16221.243048  12703.162501    392.682831  4  4  3 282       
PG26  -8752.531315  15168.330417  19608.547547   -391.337515  4  4  4 276       
PG27 -10851.256470  22870.120366  -7638.345289      0.460739  4  4  5 290       
PG28 -22668.459470   5844.994069  12572.258243   -426.391055  5  6  6 277       
PG29 -15233.230431  -5362.059701  21086.764670   -251.389753  4  3  1 279       
PG30  25320.971129  -2237.810296  -7920.732681    349.348318  5  3  2 279       
PG31 -14966.354047  10846.495663  18875.285557   -123.850894  4  4  4 283       
PG32 -19838.825457  14552.260134  -9482.680412    246.237105  5  4  2 420       
*  2026  9  1 10 45  0.00000000
PG01  12962.502414  14865.438480 -17839.566990    182.867711  5  6  6 410       
PG02   5297.994591  14762.556973 -21152.037955    167.937531  3  2  4 404       
PG03  11869.328768  23713.944188   2001.759887    291.924571  5  3  3 427       
PG04   6612.618817  14887.683825  20967.985784     64.629043  3  2  2 279       
PG05  -4252.926383 -23832.128386  10729.900871   -236.444257  5  4  6 276       
PG06  22593.374480  -5904.531306  12864.632712   -535.518202  6  5  3 275       
PG07  24706.021052   7599.727763   7541.961015   -220.742206  9  4  4 266       
PG08  -1195.879840  22003.517904 -14676.119460    358.465356  3  4  4 436       
PG09  14920.006455   4299.644473  21449.747752    688.599827  6  9  4 278       
PG10 -14708.217534   1762.689784 -21806.622683   -541.148918  5  4  2 276       
PG11  12054.713931 -12525.450899  20118.641091   -223.787278  6  5  5 277       
PG12  -9838.809149 -24648.778171    624.529440   -603.039840  4  2  3 277       
PG13 -10770.878832 -24186.738419  -1989.164867    436.544539 13  8 10 287       
PG14  16875.905106   1344.649401 -20423.739821    750.051606  5  2  5 278       
PG15  -2077.796739 -21885.333771 -15460.742918    441.196370  3  5  3 277       
PG16  -2951.013722  21650.418068  14396.508398    326.150231  4  2  4 284       
PG17  20109.063423  -8316.639136 -15054.819860   -195.792568  6  3  1 282       
PG18 -25508.092653  -6257.317864   4976.819972   -266.601728  9  5  5 279       
PG19  19622.000730 -16482.036329  -5762.499025    704.916596  5  5  2 278       
PG20   9160.935918 -23603.633243  -7985.484104    275.316771  5  4  3 279       
PG21   6191.992233 -17918.565743  18588.818991    372.011616  5  2  4 279       
PG22  13557.462900  -6966.516552 -21452.085434     71.207857  4  2  3 276       
PG23 -17499.683114  -9929.280412 -17408.559868    684.875835  8  5  5 277       
PG24  -8112.270473 -15192.990418 -20863.889391    187.731250  5  7  7 278       
PG25 -16975.696070 -17565.535322  10330.921653    392.679717  4  4  4 281       
PG26 -10006.050952  13160.324979  20467.798247   -391.338848  4  3  4 275       
PG27 -11497.257238  23247.510974  -4902.779044      0.460973  4  4  6 293       
PG28 -23939.313264   5506.735722  10134.456001   -426.381453  6  5  6 277       
PG29 -13652.283379  -7229.172383  21590.029270   -251.383075  4  2  1 278       
PG30  26060.238909  -1862.457162  -5264.082733    349.359436  5  3  2 278       
PG31 -17044.023001  10398.696439  17353.262604   -123.848399  5  4  5 284       
PG32 -19258.094785  13400.377239 -11990.147557    246.254075  5  3  3 420       
*  2026  9  1 11  0  0.00000000
PG01  10841.205550  14723.028733 -19305.022996    182.858953  5  6  6 410       
PG02   2786.923114  14854.142876 -21503.331397    167.943584  1  2  4 404       
PG03  11771.799184  23855.275986   -915.102342    291.905657  5  4  3 427       
PG04   5184.948700  16738.328652  19931.321776     64.629041  3  2  2 298       
PG05  -3426.769731 -22702.460336  13162.112121   -236.444953  5  4  6 297       
PG06  23889.916352  -5647.974181  10401.197113   -535.509012  6  5  3 296       
PG07  23771.793070   7766.416144  10117.245389   -220.745594  9  4  4 293       
PG08  -2205.480780  23203.568311 -12476.159032    358.455766  3  4  4 436       
PG09  13627.548128   6432.315689  21764.765989    688.591731  6  9  2 298       
PG10 -15775.451198   -502.218265 -21154.566652   -541.142889  5  5  3 297       
PG11  14251.027956 -12189.556320  18836.892187   -223.776796  7  5  6 297       
PG12  -9573.507292 -24693.535641  -2225.612984   -603.039255  3  2  3 298       
PG13 -10360.482427 -23977.862050  -4808.202981    436.548168 13  6 10 313       
PG14  17793.144733   3455.258379 -19405.565135    750.051093  6  3  4 297       
PG15  -1264.872482 -23241.377652 -13346.508572    441.198559  4  5  3 297       
PG16  -3837.470731  20019.366159  16395.863761    326.155914  5  4  4 300       
PG17  19129.870599  -6698.781867 -16946.156909   -195.797418  6  2  1 298       
PG18 -24783.172144  -6396.735431   7712.234161   -266.594116  8  4  5 298       
PG19  19334.448130 -15654.249451  -8479.471622    704.916447  6  5  2 298       
PG20   9770.026341 -24124.692304  -5263.795313    275.324722  5  5  3 297       
PG21   7249.060109 -15981.942854  19928.078169    372.004292  4  2  4 298       
PG22  14474.431930  -4614.875730 -21459.326166     71.215531  5  2  3 297       
PG23 -18283.376272 -11640.295037 -15468.663806    684.878717  8  5  5 297       
PG24  -5809.583118 -15372.835157 -21477.321756    187.746464  4  7  6 297       
PG25 -17259.207934 -18640.138698   7780.088754    392.676278  4  4  4 298       
PG26 -11389.471012  11148.997507  20964.773355   -391.340403  4  3  4 297       
PG27 -11956.683786  23389.383260  -2081.275949      0.461380  5  4  6 304       
PG28 -24940.552428   5246.740373   7522.482585   -426.372138  7  5  6 297       
PG29 -12147.152226  -9205.486340  21721.274210   -251.376956  3  2  1 298       
PG30  26512.896026  -1541.667761  -2517.735638    349.370269  5  4  2 297       
PG31 -18948.456205  10075.987252  15528.965650   -123.846046  5  5  5 299       
PG32 -18588.865460  11987.485335 -14286.230872    246.270740  5  3  3 420       
*  2026  9  1 11 15  0.00000000
PG01   8568.192545  14679.936971 -20439.363814    182.851129  4  6  6 410       
PG02    259.006348  15076.750116 -21472.836132    167.950213  2  3  4 404       
PG03  11523.315682  23713.529095  -3816.337704    291.887397  4  5  3 427       
PG04   3930.633777  18548.175847  18550.872571     64.629665  4  1  1 278       
PG05  -2395.645764 -21397.113715  15365.343017   -236.444666  5  4  6 276       
PG06  24910.656416  -5471.788110   7760.768974   -535.499123  7  5  2 274       
PG07  22573.775372   7978.953174  12526.370950   -220.748222  9  4  4 265       
PG08  -3040.376840  24219.239417 -10058.509165    358.446870  3  4  5 436       
PG09  12442.114672   8643.593125  21701.562019    688.584297  6  9  2 278       
PG10 -16921.347666  -2615.051773 -20131.590943   -541.136294  6  5  3 275       
PG11  16299.803871 -11975.567328  17231.732163   -223.765651  7  4  6 276       
PG12  -9172.553917 -24463.623800  -5037.550690   -603.038203  2  2  4 278       
PG13  -9772.575591 -23524.512811  -7544.481869    436.553034 13  5 10 291       
PG14  18746.586959   5398.242693 -18053.221214    750.051226  6  3  4 277       
PG15   -601.941144 -24405.884999 -11009.474315    441.201674  5  5  4 276       
PG16  -4895.299234  18241.246946  18099.942303    326.162070  6  4  4 285       
PG17  18125.148370  -4862.125596 -18541.184786   -195.801607  6  2  1 278       
PG18 -23766.521283  -6570.014749  10317.447738   -266.585835  8  4  4 277       
PG19  18912.008172 -14568.756442 -11045.861503    704.916895  6  4  2 278       
PG20  10200.224813 -24401.862788  -2451.447562    275.333408  5  5  2 278       
PG21   8470.644756 -13988.290655  20924.177602    371.997601  4  3  5 279       
PG22  15501.433040  -2328.925668 -21085.978732     71.223817  5  2  2 277       
PG23 -19041.559621 -13101.033744 -13264.575757    684.882278  8  5  5 276       
PG24  -3468.632110 -15673.085874 -21740.603384    187.762392  4  6  6 277       
PG25 -17443.223738 -19443.315208   5095.433034    392.673490  4  3  4 281       
PG26 -12882.388670   9177.623842  21091.715465   -391.341362  4  3  4 276       
PG27 -12255.117585  23268.960992    776.868000      0.461638  5  4  6 293       
PG28 -25651.177964   5031.545082   4781.230628   -426.362241  7  5  6 276       
PG29 -10748.900821 -11253.176601  21477.710756   -251.370149  3  1  1 277       
PG30  26669.499855  -1241.313373    271.402919    349.381740  5  4  3 277       
PG31 -20640.889749   9858.010935  13435.278642   -123.843219  5  4  6 282       
PG32 -17873.150032  10323.183359 -16329.997620    246.288067  5  2  4 420       
*  2026  9  1 11 30  0.00000000
PG01   6186.834381  14753.656299 -21222.920920    182.842727  4  5  6 410       
PG02  -2234.860943  15424.880715 -21059.153925    167.956256  3  3  4 404       
PG03  11091.981684  23313.484325  -6652.494624    291.868683  4  5  3 427       
PG04   2857.368795  20269.980126  16849.967505     64.629834  4  2  1 293       
PG05  -1152.811213 -19960.038626  17300.869820   -236.444903  5  4  6 292       
PG06  25634.255353  -5340.538837   4988.248483   -535.489684  7  4  2 290       
PG07  21136.409256   8268.464189  14730.762908   -220.751423  9  4  4 287       
PG08  -3716.026612  25013.434526  -7464.624618    358.437489  4  4  5 436       
PG09  11386.485040  10888.850929  21260.981323    688.576390  5  9  4 292       
PG10 -18109.528167  -4540.039739 -18756.989956   -541.130117  6  5  3 292       
PG11  18159.606824 -11863.909613  15330.412284   -223.754969  7  4  6 291       
PG12  -8607.137220 -23983.161832  -7763.273925   -603.037969  1  3  4 293       
PG13  -8984.822653 -22857.731049 -10151.021635    436.556972 12  4 10 310       
PG14  19701.002058   7146.287554 -16390.892453    750.050890  6  3  4 292       
PG15    -69.688097 -25343.662058  -8487.633117    441.204347  6  5  3 292       
PG16  -6126.222517  16363.112815  19478.065218    326.167819  6  5  4 297       
PG17  17134.012221  -2829.760481 -19810.597330   -195.805735  6  3  1 294       
PG18 -22477.588611  -6812.010428  12748.430630   -266.578006  7  4  4 292       
PG19  18395.081517 -13225.759942 -13416.583394    704.917092  6  4  1 293       
PG20  10479.787493 -24410.199782    403.095211    275.341625  5  5  3 292       
PG21   9845.412856 -11984.365511  21560.084827    371.990475  3  3  5 293       
PG22  16612.578500   -152.093253 -20337.874921     71.231701  5  2  2 292       
PG23 -19731.589438 -14299.471397 -10834.456483    684.885424  8  4  5 291       
PG24  -1133.143114 -16091.754315 -21648.705148    187.777844  3  6  5 292       
PG25 -17491.651488 -19981.831998   2323.561928    392.670252  5  3  5 294       
PG26 -14457.735819   7285.696575  20847.585196   -391.342777  5  2  4 292       
PG27 -12423.341600  22866.829085   3621.219760      0.461151  4  4  6 300       
PG28 -26058.515639   4824.893928   1957.810875   -426.352760  8  5  6 292       
PG29  -9482.005024 -13329.751113  20863.033977   -251.363853  3  1  1 292       
PG30  26528.847464   -926.271822   3055.961564    349.392733  6  4  4 292       
PG31 -22088.700880   9718.330038  11109.503309   -123.840683  6  5  6 294       
PG32 -17151.916573   8426.068762 -18084.961066    246.304937  5  2  4 420       
*  2026  9  1 11 45  0.00000000
PG01   3743.751198  14954.246692 -21642.006563    182.834835  5  5  5 410       
PG02  -4645.076973  15884.842553 -20267.988797    167.962875  5  4  5 404       
PG03  10451.897226  22686.937522  -9375.461859    291.850337  3  5  3 427       
PG04   1964.389683  21857.113623  14857.568813     64.630326  5  2  1 272       
PG05    299.711536 -18437.370067  18934.588468   -236.445268  5  4  6 270       
PG06  26047.916827  -5215.960978   2130.791395   -535.479851  7  4  1 267       
PG07  19490.296428   8661.449852  16695.353150   -220.754404  9  4  4 255       
PG08  -4254.428501  25554.448951  -4739.452368    358.428465  4  4  5 436       
PG09  10475.737244  13120.510644  20450.501526    688.568841  5  9  6 272       
PG10 -19299.099557  -6249.257188 -17056.111265   -541.123562  6  5  3 269       
PG11  19794.357482 -11828.594299  13165.329945   -223.743938  7  4  7 270       
PG12  -7854.086239 -23282.818789 -10356.558316   -603.036590  2  3  4 272       
PG13  -7981.868252 -22013.769167 -12583.157217    436.561919 13  4 11 286       
PG14  20618.127777   8679.597676 -14447.920382    750.050951  6  3  3 271       
PG15    356.998480 -26024.875385  -5822.469127    441.207066  6  5  3 270       
PG16  -7523.409170  14433.290442  20505.706776    326.174082  7  6  4 280       
PG17  16192.097754   -632.601208 -20730.698439   -195.809649  5  3  1 277       
PG18 -20943.465731  -7153.613589  14964.004613   -266.569808  6  3  5 271       
PG19  17824.852204 -11634.293192 -15550.356026    704.917535  6  3  2 273       
PG20  10641.713231 -24132.265520   3250.712376    275.350197  5  5  3 273       
PG21  11354.043925 -10015.018611  21824.976528    371.983705  3  3  5 273       
PG22  17775.558771   1877.322822 -19227.749661     71.239654  5  1  2 270       
PG23 -20310.701987 -15232.604177  -8220.105142    684.888943  8  4  5 270       
PG24   1153.828372 -16619.467214 -21202.087834    187.793668  3  6  5 272       
PG25 -17371.533684 -20270.459531   -487.903532    392.667376  5  3  5 277       
PG26 -16082.761455   5507.545089  20237.995774   -391.343791  5  2  4 270       
PG27 -12495.959648  22171.886534   6401.161157      0.461008  4  4  6 286       
PG28 -26158.641808   4589.328438   -899.254788   -426.342930  8  5  6 270       
PG29  -8363.511437 -15389.529755  19887.393694   -251.357414  3  1  1 272       
PG30  26097.962028   -561.958522   5788.875473    349.404112  6  4  5 272       
PG31 -23266.482466   9625.655654   8592.632633   -123.837850  7  5  6 275       
PG32 -16463.384052   6323.221004 -19519.801356    246.322174  5  2  4 420       
*  2026  9  1 12  0  0.00000000
PG01   1287.214723  15283.881526 -21689.162515    182.826132  5  5  5 410       
PG02  -6925.154285  16435.234836 -19112.156953    167.968767  5  5  6 404       
PG03   9584.297862  21871.389103 -11939.249217    291.831482  3  5  3 427       
PG04   1242.662438  23265.295656  12607.795630     64.630320  5  3  1 291       
PG05   1950.989766 -16875.658166  20237.656174   -236.445175  5  5  6 290       
PG06  26147.818330  -5058.598393   -762.965692   -535.470643  7  4  1 287       
PG07  17671.154223   9178.724215  18389.000818   -220.757821  8  4  4 284       
PG08  -4683.080465  25817.276726  -1930.640071    358.418890  4  4  6 436       
PG09   9716.762283  15289.731444  19284.111460    688.560888  5  9  7 290       
PG10 -20446.271283  -7723.450758 -15059.803039   -541.117576  6  5  4 288       
PG11  21174.583229 -11838.339106  10773.493962   -223.733470  8  4  7 289       
PG12  -6896.911213 -22398.551123 -12773.712369   -603.036173  4  4  4 290       
PG13  -6756.113417 -21032.639681 -14799.293893    436.565857 13  6 11 305       
PG14  21458.162069   9986.410648 -12258.250678    750.050466  6  3  3 289       
PG15    707.955331 -26426.209914  -3058.376689    441.209616  7  5  4 289       
PG16  -9071.580680  12499.510613  21164.973083    326.179618  7  6  4 295       
PG17  15330.119389   1691.571753 -21283.940266   -195.814141  5  4  1 290       
PG18 -19197.967464  -7620.412486  16926.507728   -266.562123  5  3  5 290       
PG19  17241.544463  -9811.998495 -17410.443115    704.917235  5  3  2 289       
PG20  10722.274783 -23558.866227   6042.472361    275.358189  5  5  2 289       
PG21  12969.836153  -8121.605238  21714.416037    371.976455  4  4  5 290       
PG22  18952.879601   3727.508183 -17775.034150     71.247405  6  2  2 288       
PG23 -20737.710250 -15906.344406  -5466.242461    684.891906  8  4  5 289       
PG24   3351.275698 -17239.733794 -20406.762138    187.808988  3  6  4 289       
PG25 -17054.406297 -20331.184594  -3291.137774    392.663938  5  2  5 291       
PG26 -17720.243403   3871.188403  19275.015605   -391.345314  5  2  5 288       
PG27 -12509.843449  21181.980648   9066.876050      0.460555  4  4  6 299       
PG28 -25956.484497   4287.828129  -3740.864610   -426.333595  8  5  6 293       
PG29  -7402.492917 -17385.263436  18567.250034   -251.351120  4  2  2 290       
PG30  25391.786314   -115.825242   8424.138599    349.414977  7  4  5 289       
PG31 -24156.833574   9545.254758   5928.582538   -123.835562  8  5  6 292       
PG32 -15841.437821   4049.337536 -20608.983478    246.338896  5  2  4 420       
*  2026  9  1 12 15  0.00000000
PG01  -1134.513060  15736.709539 -21363.304805    182.818339  5  5  5 411       
PG02  -9033.434708  17047.783486 -17611.430447    167.975412  6  5  6 404       
PG03   8478.420370  20908.541521 -14300.720320    291.813208  3  5  3 427       
PG04    675.402530  24454.251163  10139.349442     64.630900  5  3  1 271       
PG05   3781.393717 -15320.088265  21187.037805   -236.445284  5  4  5 270       
PG06  25939.215740  -4829.496304  -3643.706973   -535.460771  7  3  1 263       
PG07  15718.618818   9834.565306  19784.859764   -220.760508  8  3  4 245       
PG08  -5033.701887  25784.674045    912.334227    358.410025  4  3  6 436       
PG09   9108.112868  17348.160600  17782.068234    688.553418  5  9  8 268       
PG10 -21506.077012  -8952.511463 -12803.776448   -541.110982  6  4  3 265       
PG11  22278.427231 -11857.908481   8195.905401   -223.722366  8  4  6 267       
PG12  -5726.582816 -21370.167424 -14974.264609   -603.035252  4  3  4 269       
PG13  -5308.193379 -19956.536226 -16761.604950    436.570733 12  8 11 282       
PG14  22181.313694  11063.201572  -9859.816473    750.050546  6  4  3 268       
PG15   1016.469200 -26531.820304   -242.002301    441.212650  7  4  3 267       
PG16 -10747.486085  10607.083215  21444.922050    326.185817  8  6  4 281       
PG17  14572.626492   4099.366369 -21459.347649   -195.818162  4  4  1 271       
PG18 -17280.471168  -8231.553040  18602.410439   -266.553834  4  3  5 268       
PG19  16682.750850  -7784.562758 -18965.282112    704.917580  5  3  2 269       
PG20  10759.432642 -22689.481280   8730.470343    275.366829  5  5  3 269       
PG21  14659.606032  -6340.540098  21230.421100    371.969789  4  3  5 269       
PG22  20103.334872   5374.221234 -16005.499911     71.255897  6  2  3 268       
PG23 -20974.641600 -16335.087092  -2619.759893    684.895417  7  3  4 267       
PG24   5421.561749 -17929.475333 -19274.289113    187.824919  4  5  4 268       
PG25 -16517.476148 -20192.175726  -6038.891732    392.661108  5  2  5 273       
PG26 -19329.875492   2397.462620  17976.849757   -391.346271  5  2  5 266       
PG27 -12502.472244  19904.186771  11570.347611      0.460142  4  5  6 282       
PG28 -25465.596016   3885.437182  -6518.178381   -426.323659  8  5  6 267       
PG29  -6599.823938 -19269.831179  16925.113875   -251.344336  5  1  2 268       
PG30  24432.598089    441.227943  10917.526801    349.426410  7  4  6 268       
PG31 -24750.842952   9440.476900   3163.398804   -123.832967  8  5  6 276       
PG32 -15314.233889   1645.556720 -21333.255889    246.356253  5  3  3 420       
*  2026  9  1 12 30  0.00000000
PG01  -3474.842325  16299.038938 -20669.760892    182.809784  6  6  5 411       
PG02 -10934.618522  17688.495607 -15792.211272    167.981552  7  4  6 404       
PG03   7132.066085  19842.662506 -16420.268730    291.794404  3  4  2 427       
PG04    238.906018  25389.231749   7494.849827     64.630900  5  3  1 287       
PG05   5763.162072 -13812.763177  21765.944210   -236.445655  6  4  5 286       
PG06  25436.216744  -4491.881424  -6462.254475   -535.451408  7  3  1 282       
PG07  13674.935371  10636.100778  20860.696065   -220.763582  7  3  4 278       
PG08  -5340.768416  25447.929000   3739.092938    358.400559  4  3  6 436       
PG09   8640.193066  19249.674602  15970.536538    688.545418  5  9  8 285       
PG10 -22434.130504  -9935.585199 -10327.901085   -541.104922  6  4  3 283       
PG11  23092.375258 -11849.621400   5476.863298   -223.711793  9  4  6 284       
PG12  -4342.025297 -20239.776613 -16921.583101   -603.034767  5  4  4 285       
PG13  -3647.139566 -18828.188764 -18436.660812    436.574711 12  9 11 301       
PG14  22749.351569  11914.576843  -7293.870427    750.050121  6  3  4 284       
PG15   1317.840416 -26334.032642   2578.487175    441.214979  6  4  3 284       
PG16 -12520.719755   8797.198648  21341.718656    326.191482  8  5  4 292       
PG17  13937.014205   6543.281902 -21252.812367   -195.822728  3  4  1 285       
PG18 -15234.555759  -8998.842194  19962.875120   -266.546093  4  2  5 285       
PG19  16181.900793  -5584.839596 -20188.990891    704.917271  5  2  2 284       
PG20  10791.193758 -21532.369042  11268.643666    275.374978  6  5  4 284       
PG21  16384.847184  -4702.053364  20381.421361    371.962582  5  3  5 285       
PG22  21183.652027   6801.565699 -13950.761199     71.263387  6  2  3 283       
PG23 -20988.256587 -16540.968228    271.053710    684.898372  7  3  4 284       
PG24   7331.638074 -18659.805466 -17821.715526    187.840295  4  5  4 284       
PG25 -15744.577861 -19886.545862  -8685.235893    392.657761  5  2  5 286       
PG26 -20869.770632   1099.451614  16367.413808   -391.347784  5  3  5 283       
PG27 -12510.237186  18354.713467  13866.338260      0.460075  4  5  6 293       
PG28 -24707.605982   3350.813755  -9183.454631   -426.314312  9  6  7 288       
PG29  -5948.286237 -20997.949120  14989.174829   -251.337961  5  2  2 285       
PG30  23249.171490   1133.577883  13227.283888    349.437334  8  4  6 284       
PG31 -25048.254766   9274.338746    344.454788   -123.830524  8  5  6 288       
PG32 -14903.052363   -841.983442 -21680.016933    246.373032  5  3  3 420       
*  2026  9  1 12 45  0.00000000
PG01  -5690.455823  16949.838065 -19620.197400    182.801928  6  6  6 411       
PG02 -12601.035310  18319.085052 -13687.039430    167.988297  8  4  6 404       
PG03   5551.843991  18718.875427 -18262.430224    291.776072  3  4  2 427       
PG04    -96.339376  26042.337918   4720.091664     64.631421  5  4  1 270       
PG05   7861.298887 -12391.117838  21964.152057   -236.445689  6  4  5 270       
PG06  24661.230339  -4012.766384  -9170.388429   -535.441559  7  2  2 260       
PG07  11583.575850  11582.944630  21599.158247   -220.766323  6  3  3 242       
PG08  -5639.920688  24807.299092   6499.328792    358.391585  4  3  6 436       
PG09   8295.780915  20952.041499  13881.117106    688.537882  6  9  9 266       
PG10 -23188.346588 -10680.826361  -7675.451201   -541.098351  6  4  3 262       
PG11  23611.670716 -11774.968411   2663.206345   -223.700726  9  5  6 265       
PG12  -2750.309510 -19050.178335 -18583.421957   -603.033898  5  4  3 267       
PG13  -1790.220353 -17689.216169 -19795.980340    436.579633 12 10 10 278       
PG14  23127.095151  12552.866293  -4604.277793    750.050138  6  4  4 266       
PG15   1647.834966 -25833.760264   5354.203527    441.218186  6  3  4 266       
PG16 -14354.842129   7105.429203  20858.626029    326.197697  8  5  4 280       
PG17  13432.836161   8973.400581 -20667.244010   -195.826436  3  4  1 271       
PG18 -13106.488222  -9926.128919  20984.250565   -266.537858  4  2  5 266       
PG19  15766.930142  -3251.700099 -21061.747062    704.917814  4  2  3 267       
PG20  10853.979092 -20104.346223  13613.551501    275.383592  6  5  5 267       
PG21  18103.103948  -3229.194235  19182.106825    371.955838  6  3  4 267       
PG22  22150.238246   8002.413568 -11647.648176     71.271743  6  2  4 265       
PG23 -20751.394166 -16552.845386   3157.296842    684.901879  6  3  4 265       
PG24   9054.120117 -19397.042109 -16071.437655    187.856179  5  5  4 265       
PG25 -14726.880939 -19450.962033 -11186.257651    392.654873  5  2  5 270       
PG26 -22298.017443    -17.764096  14475.815238   -391.348823  5  2  5 263       
PG27 -12566.786426  16558.430741  15913.323809      0.460994  5  5  6 294       
PG28 -23711.375765   2657.641395 -11690.869287   -426.304391  9  5  7 265       
PG29  -5433.001994 -22527.824087  12792.821948   -251.331577  5  2  2 267       
PG30  21875.716539   1979.785620  15314.763620    349.448719  8  3  7 265       
PG31 -25057.318128   9011.105180  -2480.346148   -123.827820  8  5  5 274       
PG32 -14621.449057  -3363.789810 -21643.540313    246.390269  4  4  3 420       
*  2026  9  1 13  0  0.00000000
PG01  -7742.786136  17661.534684 -18232.438307    182.793420  6  6  6 411       
PG02 -14013.595402  18898.606077 -11333.945624    167.994261  8  5  6 404       
PG03   3753.087152  17581.439537 -19796.425264    291.757260  2  4  2 427       
PG04   -364.306777  26393.588456   1863.237164     64.631473  5  4  2 283       
PG05  10034.767105 -11086.531256  21778.197556   -236.446134  7  4  5 282       
PG06  23644.111583  -3364.416992 -11721.658502   -535.432180  7  2  4 277       
PG07   9487.826459  12667.094505  21988.001870   -220.769494  5  3  3 272       
PG08  -5966.315300  23872.092502   9143.789496    358.382147  4  3  6 436       
PG09   8050.862220  22418.438149  11550.273837    688.529878  5  8  9 280       
PG10 -23730.562072 -11204.813502  -4892.319740   -541.092282  6  4  3 278       
PG11  23840.400301 -11596.274536   -196.496683   -223.690108  9  5  5 279       
PG12   -966.542677 -17843.254592 -19932.391060   -603.033217  5  4  3 280       
PG13    237.532718 -16578.538848 -20816.496588    436.583651 12 10 10 296       
PG14  23283.791548  12997.433518  -1836.782196    750.049746  6  3  4 280       
PG15   2041.082727 -25040.606305   8036.393191    441.220614  6  3  4 279       
PG16 -16208.749563   5560.492474  20005.838857    326.203172  8  4  4 290       
PG17  13061.453301  11339.197831 -19712.568540   -195.830815  4  4  1 282       
PG18 -10943.611280 -11008.988393  21648.493351   -266.530036  5  2  5 280       
PG19  15459.201426   -828.664324 -21570.038879    704.917848  4  3  3 281       
PG20  10981.063165 -18430.250045  15725.106166    275.391792  7  6  5 280       
PG21  19769.507121  -1937.119131  17653.170273    371.948686  7  3  4 280       
PG22  22960.950699   8978.461279  -9137.467781     71.279462  6  3  4 279       
PG23 -20244.095512 -16405.040354   5990.241017    684.904909  6  4  3 279       
PG24  10568.178514 -20103.923841 -14050.986651    187.871624  5  5  4 279       
PG25 -13463.327145 -18924.155063 -13500.707363    392.651545  5  2  5 281       
PG26 -23574.228213   -957.038863  12335.758452   -391.350294  4  3  5 279       
PG27 -12701.486507  14548.037302  17674.353812      0.460633  5  5  6 290       
PG28 -22511.887011   1785.847297 -13997.301823   -426.295005  9  5  8 283       
PG29  -5032.178329 -23822.685891  10374.064801   -251.325086  4  2  2 280       
PG30  20350.635925   2991.723735  17145.021519    349.459634  8  3  7 279       
PG31 -24794.333324   8617.808099  -5263.351444   -123.825530  8  5  5 288       
PG32 -14474.740527  -5868.791932 -21225.055264    246.407061  4  4  3 420       
*  2026  9  1 13 15  0.00000000
PG01  -9599.312922  18401.084276 -16530.175325    182.785433  6  6  6 411       
PG02 -15162.376248  19385.220370  -8775.666092    168.000690  8  5  6 405       
PG03   1759.447442  16472.082143 -20996.626789    291.738926  1  4  2 428       
PG04   -601.899963  26431.692668  -1026.041976     64.631969  6  5  2 270       
PG05  12237.931015  -9923.192460  21211.439549   -236.445929  7  4  4 270       
PG06  22421.032170  -2525.625410 -14072.173131   -535.422366  6  3  4 259       
PG07   7429.386988  13873.092685  22020.268889   -220.772218  5  3  4 244       
PG08  -6352.990410  22660.385295  11625.251347    358.373162  4  3  6 436       
PG09   7875.740906  23618.762088   9018.671394    688.522289  5  8  9 264       
PG10 -24027.997736 -11531.657980  -2026.215828   -541.085791  6  4  3 259       
PG11  23791.245497 -11278.342206  -3052.793577   -223.679057  8  5  5 264       
PG12    986.537790 -16658.420116 -20946.346545   -603.032333  5  5  3 264       
PG13   2404.094825 -15530.911273 -21480.930737    436.588546 12 11 10 275       
PG14  23194.330166  13273.733727    961.744740    750.049746  6  2  5 265       
PG15   2529.485459 -23972.636696  10577.336012    441.223661  5  3  4 265       
PG16 -18038.229328   4183.324517  18800.170939    326.209282  8  4  5 283       
PG17  12816.037701  13591.393576 -18405.570473   -195.835075  5  4  1 269       
PG18  -8792.690117 -12234.724515  21943.508125   -266.521760  5  3  5 266       
PG19  15272.712061   1637.627348 -21706.790434    704.918177  3  3  3 265       
PG20  11201.145567 -16542.104418  17567.244626    275.400405  7  6  5 266       
PG21  21338.413115   -832.690706  15820.948287    371.941940  7  3  4 265       
PG22  23576.813331   9739.919296  -6465.172931     71.287598  6  3  3 264       
PG23 -19454.466803 -16135.891332   8722.107416    684.908471  5  4  2 264       
PG24  11860.210137 -20740.995426 -11792.728611    187.887477  5  5  4 263       
PG25 -11960.787964 -18345.383413 -15590.589209    392.648660  4  3  4 269       
PG26 -24661.018643  -1728.785140   9984.889689   -391.351344  4  3  5 263       
PG27 -12938.071056  12362.900961  19117.812070      0.460419  5  4  5 278       
PG28 -21148.906960    722.579552 -16063.075467   -426.285099  9  5  8 263       
PG29  -4718.134059 -24852.136753   7774.865071   -251.318196  3  2  2 265       
PG30  18715.143739   4173.954067  18687.351005    349.470953  8  3  7 264       
PG31 -24282.917889   8065.648388  -7957.913235   -123.822530  9  5  4 274       
PG32 -14459.842382  -8306.177786 -20432.681617    246.424286  4  4  4 420       
*  2026  9  1 13 30  0.00000000
PG01 -11234.629900  19131.266952 -14542.574172    182.776938  7  7  6 411       
PG02 -16046.816466  19738.015274  -6058.743170    168.006573  9  5  7 405       
PG03   -397.815565  15428.442179 -21842.949371    291.720135  1  4  2 428       
PG04   -847.302199  26154.493121  -3897.455432     64.632025  6  5  3 281       
PG05  14422.189447  -8917.266375  20273.990629   -236.446308  7  4  4 281       
PG06  21033.117922  -1482.738947 -16181.354014   -535.413012  6  3  5 274       
PG07   5447.024308  15178.447451  21694.420777   -220.775357  4  4  4 270       
PG08  -6829.318805  21198.383910  13899.455496    358.363701  3  3  6 436       
PG09   7736.379932  24530.686277   6330.437055    688.514258  5  7 10 278       
PG10 -24054.510596 -11691.846589    874.140224   -541.079749  5  4  3 275       
PG11  23484.908444 -10790.008546  -5856.217025   -223.668481  8  5  4 277       
PG12   3079.249256 -15531.185669 -21608.700585   -603.031521  4  5  3 278       
PG13   4671.484535 -14575.629327 -21778.069484    436.592486 12 11 10 291       
PG14  22840.252337  13412.156702   3744.059510    750.049315  5  2  5 277       
PG15   3140.701811 -22655.820349  12931.268524    441.226026  5  3  4 277       
PG16 -19797.629426   2986.494379  17264.612864    326.214988  8  3  5 289       
PG17  12681.933670  15683.763976 -16769.580088   -195.839308  6  3  1 281       
PG18  -6698.278414 -13582.694716  21863.399246   -266.513972  5  3  5 279       
PG19  15213.614449   4099.039861 -21471.366901    704.918187  3  3  3 278       
PG20  11537.109062 -14478.022384  19108.529900    275.408501  7  6  6 277       
PG21  22765.083880     85.598103  13716.967133    371.934725  7  4  4 277       
PG22  23963.605884  10304.852471  -3678.463382     71.295430  5  3  4 276       
PG23 -18379.250672 -15786.168256  11306.825068    684.911562  4  4  1 277       
PG24  12924.257721 -21268.119231  -9333.473223    187.902902  5  5  4 275       
PG25 -10233.941254 -17752.904914 -17421.694296    392.645328  4  3  4 278       
PG26 -25525.364727  -2350.311233   7464.097644   -391.352873  4  3  5 277       
PG27 -13293.539135  10047.622683  20218.054635      0.460456  5  4  5 288       
PG28 -19665.482053   -537.095160 -17852.638844   -426.275698  8  5  8 277       
PG29  -4458.567756 -25593.263311   5040.391081   -251.312260  2  2  2 278       
PG30  17011.795045   5523.377632  19915.758823    349.481820  7  3  7 276       
PG31 -23553.024292   7331.232437 -10519.106904   -123.820478  9  5  5 288       
PG32 -14565.464598 -10627.210342 -19281.224261    246.441024  3  4  4 420       
*  2026  9  1 13 45  0.00000000
PG01 -12631.239854  19812.163275 -12303.782419    182.768963  7  7  6 411       
PG02 -16675.510565  19918.788422  -3232.539968    168.013145  9  6  7 405       
PG03  -2680.825510  14482.680195 -22321.156453    291.701728  2  4  3 428       
PG04  -1138.271264  25569.059891  -6701.000168     64.632430  6  6  3 280       
PG05  16537.733412  -8076.392691  18982.518297   -236.446294  7  4  4 281       
PG06  19524.903429   -230.402810 -18012.642884   -535.403287  5  3  5 272       
PG07   3575.321414  16554.305042  21014.422876   -220.778377  4  4  5 267       
PG08  -7419.617690  19519.459180  15925.981357    358.354607  3  3  6 436       
PG09   7595.917453  25140.415771   3532.362215    688.506603  4  6 10 275       
PG10 -23791.595080 -11720.867130   3759.812160   -541.073347  5  5  3 272       
PG11  22949.233783 -10105.554221  -8558.158385   -223.657477  7  5  3 275       
PG12   5275.901571 -14491.883632 -21908.649728   -603.030796  5  5  3 275       
PG13   6997.028229 -13735.460507 -21702.942520    436.597371 11 12  9 275       
PG14  22210.521084  13446.699199   6463.298872    750.049235  5  1  5 276       
PG15   3896.777169 -21123.147773  15055.309762    441.228941  5  3  4 274       
PG16 -21441.570485   1973.974788  15427.778885    326.221299  8  4  5 286       
PG17  12637.361197  17574.833960 -14834.012570   -195.843573  6  4  1 277       
PG18  -4701.164391 -15024.949403  21408.626783   -266.505797  5  4  5 276       
PG19  15280.058491   6507.601836 -20869.467999    704.918272  4  3  3 275       
PG20  12005.011521 -12280.886726  20322.673406    275.417100  8  6  6 276       
PG21  24007.343438    827.373205  11377.401251    371.927899  7  4  4 275       
PG22  24093.257889  10698.204485   -826.843129     71.303400  5  4  4 273       
PG23 -17024.086218 -15397.409134  13700.761568    684.915038  4  4  1 275       
PG24  13762.153814 -21646.061832  -6713.986333    187.918681  6  4  4 273       
PG25  -8304.874944 -17182.508255 -18964.074410    392.642396  5  4  4 276       
PG26 -26139.788848  -2844.906199   4816.784676   -391.353915  4  3  5 273       
PG27 -13777.353390   7650.388576  20955.907275      0.459949  5  4  5 282       
PG28 -18106.317606  -1989.801281 -19335.177441   -426.265886  8  4  8 275       
PG29  -4218.015937 -26031.466045   2218.209712   -251.305783  1  2  2 276       
PG30  15282.977868   7029.169484  20809.375061    349.493111  7  4  7 273       
PG31 -22639.748627   6397.601704 -12904.407599   -123.817695  9  5  5 284       
PG32 -14772.651589 -12786.949934 -17791.835501    246.458191  3  5  4 420       
*  2026  9  1 14  0  0.00000000
PG01 -13780.046358  20402.751880  -9852.346555    182.760392  7  7  6 411       
PG02 -17065.617794  19893.716466   -348.200662    168.019102  8  6  7 405       
PG03  -5046.324658  13660.303814 -22423.082948    291.682922  3  4  3 428       
PG04  -1510.450351  24691.431787  -9387.862796     64.632418  6  6  3 287       
PG05  18535.356867  -7399.536626  17359.921285   -236.446728  7  4  4 285       
PG06  17942.661546   1228.014498 -19534.147901   -535.393944  4  3  5 281       
PG07   1843.561982  17966.355846  19989.775843   -220.781609  4  4  5 278       
PG08  -8141.977312  17662.893837  17669.033690    358.345169  3  3  6 436       
PG09   7416.296083  25443.117732    673.060041    688.498499  3  5 10 283       
PG10 -23229.101927 -11657.671636   6582.422797   -541.067306  4  5  2 281       
PG11  22218.060458  -9205.906617 -11111.730170   -223.646904  7  5  3 283       
PG12   7535.953474 -13564.599184 -21841.321495   -603.030169  5  5  3 282       
PG13   9334.804997 -13025.836489 -21256.898180    436.601303 11 12  9 285       
PG14  21302.024919  13413.516283   9073.718988    750.048765  5  1  5 283       
PG15   4812.983408 -19413.454716  16910.364547    441.231464  5  4  4 282       
PG16 -22926.628288   1141.267401  13323.263794    326.226887  8  4  6 292       
PG17  12654.430291  19229.376242 -12633.771376   -195.848199  7  3  2 284       
PG18  -2836.955802 -16527.166550  20586.060699   -266.498000  5  5  6 284       
PG19  15462.354171   8817.133789 -19912.919439    704.918196  4  3  3 283       
PG20  12613.349884  -9996.858755  21188.970596    275.425211  8  7  6 282       
PG21  25027.147736   1409.812339   8842.453486    371.920629  7  4  4 282       
PG22  23944.990657  10950.553531   2039.340427     71.311306  5  4  4 282       
PG23 -15403.448125 -15010.237710  15863.417710    684.918128  4  4  1 283       
PG24  14383.373302 -21838.098711  -3978.404074    187.934095  6  3  3 280       
PG25  -6202.433824 -16666.152975 -20192.455353    392.639052  4  4  4 282       
PG26 -26483.335207  -3240.712534   2088.122207   -391.355359  4  3  5 280       
PG27 -14390.973113   5221.184187  21319.009830      0.459187  5  4  5 287       
PG28 -16516.105865  -3623.787507 -20485.144471   -426.256482  7  4  7 282       
PG29  -3959.442123 -26160.972438   -642.568206   -251.299437  1  2  3 283       
PG30  13569.420355   8673.001899  21352.793199    349.503950  7  4  7 281       
PG31 -21581.975123   5255.021819 -15074.319263   -123.815647  9  5  6 294       
PG32 -15055.639864 -14745.812955 -15991.557237    246.474921  3  5  4 420       
*  2026  9  1 14 15  0.00000000
PG01 -14680.522604  20862.566455  -7230.547879    182.751810  7  8  6 411       
PG02 -17241.918006  19634.832760   2542.410819    168.025358  8  6  7 405       
PG03  -7447.110416  12979.250265 -22146.770911    291.664152  4  4  3 428       
PG04  -1995.764068  23546.014605 -11911.299798     64.632484  6  6  3 301       
PG05  20368.247392  -6877.195446  15434.889169   -236.447566  7  5  4 298       
PG06  16332.670869   2880.332767 -20719.217505   -535.384604  4  3  5 298       
PG07    274.788112  19375.951792  18635.488644   -220.784718  3  4  6 297       
PG08  -9007.359971  15672.398908  19098.123061    358.335714  3  3  6 436       
PG09   7159.938895  25443.009765  -2197.903573    688.490436  4  3  9 299       
PG10 -22365.654335 -11543.035620   9294.900149   -541.061306  4  5  3 298       
PG11  21329.848556  -8079.588039 -13472.600510   -223.636340  6  5  4 298       
PG12   9815.346979 -12766.343110 -21407.839199   -603.029740  6  5  4 298       
PG13  11637.218258 -12454.337679 -20447.576618    436.605286 11 12  9 310       
PG14  20119.798830  13349.404624  11531.413100    750.048303  5  1  5 298       
PG15   5896.927093 -17569.992690  18461.977032    441.233990  5  4  4 298       
PG16 -24212.920027    475.865809  10988.931202    326.232420  7  5  6 304       
PG17  12700.419907  20619.651923 -10208.532891   -195.852844  7  3  2 298       
PG18  -1134.858898 -18049.850433  19408.928183   -266.490238  4  5  6 299       
PG19  15743.439894  10984.787144 -18619.373088    704.918121  5  3  3 299       
PG20  13362.624022  -7673.771395  21692.643652    275.433267  8  6  6 298       
PG21  25792.007845   1856.784688   6155.667457    371.913401  7  4  5 298       
PG22  23506.163068  11096.657384   4869.851155     71.318729  4  4  3 297       
PG23 -13540.266399 -14662.723361  17758.077709    684.921135  4  5  1 298       
PG24  14804.589012 -21811.574967  -1173.549371    187.949551  6  2  2 297       
PG25  -3961.332890 -16230.762490 -21086.589020    392.635737  5  5  4 298       
PG26 -26542.303671  -3569.433286   -675.697577   -391.356921  4  4  5 297       
PG27 -15127.740609   2809.951280  21302.000950      0.458479  5  3  5 301       
PG28 -14937.866632  -5419.186928 -21282.702054   -426.247076  6  4  7 298       
PG29  -3645.891908 -25985.013175  -3492.171664   -251.293305  3  3  2 299       
PG30  11908.765584  10429.549787  21536.335747    349.514833  6  4  6 297       
PG31 -20420.905790   3901.506418 -16992.951960   -123.813206  8  5  6 304       
PG32 -15382.992870 -16470.906045 -13912.757572    246.491644  4  5  4 420       
*  2026  9  1 14 30  0.00000000
PG01 -15340.550383  21153.346870  -4483.668602    182.744047  8  8  6 411       
PG02 -17235.564268  19121.250261   5387.761581    168.031946  7  6  7 405       
PG03  -9833.622777  12449.258925 -21496.516337    291.645977  4  3  3 428       
PG04  -2620.965212  22164.660792 -14227.477494     64.633134  6  6  3 278       
PG05  21993.684950  -6491.949672  13241.356061   -236.447415  7  5  3 276       
PG06  14739.487421   4705.815530 -21546.930288   -535.374659  4  3  4 270       
PG07  -1114.934242  20741.405129  16971.986227   -220.787325  3  4  6 268       
PG08 -10019.007861  13594.464818  20188.623360    358.326853  3  3  6 436       
PG09   6791.404561  25153.105491  -5030.888456    688.482989  3  4  9 274       
PG10 -21208.751542 -11417.873340  11852.187509   -541.054650  3  4  3 270       
PG11  20326.135549  -6723.369759 -15599.783209   -223.625155  5  5  4 273       
PG12  12067.973459 -12106.494254 -20615.305045   -603.028566  6  5  4 271       
PG13  13856.635765 -12020.488528 -19288.781224    436.610179 10 13  8 279       
PG14  18676.955263  13290.272592  13794.999837    750.048481  5  2  5 272       
PG15   7147.974420 -15638.802467  19681.106498    441.237086  6  5  4 274       
PG16 -25265.534677    -41.973752   8466.154153    326.238874  7  5  6 285       
PG17  12739.262805  21726.340521  -7601.933396   -195.856645  6  3  2 274       
PG18    383.299725 -19549.752635  17896.650540   -266.481876  3  6  7 274       
PG19  16099.631753  12972.440567 -17011.926954    704.918434  6  3  3 274       
PG20  14245.217039  -5359.466804  21825.086341    275.441851  8  6  6 272       
PG21  26276.212101   2197.731044   3363.183579    371.906757  7  5  5 272       
PG22  22772.791369  11173.853643   7615.490144     71.327039  4  4  3 271       
PG23 -11465.239080 -14388.842749  19352.406896    684.924771  5  5  2 272       
PG24  15048.936604 -21539.357276   1651.844385    187.965563  6  2  2 270       
PG25  -1621.067319 -15897.209549 -21631.543237    392.633001  5  5  4 274       
PG26 -26310.720616  -3864.924330  -3428.203207   -391.357895  4  4  5 269       
PG27 -15973.121810    464.768597  20906.542739      0.457873  5  3  4 285       
PG28 -13411.364178  -7348.595223 -21714.065167   -426.237039  5  4  7 272       
PG29  -3242.146434 -25515.654629  -6281.064387   -251.286633  4  4  2 275       
PG30  10334.264580  12267.262802  21356.241070    349.526267  5  4  6 271       
PG31 -19198.526868   2343.059795 -18628.543948   -123.810208  8  5  6 286       
PG32 -15718.961796 -17937.086015 -11592.478493    246.508959  5  5  4 421       
*  2026  9  1 14 45  0.00000000
PG01 -15775.935337  21240.619033  -1659.201207    182.735922  7  9  6 411       
PG02 -17082.595367  18340.080314   8137.660284    168.038481  6  6  7 405       
PG03 -12155.627198  12071.557143 -20482.825526    291.627501  5  4  3 428       
PG04  -3406.391623  20585.468034 -16296.254749     64.633457  6  6  4 274       
PG05  23374.581373  -6219.333639  10817.861383   -236.447609  7  5  3 272       
PG06  13204.287426   6675.763067 -22002.490487   -535.365039  4  3  4 265       
PG07  -2317.011963  22019.431951  15024.944162   -220.790167  3  4  7 264       
PG08 -11172.183225  11476.619810  20922.194803    358.317737  4  3  5 436       
PG09   6278.955526  24594.630079  -7777.051054    688.475296  3  4  9 269       
PG10 -19774.560506 -11321.568807  14211.911718   -541.048270  3  4  3 265       
PG11  19249.883353  -5142.604546 -17456.367881   -223.614202  3  5  5 268       
PG12  14247.220983 -11586.530778 -19476.701649   -603.027680  7  6  3 265       
PG13  15947.037162 -11715.870830 -17800.250192    436.614771 10 13  8 267       
PG14  16994.327672  13269.652135  15826.274555    750.048388  5  2  5 268       
PG15   8557.027523 -13666.958691  20544.798095    441.239804  5  5  4 270       
PG16 -26055.757133   -438.194892   5799.027675    326.244795  7  5  6 284       
PG17  12733.168713  22539.122673  -4860.682203   -195.860787  6  3  2 270       
PG18   1703.767714 -20981.463797  16074.567918   -266.473779  1  6  7 270       
PG19  16501.619881  14747.907249 -15118.675927    704.918696  6  3  3 269       
PG20  15245.596697  -3100.140639  21584.007569    275.450312  8  6  5 268       
PG21  26461.800410   2466.328401    512.951191    371.899868  6  5  5 268       
PG22  21749.728353  11220.385073  10228.973018     71.335015  4  4  3 265       
PG23  -9215.860859 -14217.099575  20618.988950    684.928180  5  4  3 269       
PG24  15145.007721 -21001.112171   4447.993092    187.981319  6  1  2 265       
PG25    775.345012 -15679.527566 -21817.928029    392.630044  5  5  4 270       
PG26 -25790.534915  -4161.724679  -6123.369610   -391.359135  3  4  4 264       
PG27 -16905.285213  -1769.865039  20141.190640      0.457404  5  4  4 286       
PG28 -11971.661198  -9377.945655 -21771.742368   -426.227226  4  5  6 268       
PG29  -2716.306818 -24773.295079  -8960.832637   -251.279905  4  4  2 269       
PG30   8873.634745  14149.379462  20814.767099    349.537467  5  4  5 265       
PG31 -17956.064945    593.631585 -19953.925514   -123.807756  7  5  6 286       
PG32 -16025.013014 -19127.708582  -9071.712375    246.526046  5  5  3 421       
*  2026  9  1 15  0  0.00000000
PG01 -16009.617534  21095.140518   1193.984517    182.727368  7  9  6 411       
PG02 -16822.280526  17287.014484  10744.201434    168.044532  4  6  7 405       
PG03 -14363.933761  11838.872094 -19122.279853    291.608779  5  4  3 428       
PG04  -4364.983448  18851.345744 -18081.892955     64.633626  6  6  4 283       
PG05  24480.800568  -6028.987126   8206.832540   -236.448234  7  6  3 281       
PG06  11763.346040   8754.423324 -22077.519983   -535.355662  4  3  3 278       
PG07  -3330.558896  23166.697241  12825.042014   -220.793571  4  4  7 279       
PG08 -12454.248553   9365.671160  21287.065688    358.308321  4  3  5 436       
PG09   5595.977429  23796.131452 -10389.191562    688.467343  2  5  9 281       
PG10 -18087.406291 -11290.380314  16335.004869   -541.042169  3  4  4 279       
PG11  18143.782131  -3351.223275 -19010.175861   -223.603488  2  5  5 279       
PG12  16307.549707 -11200.060072 -18010.712140   -603.027050  7  6  4 278       
PG13  17865.607938 -11524.550555 -16007.331499    436.618702 10 13  8 294       
PG14  15099.838787  13317.305900  17590.816446    750.048043  5  3  5 279       
PG15  10106.670289 -11700.762602  21036.723594    441.242545  5  6  4 281       
PG16 -26562.046317   -743.685915   3033.570866    326.250577  6  5  6 293       
PG17  12644.312950  23056.895692  -2033.626410   -195.865379  5  3  2 281       
PG18   2821.247498 -22299.116483  13973.552314   -266.465967  1  7  7 281       
PG19  16915.670768  16285.914874 -12972.203739    704.918664  6  3  3 282       
PG20  16340.830695   -938.754715  20973.471497    275.458469  7  5  5 279       
PG21  26339.253380   2698.991049  -2346.090013    371.892719  6  5  5 279       
PG22  20450.502235  11273.720592  12665.741936     71.343117  3  4  3 279       
PG23  -6835.200469 -14169.353755  21535.794856    684.931362  5  4  4 280       
PG24  15125.603670 -20184.348940   7164.990664    187.996776  6  2  3 278       
PG25   3182.747666 -15584.374584 -21642.056456    392.626744  5  5  4 283       
PG26 -24991.536735  -4493.578152  -8716.320447   -391.360588  3  4  4 278       
PG27 -17895.987774  -3854.574050  19021.118970      0.457535  5  4  4 291       
PG28 -10647.865304 -11467.648208 -21454.669019   -426.217677  3  5  5 279       
PG29  -2041.245176 -23785.845950 -11485.048039   -251.273545  5  5  2 282       
PG30   7548.125952  16035.150038  19920.207836    349.548440  5  4  5 278       
PG31 -16732.485340  -1325.214331 -20946.921778   -123.805109  6  5  6 289       
PG32 -16261.457689 -20035.042865  -6394.625546    246.542845  5  5  3 421       
*  2026  9  1 15 15  0.00000000
PG01 -16070.608764  20694.154195   4026.501275    182.718893  7  9  6 411       
PG02 -16495.373318  15966.553718  13162.622398    168.050819  3  6  6 405       
PG03 -16412.091518  11735.770374 -17437.308339    291.590190  5  5  3 428       
PG04  -5501.600151  17008.407685 -19553.679794     64.633805  6  6  4 291       
PG05  25290.209168  -5886.038756   5453.805523   -236.448567  6  6  2 289       
PG06  10446.712335  10900.188382 -21770.239325   -535.346169  4  3  2 287       
PG07  -4162.349655  24141.411927  10407.627485   -220.796641  4  5  7 288       
PG08 -13845.078870   7306.003622  21278.171192    358.298996  4  4  5 436       
PG09   4722.194604  22792.324586 -12822.562245    688.459460  2  5  8 289       
PG10 -16178.981064 -11355.972832  18186.275474   -541.035999  4  4  4 288       
PG11  17048.578492  -1371.394884 -20234.329242   -223.592742  1  5  5 288       
PG12  18206.040756 -10933.147444 -16241.459184   -603.026615  7  6  3 288       
PG13  19574.220401 -11423.802037 -13940.565772    436.622965 10 13  7 301       
PG14  13027.614981  13457.979958  19058.544257    750.047732  5  3  5 288       
PG15  11771.683528  -9783.964717  21147.571188    441.245149  5  6  3 289       
PG16 -26770.738788   -992.861768    216.933747    326.256533  5  5  6 297       
PG17  12436.516306  23287.619560    829.206935   -195.869566  4  4  2 289       
PG18   3738.944074 -23458.133573  11629.511834   -266.458103  2  8  6 289       
PG19  17304.988907  17568.828869 -10609.025839    704.918902  5  2  3 290       
PG20  17501.396775   1086.422765  20003.833521    275.466673  7  4  5 288       
PG21  25907.869799   2933.266532  -5164.845512    371.885616  6  6  5 288       
PG22  18896.829623  11368.939837  14884.699123     71.350769  4  4  3 287       
PG23  -4370.468722 -14259.904577  22086.575957    684.934550  5  4  4 289       
PG24  15026.294985 -19085.172130   9753.787151    188.012295  6  2  3 286       
PG25   5555.311594 -15610.769275 -21106.037523    392.623577  5  5  4 290       
PG26 -23931.005810  -4891.998493 -11164.000829   -391.362094  3  5  4 288       
PG27 -18911.723340  -5756.415074  17567.716666      0.457286  5  5  4 297       
PG28  -9462.116146 -13573.949966 -20768.230480   -426.208119  2  6  5 288       
PG29  -1195.863745 -22587.632172 -13810.088429   -251.267164  5  5  2 290       
PG30   6371.830215  17881.227050  18686.818912    349.559473  5  3  4 287       
PG31 -15563.083691  -3384.905621 -21590.691635   -123.802680  5  4  6 295       
PG32 -16389.116959 -20660.342766  -3607.746852    246.559696  6  4  3 421       
*  2026  9  1 15 30  0.00000000
PG01 -15992.698791  20022.399420   6789.314687    182.711048  6  9  6 411       
PG02 -16142.352149  14391.885897  15352.057396    168.057524  2  5  6 405       
PG03 -18257.996884  11739.315645 -15455.868140    291.571917  5  5  3 428       
PG04  -6812.663941  15104.255597 -20686.455565     64.634366  5  6  4 272       
PG05  25789.419032  -5752.663207   2606.600244   -236.448522  6  7  2 271       
PG06   9277.133728  13067.032287 -21085.532141   -535.336322  4  3  1 264       
PG07  -4826.483725  24904.927059   7812.284291   -220.799481  5  6  7 268       
PG08 -15317.783520   5338.004891  20897.152031    358.290047  4  4  5 436       
PG09   3644.635344  21622.716243 -15035.623307    688.451912  1  6  8 268       
PG10 -14087.300055 -11544.127808  19734.925564   -541.029446  4  4  4 264       
PG11  16001.494635    767.137473 -21107.722259   -223.581594  2  5  4 266       
PG12  19903.864333 -10764.933851 -14198.163530   -603.025460  7  7  4 264       
PG13  21040.746281 -11385.102343 -11635.182808    436.627845 10 13  7 265       
PG14  10816.876734  13710.347801  20204.213582    750.047800  5  3  5 266       
PG15  13519.910373  -7956.099488  20875.268824    441.247982  5  6  3 268       
PG16 -26676.460687  -1222.140820  -2603.378452    326.262688  5  4  6 285       
PG17  12076.844542  23247.807770   3677.566402   -195.873746  3  4  2 267       
PG18   4468.274455 -24416.953114   9082.791925   -266.449902  4  8  6 268       
PG19  17631.187310  18587.098757  -8068.991996    704.919285  5  2  4 270       
PG20  18692.257625   2943.094914  18691.572782    275.475224  7  4  4 265       
PG21  25175.817849   3206.188858  -7894.904387    371.878865  6  7  5 265       
PG22  17117.829500  11537.243856  16848.852356     71.359349  4  4  3 265       
PG23  -1871.427029 -14494.864088  22261.173696    684.938093  5  4  4 266       
PG24  14883.844108 -17708.699101  12167.191907    188.028224  6  2  4 263       
PG25   7848.035050 -15750.110463 -20217.798013    392.620790  5  5  4 273       
PG26 -22633.104365  -5384.927449 -13425.815119   -391.363150  2  5  4 263       
PG27 -19915.079067  -7449.903692  15808.070893      0.457483  5  5  4 284       
PG28  -8428.852017 -15650.465193 -19724.174546   -426.198209  3  6  5 266       
PG29   -166.111846 -21218.056942 -15895.901038   -251.260515  5  6  1 269       
PG30   5351.263031  19643.175419  17134.649112    349.570895  5  3  5 263       
PG31 -14478.218788  -5550.722480 -21873.999831   -123.799877  4  4  5 282       
PG32 -16370.956825 -21013.580112   -759.138326    246.576945  6  4  3 421       
*  2026  9  1 15 45  0.00000000
PG01 -15812.982325  19072.840065   9434.607826    182.702871  6  9  5 411       
PG02 -15801.721029  12584.428172  17276.178316    168.063775  3  5  6 405       
PG03 -19865.356877  11820.023267 -13211.034028    291.553372  5  6  3 428       
PG04  -8286.142764  13186.222479 -21461.033352     64.634745  5  6  4 268       
PG05  25974.195974  -5589.748217   -285.532437   -236.448754  5  7  2 269       
PG06   8269.273652  15206.135905 -20034.889495   -535.326686  4  3  1 259       
PG07  -5343.760314  25423.265927   5082.298638   -220.802410  5  7  6 266       
PG08 -16839.701896   3496.679991  20152.219912    358.280877  4  4  4 436       
PG09   2358.310919  20330.065272 -16990.734332    688.444144  2  6  7 264       
PG10 -11855.440369 -11873.673957  20955.010362   -541.023045  5  4  5 259       
PG11  15034.801083   3028.018121 -21615.386420   -223.570705  3  5  4 261       
PG12  21367.614559 -10668.523091 -11914.723235   -603.024696  6  7  4 259       
PG13  22240.151501 -11375.358371  -9130.518849    436.632236  9 13  7 264       
PG14   8510.642998  14086.185202  21007.848665    750.047667  4  3  5 260       
PG15  15313.434450  -6251.009254  20225.032075    441.250907  4  6  3 266       
PG16 -26282.241888  -1468.374982  -5380.253513    326.268771  5  4  6 281       
PG17  11537.061750  22961.692746   6461.906534   -195.877625  3  5  2 267       
PG18   5028.246954 -25138.659849   6377.482227   -266.441907  4  9  6 264       
PG19  17855.814235  19339.416782  -5394.656532    704.919322  4  1  4 266       
PG20  19874.160535   4605.983995  17059.023305    275.483544  6  4  4 261       
PG21  24159.857920   3552.653005 -10489.366555    371.871896  6  7  5 261       
PG22  15148.975667  11804.646796  18525.866258     71.367170  4  4  2 259       
PG23    611.307418 -14871.847213  22055.738986    684.941396  5  5  4 261       
PG24  14734.558239 -16069.111955  14360.873463    188.043896  6  3  4 258       
PG25  10018.227680 -15986.483172 -18991.029602    392.617749  5  5  3 270       
PG26 -21128.037596  -5995.531425 -15464.225291   -391.364454  2  5  3 258       
PG27 -20866.238395  -8917.725401  13774.358007      0.456684  5  5  4 291       
PG28  -7554.384021 -17649.816910 -18340.414258   -426.188539  3  6  5 262       
PG29   1054.279228 -19720.085336 -17706.694063   -251.254002  5  6  1 265       
PG30   4485.235492  21277.048759  15289.275676    349.582067  5  2  5 258       
PG31 -13502.230484  -7782.886243 -21791.418797   -123.797228  4  4  5 278       
PG32 -16173.630211 -21112.857349   2102.436211    246.593950  6  3  2 421       
*  2026  9  1 16  0  0.00000000
PG01 -15570.265749  17847.080132  11916.623396    182.694598  5  9  5 411       
PG02 -15508.437555  10573.063763  18903.717328    168.070066  3  5  6 405       
PG03 -21204.951918  11943.079780 -10740.499158    291.534751  5  6  3 428       
PG04  -9901.872099  11299.645019 -21864.506888     64.635032  5  5  4 268       
PG05  25849.522782  -5358.604130  -3172.775261   -236.448675  4  7  1 275       
PG06   7429.254897  17267.636230 -18636.233065   -535.317124  5  3  1 260       
PG07  -5740.775550  25668.532570   2264.022017   -220.805479  6  8  6 269       
PG08 -18373.626991   1810.506238  19057.900030    358.271628  4  4  4 436       
PG09    866.583935  18958.739107 -18654.771084    688.436293  3  6  7 263       
PG10  -9530.105072 -12355.675650  21825.837111   -541.016791  5  4  5 260       
PG11  14174.599227   5369.500568 -21748.743124   -223.559891  3  5  3 262       
PG12  22570.462064 -10612.109337  -9429.215432   -603.023889  6  7  4 258       
PG13  23155.331504 -11358.320353  -6469.362949    436.636520  9 13  7 270       
PG14   6154.294023  14589.808058  21455.101745    750.047461  4  3  5 260       
PG15  17110.017075  -4695.625525  19209.234723    441.253444  4  7  3 266       
PG16 -25599.336514  -1767.290331  -8067.685280    326.274596  5  3  5 282       
PG17  10794.880591  22460.108543   9134.272863   -195.881825  4  5  3 268       
PG18   5444.532490 -25592.456048   3560.640633   -266.433959  5  9  5 264       
PG19  17941.882890  19832.587243  -2630.623233    704.919580  4  2  4 265       
PG20  21005.113164   6057.610017  15134.007308    275.491811  6  5  4 260       
PG21  22884.747387   4003.874004 -12903.644851    371.864845  5  7  4 262       
PG22  13030.833429  12190.894133  19888.516301     71.375289  4  4  2 265       
PG23   3027.998784 -15379.994123  21472.854718    684.944596  4  5  4 261       
PG24  14612.646116 -14189.330048  16294.325033    188.059535  5  3  5 259       
PG25  12026.928244 -16297.245297 -17445.057226    392.614679  5  5  2 271       
PG26 -19451.011494  -6741.177390 -17245.305774   -391.365783  2  5  3 258       
PG27 -21724.565628 -10151.112335  11503.162202      0.457224  5  5  4 284       
PG28  -6836.794039 -19525.327291 -16640.724051   -426.178885  4  6  5 262       
PG29   2463.371547 -18138.607883 -19211.544661   -251.247550  5  6  1 264       
PG30   3765.026112  22740.974375  13181.442507    349.593181  5  2  6 258       
PG31 -12652.581173 -10037.840701 -21343.456531   -123.794559  3  5  4 276       
PG32 -15768.869231 -20983.529006   4928.330413    246.610916  6  3  2 421       
*  2026  9  1 16 15  0.00000000
PG01 -15303.417214  16355.450034  14192.467646    182.686284  5  8  5 411       
PG02 -15292.525710   8393.113571  20208.870896    168.076406  3  5  5 405       
PG03 -22255.648934  12069.784726  -8085.990919    291.516095  4  6  3 428       
PG04 -11632.201155   9486.232631 -21890.442547     64.635337  5  5  4 272       
PG05  25429.318341  -5022.648346  -6005.604710   -236.449109  3  7  1 277       
PG06   6754.548155  19202.431836 -16913.618621   -535.307558  5  4  2 267       
PG07  -6048.765761  25620.134911   -593.868108   -220.808709  6  8  5 276       
PG08 -19879.202691    300.568312  17634.663378    358.262305  4  4  4 436       
PG09   -818.786191  17553.030052 -19999.659262    688.428478  2  6  6 268       
PG10  -7160.060374 -12992.907635  22332.299329   -541.010511  5  4  5 268       
PG11  13439.861082   7745.881051 -21505.739852   -223.549119  4  4  3 268       
PG12  23493.080474 -10560.306880  -6783.323624   -603.023501  6  7  4 268       
PG13  23777.654915 -11296.128120  -3697.242075    436.640718  8 13  6 282       
PG14   3794.042748  15217.796738  21537.533005    750.047276  4  3  5 267       
PG15  18864.726515  -3309.062161  17847.107566    441.256024  3  7  4 268       
PG16 -24646.763301  -2151.992431 -10621.446004    326.280612  5  2  5 286       
PG17   9834.963303  21779.143792  11649.124789   -195.886495  4  6  2 271       
PG18   5748.263451 -25754.909651    681.448943   -266.426047  5  9  4 270       
PG19  17855.351660  20081.113935    177.128767    704.919571  3  2  4 270       
PG20  22041.979934   7288.770621  12949.375687    275.500088  6  5  4 267       
PG21  21382.349899   4585.990631 -15096.228412    371.857842  5  7  4 267       
PG22  10807.632277  12708.642586  20915.045042     71.382659  4  4  2 266       
PG23   5331.508290 -16000.328545  20521.555691    684.947840  5  5  3 268       
PG24  14548.655354 -12100.308101  17931.763494    188.075062  5  4  5 267       
PG25  13840.205998 -16653.879766 -15604.624620    392.611503  4  5  2 278       
PG26 -17641.023806  -7632.622783 -18739.250933   -391.367149  2  5  3 267       
PG27 -22450.206786 -11149.881873   9034.741872      0.457682  5  5  5 293       
PG28  -6266.160180 -21232.692112 -14654.334058   -426.169305  4  7  5 268       
PG29   4050.921464 -16518.749267 -20384.913604   -251.241066  5  6  1 271       
PG30   3174.850412  23996.687409  10846.602029    349.604318  5  3  6 266       
PG31 -11939.252795 -12269.684503 -20536.606425   -123.792058  3  5  3 280       
PG32 -15134.678109 -20657.070899   7670.810135    246.627873  6  3  2 421       
*  2026  9  1 16 30  0.00000000
PG01 -15049.725986  14616.759944  16222.860977    182.677987  4  8  5 411       
PG02 -15177.920161   6085.090897  21171.588569    168.082691  3  5  5 405       
PG03 -23005.123489  12159.163014  -5292.607412    291.497491  4  6  3 428       
PG04 -13442.936344   7782.595766 -21538.954410     64.635662  5  4  4 277       
PG05  24735.827948  -4548.999241  -8735.631755   -236.449145  2  6  1 285       
PG06   6234.211351  20963.973188 -14896.823899   -535.297982  5  5  2 274       
PG07  -6302.233238  25265.763556  -3441.203408   -220.811557  6  9  5 285       
PG08 -21314.435664  -1020.000085  15908.463344    358.253057  5  4  4 436       
PG09  -2677.920556  16155.495528 -21002.818633    688.420663  2  6  6 275       
PG10  -4794.497985 -13779.636117  22465.142400   -541.004176  6  4  5 274       
PG11  12841.763123  10109.087556 -20890.868497   -223.538258  4  4  4 274       
PG12  24124.309738 -10475.635799  -4021.694812   -603.022487  5  7  4 273       
PG13  24107.194072 -11150.931035   -861.655805    436.644958  8 13  6 293       
PG14   1475.368908  15959.020781  21252.804423    750.047094  4  4  5 273       
PG15  20531.683287  -2102.058613  16164.277817    441.258780  3  6  4 276       
PG16 -23450.587569  -2651.586245 -12999.714219    326.286649  5  3  5 288       
PG17   8649.639600  20958.624988  13964.083151   -195.890774  4  6  2 277       
PG18   5974.607954 -25610.926206  -2209.682979   -266.418078  5  9  3 276       
PG19  17566.504564  20106.521707   2981.932353    704.919692  2  4  4 275       
PG20  22942.138615   8298.703902  10542.462171    275.508346  6  5  4 273       
PG21  19690.483007   5318.868288 -17029.394470    371.850800  4  7  4 274       
PG22   8525.730044  13362.925877  21589.422178     71.390770  4  4  2 274       
PG23   7478.924064 -16706.443223  19217.241348    684.951101  5  5  3 274       
PG24  14568.065341  -9839.984589  19242.930420    188.090745  4  3  6 274       
PG25  15430.297838 -17023.087678 -13499.593312    392.608424  4  5  1 283       
PG26 -15739.528900  -8673.447501 -19920.831267   -391.368491  2  5  3 274       
PG27 -23005.643883 -11922.147047   6412.262707      0.457299  5  5  5 298       
PG28  -5825.100687 -22731.574889 -12415.429194   -426.159711  4  7  5 274       
PG29   5798.608396 -14904.188612 -21207.059131   -251.234580  4  6  1 276       
PG30   2692.614852  25010.954649   8324.363498    349.615420  5  3  6 273       
PG31 -11364.423695 -14431.707299 -19383.314797   -123.789552  2  4  3 284       
PG32 -14256.285948 -20169.743875  10283.813020    246.644880  6  4  2 421       
*  2026  9  1 16 45  0.00000000
PG01 -14843.336308  12657.729916  17972.821471    182.669849  4  7  5 412       
PG02 -15181.577035   3693.292775  21777.752765    168.089065  3  5  5 405       
PG03 -23450.259512  12169.688249  -2408.082093    291.478947  3  6  3 428       
PG04 -15294.543490   6218.989028 -20816.663633     64.636039  4  4  4 270       
PG05  23798.712137  -3909.918938 -11316.409594   -236.449119  1  6  1 286       
PG06   5849.470971  22509.966478 -12620.827668   -535.288313  5  6  3 267       
PG07  -6537.403386  24602.073389  -6227.243821   -220.814478  5  9  4 282       
PG08 -22637.260386  -2146.254874  13910.191930    358.243872  5  4  4 436       
PG09  -4683.408714  14805.384578 -21647.512617    688.412905  2  7  5 268       
PG10  -2481.377669 -14701.716932  22221.155904   -540.997686  5  5  5 267       
PG11  12383.338961  12410.362060 -19915.066727   -223.527371  4  3  4 268       
PG12  24461.527655 -10320.110318  -1191.232424   -603.021955  5  7  4 267       
PG13  24152.632628 -10886.519277   1988.727423    436.649405  7 13  6 287       
PG14   -758.527566  16794.967356  20604.781222    750.046975  3  4  5 266       
PG15  22065.840951  -1076.792946  14192.167481    441.261452  3  6  4 270       
PG16 -22042.973617  -3289.955109 -15163.655750    326.292709  5  3  5 284       
PG17   7239.320440  20040.494237  16040.592997   -195.894759  4  7  2 273       
PG18   6161.177584 -25154.402121  -5062.045588   -266.410009  5  9  2 269       
PG19  17051.185076  19936.436132   5737.127633    704.919797  2  5  4 269       
PG20  23665.134038   9094.927660   7954.459125    275.516712  6  5  4 266       
PG21  17851.547943   6215.148013 -18669.856492    371.843888  4  7  4 268       
PG22   6232.025525  14150.919512  21901.511529     71.398738  4  4  2 268       
PG23   9433.042401 -17465.491101  17581.478173    684.954468  5  6  2 267       
PG24  14690.104516  -7451.924119  20203.766589    188.106448  4  3  6 268       
PG25  16776.536966 -17368.088623 -11164.552116    392.605450  4  5  1 280       
PG26 -13789.021262  -9859.748610 -20769.794176   -391.369761  3  5  4 267       
PG27 -23357.144675 -12483.720820   3681.014777      0.457064  5  5  5 299       
PG28  -5489.614848 -23987.059271  -9962.561366   -426.149992  4  7  5 268       
PG29   7680.580766 -13335.556397 -21664.344809   -251.228220  4  6  2 270       
PG30   2290.930192  25756.830828   5657.852932    349.626603  5  4  6 266       
PG31 -10922.441021 -16477.977643 -17901.861831   -123.786724  1  4  3 276       
PG32 -13126.828316 -19561.104653  12723.664186    246.661903  5  4  1 421       
*  2026  9  1 17  0  0.00000000
PG01 -14713.817775  10512.119279  19412.269075    182.661920  4  7  4 412       
PG02 -15312.874181   1264.284076  22019.257710    168.095575  3  5  5 405       
PG03 -23597.206690  12061.051600    518.013721    291.460520  3  6  2 428       
PG04 -17143.560596   4818.315394 -19736.545534     64.636579  4  4  4 231       
PG05  22653.872171  -3084.051174 -13704.196184   -236.449169  2  5  1 272       
PG06   5574.622456  23803.922688 -10125.189396   -535.278494  5  6  4 227       
PG07  -6790.573536  23635.024696  -8901.663129   -220.817054  5  9  3 265       
PG08 -23807.096275  -3081.360394  11675.071103    358.234859  5  4  4 436       
PG09  -6801.183768  13537.208876 -21923.100085    688.405374  1  7  4 223       
PG10   -265.806636 -15737.011597  21603.287687   -540.991081  5  5  4 214       
PG11  12059.462801  14601.970416 -18595.505556   -223.516318  4  3  4 227       
PG12  24510.710739 -10056.871189   1659.667088   -603.020830  4  7  4 212       
PG13  23930.852638 -10469.903179   4804.899507    436.654212  6 13  6 251       
PG14  -2868.196651  17700.365934  19603.535254    750.047060  4  5  5 214       
PG15  23424.722098   -227.065479  11967.273769    441.264346  3  5  4 228       
PG16 -20461.042320  -4084.737083 -17077.956366    326.299191  6  4  4 270       
PG17   5612.599397  19067.146710  17844.495462   -195.899048  5  7  1 248       
PG18   6346.334600 -24388.530098  -7825.570137   -266.401743  5  9  1 230       
PG19  16291.840951  19603.452684   8396.759617    704.920304  1  5  4 222       
PG20  24174.265443   9692.760844   5229.724421    275.525345  6  5  4 218       
PG21  15910.993757   7279.579206 -19989.337638    371.837076  4  6  4 214       
PG22   3972.376176  15062.006990  21847.149041     71.407183  5  5  2 228       
PG23  11163.641857 -18239.448466  15641.690371    684.957991  5  6  2 228       
PG24  14926.850185  -4983.714418  20796.935963    188.122324  3  3  6 239       
PG25  17866.034233 -17650.085518  -8638.335530    392.602618  3  5  1 271       
PG26 -11831.585161 -11180.110451 -21271.204760   -391.370752  3  5  4 225       
PG27 -23476.056666 -12857.246653    887.628761      0.457350  5  5  5 290       
PG28  -5230.187836 -24970.903552  -7337.984805   -426.140106  5  8  5 222       
PG29   9664.296202 -11848.969099 -21749.438461   -251.221203  4  6  2 222       
PG30   1938.348274  26214.695040   2892.992410    349.637997  5  5  6 209       
PG31 -10600.094758 -18364.927316 -16116.152021   -123.783919  1  4  3 256       
PG32 -11747.736855 -18872.420086  14949.740848    246.679167  5  4  1 421       
*  2026  9  1 17 15  0.00000000
PG01 -14684.928469   8219.589658  20516.540023    182.653710  3  7  4 412       
PG02 -15573.312450  -1154.669019  21893.996742    168.101933  3  5  4 405       
PG03 -23461.088376  11795.907237   3435.118607    291.441882  3  6  2 428       
PG04 -18944.165468   3595.427056 -18317.669629     64.636887  4  4  3 231       
PG05  21342.059364  -2057.409150 -15858.661012   -236.449546  2  4  1 271       
PG06   5378.213373  24816.489569  -7453.341368   -535.268875  5  7  4 229       
PG07  -7096.423090  22379.853681 -11415.577606   -220.819996  5  9  3 268       
PG08 -24786.338581  -3836.200375   9241.994337    358.225604  5  4  4 436       
PG09  -8991.650833  12379.510458 -21825.187501    688.397510  2  7  3 227       
PG10   1811.487552 -16856.111756  20620.674332   -540.984702  5  5  3 214       
PG11  11857.162358  16638.873714 -16955.268386   -223.505494  4  4  5 226       
PG12  24286.176672  -9651.799873   4481.924067   -603.020179  3  7  4 214       
PG13  23466.215830  -9872.778777   7538.353556    436.658615  5 13  6 248       
PG14  -4819.276104  18644.090432  18265.245653    750.046977  3  5  5 213       
PG15  24570.033992    461.164299   9530.357754    441.267219  2  5  4 236       
PG16 -18745.573477  -5046.530265 -18711.305130    326.305122  6  5  4 270       
PG17   3786.045529  18079.791432  19346.505772   -195.903412  5  7  2 242       
PG18   6567.469457 -23325.742471 -10451.760051   -266.393750  5  9  1 229       
PG19  15278.343372  19143.833410  10916.272874    704.920403  2  6  5 223       
PG20  24438.046053  10114.545099   2415.030228    275.533600  6  5  5 215       
PG21  13915.674305   8508.662781 -20965.059729    371.830121  4  5  5 212       
PG22   1790.075395  16078.139739  21428.136444     71.415315  5  5  2 236       
PG23  12648.498160 -18986.604679  13430.739686    684.961278  5  6  2 227       
PG24  15282.654640  -2485.192105  21012.181403    188.137929  3  2  5 236       
PG25  18694.080528 -17829.843179  -5963.451336    392.599554  2  4  1 271       
PG26  -9907.459699 -12615.854355 -21415.721592   -391.372047  3  6  4 224       
PG27 -23339.902277 -13071.096045  -1920.695863      0.457412  5  4  5 289       
PG28  -5013.115992 -25662.548720  -4586.925975   -426.130479  4  8  5 223       
PG29  11711.622032 -10474.756451 -21461.401272   -251.214867  4  5  2 226       
PG30   1600.775990  26373.022108     77.709326    349.649111  5  5  6 205       
PG31 -10377.189195 -20052.875008 -14055.410871   -123.781290  1  4  3 254       
PG32 -10128.826560 -18145.042887  16925.080161    246.696191  5  4  1 421       
*  2026  9  1 17 30  0.00000000
PG01 -14773.619097   5824.346252  21266.802950    182.645572  4  6  3 412       
PG02 -15956.518696  -3517.161060  21405.767488    168.108219  3  5  4 406       
PG03 -23065.366525  11341.524436   6292.564970    291.423327  3  5  2 428       
PG04 -20649.837261   2556.746486 -16584.839491     64.637227  4  4  3 222       
PG05  19907.322466   -824.078334 -17743.527054   -236.449731  2  3  2 273       
PG06   5224.461231  25526.512922  -4651.807295   -535.259227  5  7  5 227       
PG07  -7486.361101  20860.658744 -13722.589214   -220.823126  5  9  3 270       
PG08 -25541.729457  -4428.703891   6652.832490    358.216372  5  4  4 436       
PG09 -11211.026247  11353.870592 -21355.680920    688.389739  2  7  3 219       
PG10   3715.535413 -18023.352018  19288.582640   -540.978311  5  5  3 207       
PG11  11756.246932  18480.296874 -15022.928715   -223.494607  4  5  4 220       
PG12  23810.012511  -9075.050974   7226.619786   -603.019188  3  6  4 213       
PG13  22789.565662  -9072.821600  10141.922026    436.662980  4 13  6 245       
PG14  -6583.644757  19590.309105  16611.993397    750.046838  3  5  5 199       
PG15  25469.096917   1008.921204   6925.568962    441.270010  2  4  5 238       
PG16 -16939.596163  -6178.351442 -20036.827593    326.311259  6  5  4 266       
PG17   1783.702737  17116.895212  20522.596947   -195.907094  5  7  1 259       
PG18   6859.321112 -21987.293837 -12894.592020   -266.385710  5  9  2 216       
PG19  14008.550314  18596.074807  13253.197212    704.920569  3  6  4 210       
PG20  24431.477874  10388.596006   -441.234193    275.541937  6  5  5 199       
PG21  11912.160774   9890.619608 -21580.139280    371.823034  4  4  5 211       
PG22   -275.559692  17174.473757  20652.155312     71.423226  5  5  2 231       
PG23  13874.096893 -19663.222909  10986.397682    684.964583  5  6  2 217       
PG24  15753.924146     -6.580416  20846.501699    188.153601  2  2  4 236       
PG25  19264.247543 -17869.323017  -3185.420178    392.596543  2  4  1 272       
PG26  -8053.668793 -14141.563351 -21199.801955   -391.373287  3  6  5 216       
PG27 -22933.241097 -13158.079859  -4696.940278      0.457340  5  4  5 290       
PG28  -4802.000403 -26049.840967  -1756.800815   -426.120841  4  9  5 213       
PG29  13780.152577  -9236.427998 -20805.668134   -251.208373  4  5  3 211       
PG30   1243.011539  26228.853279  -2738.911112    349.660292  5  7  6 196       
PG31 -10227.396769 -21507.432260 -11753.785851   -123.778797  1  5  4 255       
PG32  -8288.080725 -17418.806834  18616.925708    246.713239  4  4  1 421       
*  2026  9  1 17 45  0.00000000
PG01 -14989.316548   3373.610460  21650.370287    182.637372  4  6  3 412       
PG02 -16448.541462  -5779.152716  20564.104110    168.114529  3  4  4 406       
PG03 -22440.884142  10671.278453   9040.483120    291.404721  3  5  2 428       
PG04 -22215.048204   1700.218831 -14568.140656     64.637551  4  4  2 222       
PG05  18395.352213    613.389891 -19327.140452   -236.449941  2  4  2 276       
PG06   5074.848008  25921.784691  -1769.363238   -535.249637  5  7  5 229       
PG07  -7986.989802  19109.607533 -15779.810750   -220.826237  5  8  3 272       
PG08 -26045.561951  -4882.918439   3951.716962    358.207225  5  3  4 436       
PG09 -13412.837618  10474.195093 -20522.738512    688.381937  2  6  2 221       
PG10   5418.303476 -19198.080662  17628.256938   -540.971936  5  5  2 212       
PG11  11730.224079  20091.134784 -12832.035374   -223.483750  5  6  4 223       
PG12  23111.205267  -8302.440469   9845.860711   -603.018539  2  6  4 214       
PG13  21936.987782  -8054.756894  12570.597398    436.667383  3 13  6 243       
PG14  -8140.344570  20499.842022  14671.448198    750.046657  3  6  5 206       
PG15  26096.029901   1443.085310   4199.533478    441.272527  2  3  5 233       
PG16 -15086.913015  -7475.365029 -21032.467754    326.317281  6  5  4 265       
PG17   -363.679680  16212.763866  21354.290771   -195.911487  5  6  1 254       
PG18   7252.410806 -20402.500124 -15111.366377   -266.377678  5  8  4 215       
PG19  12488.591628  17999.395305  15367.817812    704.920545  4  7  4 221       
PG20  24137.091391  10547.924208  -3289.892438    275.550209  6  4  5 198       
PG21   9945.074148  11405.686598 -21823.883619    371.816065  4  4  5 212       
PG22  -2190.443826  18320.257539  19532.606123     71.431081  5  6  2 227       
PG23  14836.012010 -20225.307902   8350.716603    684.967870  5  6  2 218       
PG24  16329.258689   2403.374057  20304.147352    188.169228  2  4  3 235       
PG25  19588.174877 -17733.311088   -352.032839    392.593487  1  4  2 273       
PG26  -6302.764655 -15725.868214 -20625.830595   -391.374521  3  5  4 216       
PG27 -22248.274501 -13154.024366  -7394.985249      0.457371  6  4  5 290       
PG28  -4559.349899 -26129.440610   1103.606858   -426.111186  4  9  4 218       
PG29  15824.692104  -8149.915908 -19793.921970   -251.201777  4  4  3 204       
PG30    830.341354  25787.942199  -5507.514151    349.671534  6  7  6 208       
PG31 -10119.368207 -22700.736617  -9249.851236   -123.776067  2  6  4 249       
PG32  -6251.143448 -16730.497592  19997.208993    246.730278  4  3  1 421       
*  2026  9  1 18  0  0.00000000
PG01 -15333.513990    915.983164  21660.900548    182.629133  4  6  3 412       
PG02 -17028.421662  -7900.371579  19384.045043    168.120865  2  4  4 406       
PG03 -21624.619404   9765.917147  11630.707771    291.386043  3  4  2 428       
PG04 -23596.921384   1015.594039 -12302.405877     64.637860  3  5  2 220       
PG05  16851.784866   2243.906336 -20582.961788   -236.450208  3  4  3 270       
PG06   4889.826106  25999.448303   1143.841930   -535.240140  5  8  5 236       
PG07  -8618.760510  17165.790201 -17548.838027   -220.829357  5  8  3 274       
PG08 -26276.677229  -5227.869843   1184.311609    358.197966  5  3  4 436       
PG09 -15549.529314   9746.301103 -19340.625356    688.374137  2  6  2 232       
PG10   6899.625075 -20336.147577  15666.667723   -540.965544  4  5  1 217       
PG11  11747.467263  21443.143040 -10420.515609   -223.472922  5  7  4 229       
PG12  22224.503931  -7316.631045  12293.646766   -603.017851  2  5  4 220       
PG13  20948.376202  -6811.162765  14782.320590    436.671728  2 13  6 242       
PG14  -9476.232433  21331.676658  12476.448237    750.046475  3  6  4 208       
PG15  26432.652161   1795.047637   1400.431642    441.275276  2  3  5 238       
PG16 -13230.606020  -8924.891523 -21681.317145    326.323455  6  5  4 264       
PG17  -2619.652345  15396.307812  21828.859070   -195.915655  6  6  1 262       
PG18   7771.654921 -18607.666041 -17063.487916   -266.369623  4  7  4 224       
PG19  10732.861707  17392.194288  17223.822391    704.920737  4  7  4 221       
PG20  23545.708556  10628.775861  -6081.829462    275.558510  6  3  5 196       
PG21   8055.501353  13026.730206 -21691.981750    371.809067  4  5  5 204       
PG22  -3926.782267  19479.938559  18088.376546     71.439256  5  6  2 239       
PG23  15538.931183 -20630.410804   5569.307871    684.971187  4  6  3 228       
PG24  16989.941530   4699.180034  19396.440305    188.184851  2  4  1 234       
PG25  19685.043474 -17390.973818   2487.465636    392.590380  1  4  3 274       
PG26  -4681.730898 -17332.472126 -19702.165804   -391.375701  3  5  4 220       
PG27 -21285.177452 -13096.265141  -9970.293383      0.457288  5  4  5 287       
PG28  -4248.230292 -25906.901637   3944.991194   -426.101527  3  9  4 213       
PG29  17798.846646  -7223.120094 -18443.866318   -251.195389  4  4  3 214       
PG30    330.131914  25064.565444  -8179.386335    349.682805  6  7  6 220       
PG31 -10018.062056 -23612.461150  -6586.018684   -123.773378  2  6  4 245       
PG32  -4050.538914 -16112.451965  21042.962874    246.747299  3  3  1 421       
*  2026  9  1 18 15  0.00000000
PG01 -15799.682455  -1500.238212  21298.489263    182.621051  4  5  3 412       
PG02 -17669.013108  -9845.565438  17885.843520    168.127356  3  4  5 406       
PG03 -20658.198370   8614.548264  14017.667999    291.367523  3  4  2 428       
PG04 -24756.792476    485.024847  -9826.607931     64.638233  3  5  1 229       
PG05  15320.527074   4048.094869 -21489.974139   -236.450476  3  5  3 272       
PG06   4630.566010  25766.045937   4037.188471   -535.230509  5  8  6 244       
PG07  -9394.891160  15073.763860 -18996.633765   -220.831916  5  7  3 279       
PG08 -26221.223719  -5496.254530  -1602.916539    358.188766  6  2  4 436       
PG09 -17574.114500   9167.819385 -17829.473249    688.366390  2  5  2 239       
PG10   8147.844423 -21391.559260  13436.158285   -540.959050  3  5  1 235       
PG11  11772.587423  22515.869097  -7830.007518   -223.462045  5  8  4 236       
PG12  21189.053828  -6108.062309  14526.725834   -603.016956  1  4  4 239       
PG13  19865.860426  -5342.972843  16738.722579    436.676106  1 13  7 239       
PG14 -10586.332340  22044.584306  10064.475769    750.046353  2  6  4 228       
PG15  26469.073225   2099.214270  -1422.911258    441.277871  2  4  5 243       
PG16 -11411.572037 -10506.696861 -21971.888689    326.329355  6  5  4 268       
PG17  -4943.267480  14690.031085  21939.439218   -195.919847  6  5  1 264       
PG18   8435.214405 -16644.746210 -18717.160438   -266.361517  5  7  5 227       
PG19   8763.714744  16810.536799  18788.916975    704.921038  5  7  4 229       
PG20  22656.897954  10669.049232  -8768.843812    275.566837  6  4  5 222       
PG21   6279.555653  14720.154859 -21186.586266    371.802165  4  6  5 227       
PG22  -5463.898911  20614.449285  16343.542714     71.447251  5  6  3 247       
PG23  15996.323196 -20839.397926   2690.540201    684.974537  4  6  4 234       
PG24  17710.750004   6840.216561  18141.429939    188.200572  2  5  1 246       
PG25  19580.748390 -16817.275452   5283.252294    392.587372  2  4  3 277       
PG26  -3211.087361 -18921.382344 -18443.096726   -391.376890  3  5  4 235       
PG27 -20052.151489 -13022.112434 -12380.550316      0.457736  5  4  4 281       
PG28  -3833.894770 -25396.418921   6718.379287   -426.091834  3  9  4 229       
PG29  19656.664526  -6455.770090 -16778.901721   -251.188768  4  4  4 222       
PG30   -286.650613  24081.000761 -10707.368857    349.694156  6  7  6 242       
PG31  -9886.246528 -24230.555980  -3807.858047   -123.770935  3  7  4 254       
PG32  -1724.645225 -15591.333607  21736.664275    246.764384  3  3  1 421       
*  2026  9  1 18 30  0.00000000
PG01 -16373.506161  -3828.724385  20569.648280    182.612867  5  5  4 412       
PG02 -18338.021436 -11585.570854  16094.626978    168.133713  3  5  5 406       
PG03 -19586.224265   7215.302844  16159.241078    291.348942  3  4  2 428       
PG04 -25661.617543     83.955132  -7183.190776     64.638605  3  5  1 254       
PG05  13842.162882   5998.855631 -22033.004166   -236.450804  3  6  4 279       
PG06   4260.674482  25237.207199   6860.491759   -535.220968  5  7  6 261       
PG07 -10320.602971  12881.851701 -20096.289914   -220.834807  5  6  3 285       
PG08 -25873.155742  -5723.013733  -4363.419188    358.179570  6  2  4 436       
PG09 -19441.813251   8728.414815 -16014.949206    688.358582  2  4  2 259       
PG10   9160.143443 -22318.242413  10973.987686   -540.952686  3  5  2 259       
PG11  11767.953942  23297.289967  -5105.134240   -223.451215  6  8  4 257       
PG12  20046.854891  -4675.582681  16505.415604   -603.016200  2  3  4 260       
PG13  18732.154612  -3659.656629  18405.805260    436.680344  1 13  7 249       
PG14 -11473.869886  22598.774253   7477.034427    750.046184  2  6  4 255       
PG15  26203.959332   2391.425477  -4221.901302    441.280747  2  4  5 264       
PG16  -9667.135929 -12193.556078 -21898.331991    326.335540  6  6  4 272       
PG17  -7290.432414  14109.274169  21685.068213   -195.923817  5  4  1 277       
PG18   9253.627570 -14559.796270 -20043.981046   -266.353457  5  6  5 253       
PG19   6610.867301  16286.718753  20035.400850    704.921187  5  6  4 256       
PG20  21479.102825  10706.649449 -11304.488314    275.575122  6  4  5 253       
PG21   4647.136476  16447.072349 -20316.284442    371.795223  3  7  5 256       
PG22  -6788.807567  21682.628629  14327.006762     71.455337  5  7  3 266       
PG23  16229.757613 -20818.110266   -235.327817    684.977821  4  6  4 256       
PG24  18461.043824   8792.116137  16563.403548    188.216236  2  6  1 263       
PG25  19306.797319 -15994.194070   7985.846730    392.584321  2  4  3 283       
PG26  -1904.233185 -20450.308826 -16868.706135   -391.378130  3  4  4 259       
PG27 -18565.201806 -12967.340607 -14586.261692      0.457315  5  4  4 290       
PG28  -3285.331131 -24620.253133   9375.979997   -426.082164  4  9  4 256       
PG29  21354.264147  -5839.606205 -14827.712647   -251.182389  4  4  4 253       
PG30  -1044.058177  22866.691137 -13046.752317    349.705399  6  8  6 264       
PG31  -9686.117662 -24551.686241   -963.335986   -123.768170  4  7  5 262       
PG32    683.541802 -15187.127250  22066.503660    246.781471  2  2  2 421       
*  2026  9  1 18 45  0.00000000
PG01 -17033.431277  -6026.697346  19487.175129    182.604245  5  3  4 412       
PG02 -18999.224732 -13098.166026  14040.010054    168.139918  3  6  5 406       
PG03 -18454.490176   5575.643165  18017.550533    291.330064  4  4  2 428       
PG04 -26285.175239   -217.737283  -4417.350359     64.638647  3  6  1 282       
PG05  12452.500145   8062.219396 -22202.953464   -236.451316  3  6  4 291       
PG06   3747.813746  24436.993404   9564.894107   -535.211718  5  7  6 283       
PG07 -11392.717724  10640.275101 -20827.639389   -220.838075  5  5  2 295       
PG08 -25234.458289  -5943.841600  -7051.274010    358.170049  5  2  4 436       
PG09 -21111.616818   8410.316289 -13927.837260    688.350476  2  4  2 284       
PG10   9942.531585 -23071.850904   8321.770727   -540.946569  2  6  3 283       
PG11  11695.305189  23784.134100  -2292.733009   -223.440670  6  9  3 282       
PG12  18841.104231  -3026.751207  18194.373293   -603.015850  2  3  3 282       
PG13  17588.893271  -1779.068252  19754.548487    436.684303  3 13  7 298       
PG14 -12149.983612  22957.519310   4758.936998    750.045675  3  6  4 281       
PG15  25644.477665   2707.355992  -6949.003182    441.283041  2  5  4 285       
PG16  -8029.787751 -13952.076633 -21460.585784    326.341340  6  6  4 287       
PG17  -9615.366935  13661.732013  21070.639718   -195.928033  5  3  1 292       
PG18  10229.260409 -12401.278518 -21021.423301   -266.345730  5  6  5 282       
PG19   4310.522990  15847.966556  20940.690176    704.920935  5  6  4 282       
PG20  20029.435371  10777.846253 -13644.883912    275.583147  6  5  5 280       
PG21   3180.936230  18164.688025 -19095.958394    371.787947  3  7  4 282       
PG22  -7896.508064  22642.730753  12072.073519     71.462999  5  7  4 285       
PG23  16267.901899 -20538.843946  -3157.063330    684.980807  4  5  4 282       
PG24  19206.075149  10527.861859  14692.273932    188.231596  3  6  3 283       
PG25  18898.974509 -14911.679030  10547.055968    392.580965  3  5  4 293       
PG26   -767.057413 -21876.182139 -15004.633876   -391.379657  3  4  3 283       
PG27 -16847.649490 -12964.751993 -16551.303805      0.457071  5  4  4 298       
PG28  -2576.664803 -23607.856011  11872.011484   -426.072829  4  9  4 281       
PG29  22851.388686  -5358.870702 -12623.772561   -251.176041  3  4  4 281       
PG30  -1959.976420  21457.126574 -15156.131384    349.716300  6  7  7 284       
PG31  -9380.970635 -24581.341846   1898.016757   -123.765802  4  7  5 283       
PG32   3127.812866 -14912.386374  22026.578772    246.798210  3  1  2 421       
*  2026  9  1 19  0  0.00000000
PG01 -17751.505748  -8056.372258  18069.915904    182.596542  5  2  4 412       
PG02 -19613.834984 -14368.683525  11755.664681    168.146408  4  6  5 406       
PG03 -17308.148020   3712.298365  19559.689504    291.311897  4  4  3 428       
PG04 -26609.019766   -454.388296  -1576.276657     64.639301  3  6  1 258       
PG05  11181.308359  10198.461886 -21996.938212   -236.451164  3  7  4 283       
PG06   3065.156769  23396.925602  12103.725054   -535.201774  5  7  6 264       
PG07 -12599.637998   8399.207387 -21177.694520   -220.840415  5  4  2 290       
PG08 -24315.093624  -6193.679934  -9621.871048    358.161289  5  2  4 437       
PG09 -22547.720660   8189.136174 -11603.539076    688.343083  2  4  2 261       
PG10  10509.491320 -23611.546239   5524.818358   -540.939834  2  6  3 264       
PG11  11517.385896  23981.877262    558.947503   -223.429416  7  9  3 262       
PG12  17614.489898  -1177.790891  19563.293939   -603.014707  1  3  3 264       
PG13  16475.018910    273.032563  20761.431430    436.689348  4 13  7 235       
PG14 -12633.121128  23088.685765   1957.515510    750.045841  3  6  3 259       
PG15  24805.932414   3080.959352  -9558.506246    441.286022  3  5  4 265       
PG16  -6526.087909 -15743.758696 -20664.462298    326.347611  6  6  4 273       
PG17 -11872.114501  13347.259546  20106.788161   -195.932053  5  2  1 273       
PG18  11356.094678 -10218.291866 -21633.201592   -266.337367  5  6  4 257       
PG19   1904.244331  15515.322181  21487.778890    704.921277  5  5  4 260       
PG20  18333.143827  10915.699796 -15749.491584    275.591901  6  5  5 258       
PG21   1895.732241  19827.851061 -17546.536149    371.781355  3  8  4 259       
PG22  -8789.997198  23453.970378   9615.968977     71.471583  5  7  5 272       
PG23  16145.235450 -19981.588277  -6023.403619    684.984440  4  5  5 260       
PG24  19908.456603  12028.560696  12562.869508    188.247641  3  6  3 267       
PG25  18395.821801 -13568.301933  12920.921180    392.578411  3  5  4 278       
PG26    202.162328 -23156.736481 -12881.737531   -391.380574  3  3  3 264       
PG27 -14929.397601 -13042.862042 -18243.426262      0.458038  5  4  4 281       
PG28  -1688.362296 -22394.730271  14163.492756   -426.062801  4  8  5 260       
PG29  24112.830432  -4991.088448 -10204.775624   -251.169174  3  3  4 257       
PG30  -3045.190270  19892.488852 -16998.198441    349.727822  6  8  7 269       
PG31  -8936.856265 -24333.607188   4725.995177   -123.762837  4  8  5 264       
PG32   5560.269948 -14771.761261  21617.010036    246.815604  3  1  3 421       
*  2026  9  1 19 15  0.00000000
PG01 -18494.476758  -9886.204178  16342.426831    182.588233  5  1  4 412       
PG02 -20141.956189 -15390.365224   9278.849689    168.152821  5  7  5 406       
PG03 -16189.909450   1650.826721  20758.351852    291.293342  5  4  3 428       
PG04 -26623.150335   -663.037833   1291.631344     64.639580  3  6  2 261       
PG05  10051.292969  12363.437935 -21418.335865   -236.451463  4  7  5 283       
PG06   2192.620963  22154.737055  14433.313873   -535.192232  5  6  6 267       
PG07 -13921.711959   6206.842605 -21140.897434   -220.843385  5  4  2 292       
PG08 -23132.674197  -6505.251629 -12032.572950    358.152064  5  3  4 437       
PG09 -23720.773329   8034.948882  -9081.499887    688.335236  2  4  2 264       
PG10  10883.285533 -23901.679644   2631.385262   -540.933423  2  6  4 267       
PG11  11199.548100  23904.414624   3401.067889   -223.418572  6  9  3 266       
PG12  16407.506277    846.810108  20587.518847   -603.014123  1  3  3 266       
PG13  15425.285236   2463.770483  21408.857874    436.693708  6 13  7 238       
PG14 -12948.141499  22966.103259   -878.231673    750.045658  2  6  3 263       
PG15  23711.117424   3543.013653 -12007.221083    441.288725  3  6  4 269       
PG16  -5175.780412 -17526.261768 -19521.657486    326.353645  6  6  4 274       
PG17 -14016.056659  13157.967954  18809.703533   -195.935847  5  2  1 279       
PG18  12619.859439  -8058.797814 -21869.512423   -266.329382  5  5  4 260       
PG19   -562.393088  15302.760062  21665.624818    704.921547  5  5  4 263       
PG20  16422.771786  11148.617151 -17581.827883    275.600219  7  6  5 261       
PG21    797.991022  21390.709446 -15694.637280    371.774364  2  8  4 264       
PG22  -9479.993202  24078.052282   6999.303124     71.479454  5  7  5 273       
PG23  15900.532697 -19134.967909  -8784.008421    684.987681  4  5  5 263       
PG24  20529.719210  13283.872029  10214.153363    188.263283  3  5  4 269       
PG25  17836.998806 -11971.565559  15064.641656    392.575344  4  5  4 280       
PG26   1012.562736 -24252.098785 -10535.648847   -391.381745  2  3  3 267       
PG27 -12845.976627 -13224.748341 -19634.705222      0.457946  5  5  4 281       
PG28   -608.187632 -21021.068761  16210.985302   -426.053128  5  8  5 263       
PG29  25109.672581  -4708.106093  -7612.004162   -251.162858  3  3  4 260       
PG30  -4302.741160  18216.115093 -18540.456576    349.738951  6  7  7 271       
PG31  -8324.152791 -23830.593071   7470.649413   -123.760141  5  8  5 268       
PG32   7932.919919 -14761.825476  20843.974932    246.832657  3  1  3 421       
*  2026  9  1 19 30  0.00000000
PG01 -19225.102711 -11491.893491  14334.541190    182.580117  5  3  4 412       
PG02 -20544.092609 -16164.448903   6649.901424    168.159285  5  7  6 406       
PG03 -15138.353703   -575.180247  21592.355573    291.274893  5  4  2 428       
PG04 -26326.373361   -881.820351   4137.565928     64.639904  4  6  3 271       
PG05   9077.342972  14510.087861 -20476.738307   -236.451746  4  8  5 288       
PG06   1117.832259  20752.901439  16513.739684   -535.182590  5  6  6 275       
PG07 -15331.963417   4107.571381 -20719.176389   -220.846094  4  4  2 297       
PG08 -21711.874746  -6907.682834 -14243.344345    358.142956  5  4  4 437       
PG09 -24608.894680   7913.588660  -6404.567216    688.327495  3  4  2 273       
PG10  11092.947400 -23913.304814   -308.165078   -540.927064  3  6  5 276       
PG11  10711.254243  23573.423461   6185.023235   -223.407673  6  8  2 274       
PG12  15256.861983   3015.037676  21248.537472   -603.013382  1  3  3 275       
PG13  14468.935205   4754.226216  21685.476853    436.698106  7 13  7 237       
PG14 -13125.158440  22570.715629  -3698.538420    750.045514  3  6  3 272       
PG15  22389.418867   4119.818908 -14255.101782    441.291400  4  6  4 276       
PG16  -3991.149275 -19254.839313 -18049.680523    326.359844  5  7  4 280       
PG17 -16005.380648  13078.606210  17200.879938   -195.939717  5  3  1 287       
PG18  13998.497487  -5967.912953 -21727.151481   -266.321346  5  5  4 270       
PG19  -3041.319516  15216.575351  21469.448633    704.921898  5  5  4 273       
PG20  14337.041440  11499.097258 -19110.110583    275.608638  7  7  4 271       
PG21   -114.200036  22808.406061 -13572.118697    371.767452  2  8  4 273       
PG22  -9984.381360  24480.632413   4265.479966     71.487045  5  7  5 276       
PG23  15575.178018 -17996.847848 -11390.398580    684.991020  4  4  5 272       
PG24  21031.891907  14292.087292   7688.397235    188.279020  4  5  3 278       
PG25  17261.591845 -10137.849956  16939.450373    392.572307  3  5  5 285       
PG26   1680.200300 -25126.321928  -8006.227023   -391.382977  2  3  2 276       
PG27 -10637.400912 -13527.100869 -20701.945586      0.458154  5  4  4 283       
PG28    668.126007 -19530.225930  17979.271905   -426.043464  4  7  6 272       
PG29  25820.303222  -4477.349576  -4889.641657   -251.156291  2  2  4 271       
PG30  -5727.604650  16472.844498 -19755.834511    349.750143  6  7  7 278       
PG31  -7518.984266 -23101.548044  10083.233412   -123.757514  4  8  5 275       
PG32  10199.282435 -14871.209351  19719.658612    246.849717  4  2  3 421       
*  2026  9  1 19 45  0.00000000
PG01 -19903.628661 -12857.113340  12080.849607    182.571921  4  5  4 412       
PG02 -20782.659146 -16699.983164   3911.686379    168.165483  5  8  6 406       
PG03 -14186.413245  -2925.221015  22047.045729    291.256387  5  4  2 428       
PG04 -25726.344898  -1148.316356   6913.114540     64.640197  4  6  3 270       
PG05   8266.079101  16590.062315 -19187.811548   -236.452215  5  8  5 285       
PG06   -163.217159  19236.996381  18309.506406   -535.173035  5  6  6 275       
PG07 -16797.148542   2140.348785 -19921.811077   -220.848931  4  4  2 298       
PG08 -20083.604311  -7425.260632 -16217.345953    358.133715  4  4  4 437       
PG09 -25198.424867   7788.118401  -3618.290891    688.319691  3  3  2 272       
PG10  11172.987616 -23625.454662  -3242.263785   -540.920724  3  6  5 275       
PG11  10027.425139  23017.442313   8863.259607   -223.396838  6  8  2 274       
PG12  14194.048107   5288.404293  21534.368509   -603.012490  2  3  3 276       
PG13  13628.606397   7100.749163  21586.391964    436.702501  7 13  8 236       
PG14 -13198.170756  21891.462202  -6453.795624    750.045306  3  6  3 271       
PG15  20875.708021   4832.087904 -16265.791938    441.294066  5  6  3 276       
PG16  -2976.646630 -20883.895907 -16271.695851    326.365770  5  7  4 279       
PG17 -17802.451962  13087.213866  15306.800365   -195.944297  4  3  1 283       
PG18  15462.944489  -3986.334288 -21209.508319   -266.313328  5  5  4 269       
PG19  -5483.609832  15255.074336  20900.933489    704.922075  5  6  4 272       
PG20  12119.503494  11982.714719 -20307.822150    275.616947  7  7  4 270       
PG21   -850.871114  24038.750281 -11215.528012    371.760466  3  8  4 272       
PG22 -10327.397322  24632.659287   1460.058071     71.495523  4  6  6 280       
PG23  15211.382860 -16574.574624 -13796.859528    684.994249  4  4  5 271       
PG24  21379.037305  15059.871967   5030.334610    188.294667  4  5  3 277       
PG25  16706.445554  -8091.991522  18511.415730    392.569236  3  5  5 285       
PG26   2227.272435 -25748.799573  -5336.912984   -391.384236  1  2  2 276       
PG27  -8346.872975 -13959.504968 -21427.030065      0.457802  5  4  4 286       
PG28   2136.515963 -17967.081055  19437.960987   -426.033818  4  6  6 272       
PG29  26231.164595  -4263.252025  -2084.041495   -251.150035  2  2  4 269       
PG30  -7306.702968  14707.317853 -20623.188912    349.761290  6  6  7 277       
PG31  -6504.421622 -22181.681184  12517.150254   -123.754991  4  8  5 275       
PG32  12315.956185 -15081.038993  18262.118113    246.866730  4  3  3 421       
*  2026  9  1 20  0  0.00000000
PG01 -20489.368145 -13973.933044   9620.102986    182.563598  5  6  4 412       
PG02 -20823.445249 -17013.374810   1109.016566    168.171690  5  8  6 406       
PG03 -13360.100533  -5353.289368  22114.567292    291.237775  5  4  1 428       
PG04 -24839.292334  -1497.926915   9571.055688     64.640455  4  6  4 264       
PG05   7615.719570  18555.407486 -17573.062711   -236.452378  6  8  5 284       
PG06  -1645.841514  17653.967591  19790.131921   -535.163544  5  6  6 270       
PG07 -18279.084246    337.326877 -18765.118311   -220.851882  4  4  2 297       
PG08 -18283.966122  -8076.368644 -17921.489094    358.124387  4  4  4 437       
PG09 -25484.375111   7620.414641   -770.173908    688.311777  3  3  3 267       
PG10  11161.867509 -23026.123082  -6119.090848   -540.914484  3  5  5 269       
PG11   9129.581712  22270.702864  11390.068994   -223.386080  5  8  2 269       
PG12  13244.128354   7623.273543  21439.809027   -603.011895  2  3  3 270       
PG13  12919.507221   9456.460591  21113.254852    436.706861  8 12  8 240       
PG14 -13203.536416  20925.850091  -9095.481291    750.045090  4  6  3 265       
PG15  19209.068936   5694.063556 -18007.094737    441.296838  6  7  3 267       
PG16  -2128.813209 -22368.614976 -14216.271345    326.371410  6  7  4 276       
PG17 -19375.046563  13156.023051  13158.559670   -195.948249  3  4  1 296       
PG18  16978.186550  -2148.956898 -20326.443081   -266.305405  5  4  4 263       
PG19  -7841.182010  15408.587155  19968.313956    704.921964  5  6  4 266       
PG20   9817.005841  12607.383458 -21154.180297    275.625252  7  7  4 263       
PG21  -1429.589064  25043.800275  -8665.473642    371.753364  3  8  4 266       
PG22 -10538.573545  24511.546940  -1369.934186     71.503299  4  6  6 274       
PG23  14850.379914 -14884.842707 -15961.288941    684.997450  4  4  4 265       
PG24  21538.684162  15601.694566   2286.314418    188.310239  4  5  3 271       
PG25  16204.591578  -5866.508355  19752.145468    392.565906  3  5  5 288       
PG26   2681.079782 -26095.502358  -2573.992218   -391.385551  1  2  3 270       
PG27  -6019.377138 -14523.981888 -21797.212393      0.457650  5  4  4 282       
PG28   3784.555521 -16376.356671  20562.006281   -426.024164  3  4  6 265       
PG29  26337.210355  -4028.798046    757.037826   -251.143608  1  2  4 263       
PG30  -9019.251985  12962.301305 -21127.682944    349.772300  5  5  6 271       
PG31  -5271.410558 -21110.742311  14728.870161   -123.752470  4  8  4 272       
PG32  14244.087793 -15365.669075  16495.057855    246.883645  4  4  3 421       
*  2026  9  1 20 15  0.00000000
PG01 -20942.330569 -14842.923101   6994.548370    182.555307  5  7  3 412       
PG02 -20636.984097 -17127.680388  -1711.971427    168.177831  5  8  6 406       
PG03 -12677.528742  -7809.504233  21794.001837    291.219165  5  5  1 428       
PG04 -23689.425946  -1962.332155  12066.135568     64.640638  4  6  4 255       
PG05   7116.269287  20360.249993 -15659.515878   -236.453062  7  8  5 275       
PG06  -3316.675275  16050.361768  20930.642902   -535.154073  5  6  5 263       
PG07 -19736.180885  -1277.191646 -17271.976763   -220.854840  5  4  3 297       
PG08 -16353.039807  -8872.637560 -19326.946074    358.115085  4  5  4 437       
PG09 -25470.561862   7372.809084   2091.115253    688.303887  3  4  3 260       
PG10  11100.298619 -22112.903754  -8887.559336   -540.908262  3  5  6 262       
PG11   8006.737367  21371.759746  13722.350513   -223.375321  4  8  3 261       
PG12  12424.803159   9972.402621  20966.544241   -603.011417  3  2  3 261       
PG13  12348.896663  11772.889108  20274.240652    436.711245  9 12  7 248       
PG14 -13178.354171  19680.191229 -11577.074268    750.044810  4  6  3 256       
PG15  17431.408614   6712.886749 -19451.369089    441.299474  6  7  3 259       
PG16  -1436.502536 -23666.599931 -11917.027195    326.377528  6  6  4 269       
PG17 -20697.401468  13252.580069  10791.427363   -195.952999  2  4  1 287       
PG18  18504.551555   -483.734420 -19094.051912   -266.297526  5  3  5 255       
PG19 -10068.489960  15659.810646  18686.344428    704.922098  5  6  4 257       
PG20   7478.040346  13372.930187 -21634.506664    275.633529  8  7  4 251       
PG21  -1874.580159  25791.294357  -5965.922490    371.746237  3  8  4 254       
PG22 -10651.482802  24102.134907  -4176.723316     71.511149  4  6  6 266       
PG23  14530.670127 -12953.191588 -17845.969541    685.000632  4  4  4 258       
PG24  21483.104958  15938.978197   -496.526552    188.325745  5  5  3 262       
PG25  15783.845251  -3500.502371  20639.371540    392.562741  3  5  5 284       
PG26   3072.767255 -26149.980193    234.222538   -391.386909  2  2  2 262       
PG27  -3700.207490 -15214.804587 -21805.351091      0.457698  4  4  5 278       
PG28   5591.746803 -14800.957158  21332.133230   -426.014594  2  4  6 257       
PG29  26142.054120  -3737.126255   3585.220005   -251.137254  1  4  4 255       
PG30 -10837.427330  11277.104311 -21261.033704    349.783325  4  5  5 263       
PG31  -3819.381691 -19931.417843  16678.796821   -123.750086  4  7  4 268       
PG32  15950.689594 -15693.687244  14447.514745    246.900555  4  4  3 421       
*  2026  9  1 20 30  0.00000000
PG01 -21224.831797 -15472.939400   4249.208900    182.547168  5  8  3 412       
PG02 -20199.780213 -17071.661340  -4504.472164    168.184234  5  8  5 406       
PG03 -12148.266344 -10241.896769  21091.365721    291.200762  4  5  1 429       
PG04 -22308.062014  -2568.091666  14355.814318     64.640999  4  6  5 267       
PG05   6750.027061  21962.420142 -13479.299267   -236.453509  7  8  4 279       
PG06  -5154.025512  14470.596609  21711.969053   -535.144446  5  5  5 272       
PG07 -21125.104277  -2687.441018 -15471.214900   -220.857768  5  4  3 300       
PG08 -14333.526010  -9818.341244 -20409.611522    358.105935  4  5  5 437       
PG09 -25169.417513   7009.724242   4916.557269    688.296162  3  4  3 270       
PG10  11029.439051 -20893.252030 -11498.306116   -540.901827  3  4  6 272       
PG11   6656.007349  20361.970648  15820.326432   -223.364389  4  8  3 271       
PG12  11745.787811  12286.638744  20123.114513   -603.010621  3  2  3 272       
PG13  11915.888120  14001.674724  19083.905518    436.715670 10 12  7 249       
PG14 -13158.821156  18169.492513 -13854.930053    750.044648  5  5  3 268       
PG15  15585.998632   7888.229665 -20575.854824    441.302280  7  7  3 270       
PG16   -881.409522 -24739.467735  -9412.181724    326.383544  6  6  4 277       
PG17 -21751.047479  13341.050030   8244.351747   -195.957126  2  4  1 291       
PG18  19999.181492    989.177803 -17534.329468   -266.289382  5  3  5 267       
PG19 -12124.142831  15984.475655  17076.139408    704.922316  5  7  4 269       
PG20   5151.032008  14270.995269 -21740.486618    275.641946  8  8  4 266       
PG21  -2215.591204  26255.875510  -3163.437473    371.739331  3  7  3 268       
PG22 -10702.320698  23397.396454  -6912.548571     71.519404  3  5  6 277       
PG23  14286.395641 -10813.154965 -19418.250346    685.004014  4  4  4 268       
PG24  21190.396148  16099.018579  -3271.058006    188.341476  5  5  4 273       
PG25  15465.633744  -1038.284614  21157.398583    392.559809  3  5  5 289       
PG26   3435.892489 -25904.083509   3038.273814   -391.388133  2  3  2 273       
PG27  -1433.477922 -16018.598613 -21450.079353      0.457443  4  4  5 286       
PG28   7530.130183 -13280.391408  21735.165218   -426.004841  2  4  6 269       
PG29  25657.803740  -3353.129711   6352.309402   -251.130812  1  4  4 267       
PG30 -12727.320408   9686.156772 -21021.625132    349.794534  3  4  5 273       
PG31  -2156.512325 -18687.610078  18332.058368   -123.747568  3  7  4 277       
PG32  17409.756281 -16029.157816  12153.452152    246.917680  3  4  2 422       
*  2026  9  1 20 45  0.00000000
PG01 -21303.026431 -15880.596313   1431.119781    182.538883  5  8  4 412       
PG02 -19495.351216 -16878.629857  -7221.699299    168.190626  6  7  5 406       
PG03 -11773.050712 -12598.280986  20019.471131    291.182273  4  5  1 429       
PG04 -20732.489599  -3335.439609  16400.971206     64.641273  4  6  5 265       
PG05   6492.393909  23324.953625 -11069.147296   -236.453805  7  7  5 278       
PG06  -7128.547164  12955.333772  22121.232523   -535.134893  5  5  5 271       
PG07 -22402.489111  -3886.503218 -13396.889869   -220.860712  6  4  3 301       
PG08 -12269.298240 -10910.061797 -21150.509225    358.096690  4  5  5 437       
PG09 -24601.482832   6499.240245   7657.611013    688.288338  3  4  3 268       
PG10  10989.063500 -19384.352293 -13904.663856   -540.895494  3  4  6 271       
PG11   5082.912033  19283.884423  17648.202389   -223.353552  3  7  4 268       
PG12  11208.530518  14516.698360  18924.740418   -603.009934  3  3  3 270       
PG13  11611.584812  16096.274928  17562.928733    436.720054 10 12  7 248       
PG14 -13178.636206  16417.002686 -15889.098066    750.044445  5  5  3 266       
PG15  13715.997047   9212.201096 -21362.930354    441.304702  7  7  3 271       
PG16   -438.892512 -25554.332199  -6743.992811    326.389594  6  6  4 275       
PG17 -22525.393923  13383.661732   5559.407061   -195.961548  1  4  1 288       
PG18  21417.627119   2257.968856 -15674.738296   -266.281455  5  3  5 265       
PG19 -13972.383140  16352.318923  15164.881155    704.922459  5  7  4 267       
PG20   2882.637055  15285.265496 -21470.315306    275.650275  7  7  4 263       
PG21  -2486.534097  26420.061113   -306.368454    371.732298  3  7  4 265       
PG22 -10728.376146  22398.863612  -9530.444433     71.527383  3  5  6 276       
PG23  14145.905776  -8505.098302 -20651.122494    685.007301  4  4  4 267       
PG24  20645.328682  16113.718050  -5990.906409    188.357085  6  6  5 271       
PG25  15264.108216   1472.216258  21297.403421    392.556704  3  6  5 288       
PG26   3804.879759 -25358.367062   5788.488652   -391.389516  3  4  3 271       
PG27    739.336366 -16914.729569 -20735.905742      0.457846  5  4  5 280       
PG28   9565.187073 -11849.340044  21764.244510   -425.995121  2  4  5 268       
PG29  24904.587055  -2844.993903   9011.089072   -251.124573  1  5  4 266       
PG30 -14650.142792   8217.802492 -20414.486825    349.805600  3  3  4 270       
PG31   -299.625046 -17422.674033  19659.201226   -123.745014  2  7  3 275       
PG32  18603.135980 -16333.062830   9651.263416    246.934636  2  4  2 422       
*  2026  9  1 21  0  0.00000000
PG01 -21148.303338 -16089.449989  -1411.467292    182.530564  6  8  4 412       
PG02 -18515.043258 -16585.120174  -9817.601664    168.196922  6  7  5 406       
PG03 -11543.870168 -14828.131120  18597.654992    291.163858  4  5  1 429       
PG04 -19004.622359  -4277.320466  18166.558393     64.641639  4  6  5 270       
PG05   6312.954436  24417.415212  -8469.822364   -236.453887  7  7  4 283       
PG06  -9204.213506  11540.015688  22151.930303   -535.125292  5  5  4 275       
PG07 -23526.627605  -4876.243313 -11087.486637   -220.863585  7  5  3 303       
PG08 -10203.910420 -12136.638931 -21536.138357    358.087530  4  5  5 437       
PG09 -23794.598302   5814.531708  10267.043668    688.280531  3  4  3 271       
PG10  11015.786778 -17612.591093 -16063.588492   -540.889122  2  3  5 275       
PG11   3301.362442  18179.597981  19174.762079   -223.342658  3  7  4 272       
PG12  10806.280994  16614.954427  17393.010952   -603.009333  3  3  3 273       
PG13  11419.540919  18013.606084  15737.744253    436.724454 11 12  7 249       
PG14 -13267.516566  14453.434804 -17644.061515    750.044333  4  4  3 271       
PG15  11862.998221  10669.522109 -21800.306233    441.307705  7  6  3 272       
PG16    -79.065433 -26085.114919  -3958.096673    326.395742  6  5  4 279       
PG17 -23018.042383  13342.244628   2781.185846   -195.965424  1  4  1 286       
PG18  22715.502971   3319.392091 -13547.695788   -266.273400  6  4  5 269       
PG19 -15584.359517  16728.325467  12985.393902    704.922535  5  7  4 271       
PG20    716.116131  16392.030039 -20828.727291    275.658659  7  7  4 268       
PG21  -2723.967489  26274.919843   2555.988919    371.725305  4  7  4 269       
PG22 -10766.444699  21116.746456 -11985.037347     71.535306  2  4  6 279       
PG23  14130.574092  -6074.793997 -21523.678966    685.010557  5  4  4 270       
PG24  19839.946476  16018.188346  -8611.153703    188.372815  6  6  5 277       
PG25  15185.578661   3981.192050  21057.578428    392.553815  3  5  5 285       
PG26   4213.424350 -24522.153137   8435.933149   -391.390765  3  4  3 275       
PG27   2780.776017 -17875.969779 -19673.239678      0.457793  5  4  5 280       
PG28  11657.001693 -10536.421843  21418.944585   -425.985420  2  4  5 273       
PG29  23909.786146  -2185.613972  11516.106640   -251.118118  1  6  3 269       
PG30 -16563.627374   6893.355752 -19451.142883    349.816712  3  2  4 275       
PG31   1726.274755 -16177.688538  20636.767874   -123.742402  2  6  3 275       
PG32  19521.118874 -16564.889780   6983.187290    246.951589  1  4  3 422       
*  2026  9  1 21 15  0.00000000
PG01 -20738.491256 -16128.923951  -4229.898439    182.522299  6  8  4 413       
PG02 -17258.584977 -16229.427190 -12247.601563    168.203188  6  7  5 406       
PG03 -11444.408011 -16884.389461  16851.384039    291.145248  4  5  2 429       
PG04 -17169.484691  -5398.702813  19622.193391     64.641966  4  6  5 269       
PG05   6176.792807  25216.993487  -5725.462564   -236.454240  7  6  4 282       
PG06 -11339.543403  10253.620012  21804.009209   -535.115758  5  5  4 274       
PG07 -24459.062840  -5666.888093  -8585.066403   -220.866629  7  5  4 303       
PG08  -8179.111078 -13479.410213 -21558.752401    358.078288  4  5  5 437       
PG09 -22782.823235   4935.117668  12699.747940    688.272729  3  3  3 271       
PG10  11141.419473 -15612.654810 -17936.516855   -540.882821  1  2  5 274       
PG11   1333.327972  17089.143751  20373.887692   -223.331881  3  6  4 271       
PG12  10524.504377  18537.157138  15555.443853   -603.008677  4  4  3 272       
PG13  11316.529415  19715.555973  13640.068774    436.728866 11 12  7 250       
PG14 -13449.890365  12315.897255 -19089.383418    750.044222  4  3  3 271       
PG15  10065.656017  12237.962930 -21881.157511    441.310408  7  6  3 271       
PG16    231.875850 -26313.625197  -1102.749644    326.401865  6  5  3 278       
PG17 -23234.814437  13179.805462    -43.860431   -195.969341  2  3  1 289       
PG18  23850.139786   4178.655561 -11189.989974   -266.265393  6  5  5 269       
PG19 -16939.136668  17074.193983  10575.588160    704.922697  4  7  4 270       
PG20  -1310.154302  17561.037932 -19826.909392    275.666985  6  7  4 267       
PG21  -2965.475713  25820.429178   5374.251246    371.718224  4  6  4 268       
PG22 -10851.243873  19569.734320 -14233.344359     71.543209  1  4  5 278       
PG23  14253.913135  -3571.793827 -22021.450966    685.013821  5  5  4 270       
PG24  18773.900413  15849.276033 -11088.979951    188.388547  6  6  6 277       
PG25  15228.294364   6438.762922  20443.117249    392.550726  4  5  6 284       
PG26   4692.916437 -23413.245982  10933.368653   -391.392078  3  5  3 274       
PG27   4658.644270 -18869.427566 -18278.335268      0.457658  5  5  5 281       
PG28  13761.637507  -9363.206192  20705.272376   -425.975797  2  5  4 272       
PG29  22707.007768  -1353.836944  13824.436217   -251.111531  1  6  3 269       
PG30 -18423.567208   5726.455583 -18149.338151    349.827787  3  1  4 273       
PG31   3888.803448 -14989.836892  21247.743422   -123.739750  3  5  3 273       
PG32  20162.715708 -16684.308034   4194.639927    246.968530  1  4  3 422       
*  2026  9  1 21 30  0.00000000
PG01 -20058.828484 -16033.018693  -6975.937586    182.514012  6  8  4 413       
PG02 -15734.351574 -15850.060968 -14469.347047    168.209238  6  7  5 406       
PG03 -11450.826661 -18725.132257  14811.747247    291.126694  5  5  3 429       
PG04 -15273.587712  -6696.198596  20742.680852     64.642232  3  5  5 264       
PG05   6045.995431  25709.323187  -2882.863177   -236.454633  7  6  3 279       
PG06 -13489.037786   9117.676657  21083.834678   -535.106220  5  5  5 271       
PG07 -25166.025015  -6276.281645  -5934.391403   -220.869558  8  4  4 303       
PG08  -6233.416250 -14912.739405 -21216.563478    358.069006  4  5  5 437       
PG09 -21605.122318   3847.874053  14913.532014    688.264895  3  3  3 267       
PG10  11391.529133 -13426.288453 -19490.130909   -540.876520  1  2  4 270       
PG11   -791.801990  16048.968216  21224.998322   -223.321081  3  6  4 267       
PG12  10341.620008  20244.017063  13444.930569   -603.008124  4  4  3 268       
PG13  11273.585314  21170.308574  11306.335504    436.733288 12 12  7 251       
PG14 -13743.819066  10046.578832 -20200.245325    750.043971  4  2  3 266       
PG15   8358.422832  13889.024936 -21604.197083    441.312907  6  6  3 269       
PG16    530.140896 -26230.356757   1772.017201    326.407721  6  4  4 274       
PG17 -23189.487324  12862.089085  -2868.128181   -195.974051  3  3  1 282       
PG18  24782.172757   4848.992162  -8642.135709   -266.257470  7  6  5 265       
PG19 -18024.395112  17349.966005   7977.783286    704.922989  4  7  4 267       
PG20  -3163.974813  18756.623384 -18482.298575    275.675286  5  6  5 261       
PG21  -3248.009179  25065.499458   8099.806714    371.711183  5  6  5 262       
PG22 -11013.892018  17784.478127 -16235.559338     71.551353  1  4  5 277       
PG23  14521.020070  -1047.665912 -22136.617155    685.017038  6  5  4 266       
PG24  17454.514496  15644.063507 -13384.247909    188.404165  7  7  6 273       
PG25  15382.576088   8796.776115  19466.046895    392.547567  4  5  6 281       
PG26   5270.954071 -22057.305332  13236.184656   -391.393421  4  5  4 270       
PG27   6347.076550 -19857.713142 -16573.146913      0.457613  5  5  5 279       
PG28  15832.675851  -8343.508814  19635.560730   -425.966267  3  5  4 268       
PG29  21334.827462   -335.480859  15896.404561   -251.105113  1  6  3 264       
PG30 -20185.428399   4722.739012 -16532.651991    349.838817  4  1  5 268       
PG31   6149.310881 -13890.967061  21481.860306   -123.737134  4  4  3 269       
PG32  20535.609485 -16652.870358   1333.470458    246.985436  1  4  4 422       
*  2026  9  1 21 45  0.00000000
PG01 -19102.659557 -15838.854961  -9602.579094    182.505767  6  7  5 413       
PG02 -13959.319040 -15484.171249 -16443.467491    168.215798  6  6  5 407       
PG03 -11532.856071 -20315.028379  12514.849207    291.108165  4  4  4 429       
PG04 -13363.254995  -8158.004464  21508.454912     64.642619  3  5  4 266       
PG05   5881.284542  25889.001049      9.298563   -236.454660  7  6  3 283       
PG06 -15604.770659   8145.581962  20004.056047   -535.096594  4  5  5 273       
PG07 -25619.659684  -6728.863197  -3182.050185   -220.872658  8  5  4 304       
PG08  -4400.792803 -16404.820297 -20513.864473    358.059798  4  5  5 437       
PG09 -20303.868752   2547.766623  16869.867730    688.257133  4  3  3 268       
PG10  11784.271099 -11100.768374 -20697.007940   -540.870154  1  3  4 271       
PG11  -3038.139684  15090.558678  21713.399692   -223.310202  3  6  5 268       
PG12  10230.030483  21702.586690  11099.081314   -603.007371  4  4  3 269       
PG13  11257.281959  22353.429730   8777.044687    436.737702 12 12  8 253       
PG14 -14160.193412   7691.243461 -20957.868678    750.043788  4  1  3 268       
PG15   6770.443268  15588.845278 -20973.691227    441.315775  6  6  4 269       
PG16    852.704545 -25834.958666   4615.316114    326.413648  6  4  4 275       
PG17 -22903.241132  12359.066496  -5643.610052   -195.978258  4  3  1 283       
PG18  25477.007573   5350.930013  -5947.682786   -266.249526  7  6  4 266       
PG19 -18836.786220  17515.750293   5237.921255    704.923086  3  7  4 268       
PG20  -4820.370454  19939.054622 -16818.268979    275.683628  5  6  5 263       
PG21  -3606.251962  24027.663622  10685.660173    371.704179  5  6  5 263       
PG22 -11280.512380  15794.765285 -17955.810788     71.559269  1  4  5 277       
PG23  14928.372065   1445.832197 -21868.085212    685.020397  6  5  4 267       
PG24  15896.589275  15438.396477 -15460.029315    188.419786  7  7  7 274       
PG25  15631.289454  11010.518499  18144.915370    392.544437  4  5  6 281       
PG26   5970.011911 -20486.902969  15303.283339   -391.394674  4  5  4 272       
PG27   7827.390120 -20800.305707 -14585.090559      0.458065  6  5  5 275       
PG28  17822.858089  -7482.997002  18228.253187   -425.956626  4  5  4 269       
PG29  19835.353426    875.909489  17696.269890   -251.098733  2  6  2 266       
PG30 -21805.971793   3879.840738 -14630.011890    349.849928  4  1  5 269       
PG31   8464.250334 -12906.392534  21335.755271   -123.734374  4  4  4 270       
PG32  20655.775880 -16435.672618  -1550.850001    247.002390  1  4  4 422       
*  2026  9  1 22  0  0.00000000
PG01 -17871.832003 -15585.106623 -12064.840105    182.497454  6  7  6 413       
PG02 -11958.698488 -15166.000432 -18134.319089    168.221810  5  6  5 407       
PG03 -11655.138478 -21626.535157  10001.119832    291.089493  5  4  5 429       
PG04 -11482.960255  -9764.169976  21905.934092     64.642826  3  5  4 264       
PG05   5643.720746  25759.771994   2901.284208   -236.455144  6  5  3 280       
PG06 -17638.074786   7342.233268  18583.372245   -535.087064  5  5  5 271       
PG07 -25799.009192  -7054.420784   -375.603561   -220.875613  9  5  4 304       
PG08  -2709.501854 -17918.733448 -19461.061305    358.050513  5  5  6 437       
PG09 -18923.220905   1038.272729  18534.582679    688.249290  4  3  2 266       
PG10  12329.540520  -8687.155180 -21536.139903   -540.863869  1  3  4 269       
PG11  -5364.470489  14239.269943  21830.539574   -223.299408  3  6  5 267       
PG12  10157.394319  22887.386141   8559.487856   -603.006695  4  4  3 267       
PG13  11231.188806  23248.672077   6096.043558    436.742075 12 11  8 252       
PG14 -14702.234025   5297.597589 -21349.812284    750.043523  4  1  3 266       
PG15   5324.636871  17299.295789 -19999.417432    441.318488  5  6  4 268       
PG16   1235.606772 -25136.350414   7376.374496    326.419478  6  3  4 273       
PG17 -22403.831250  11646.293313  -8322.677028   -195.982935  5  2  1 277       
PG18  25906.111585   5711.293977  -3152.487339   -266.241625  8  7  4 265       
PG19 -19381.923299  17533.467774   2404.689058    704.922908  3  7  4 264       
PG20  -6262.353010  21066.053094 -14863.714254    275.691909  4  6  5 259       
PG21  -4071.081137  22732.444814  13087.248700    371.697060  6  5  5 259       
PG22 -11671.021602  13640.411338 -19362.873794     71.566935  1  4  4 272       
PG23  15463.975442   3858.571515 -21221.448286    685.023577  7  5  4 265       
PG24  14121.955419  15265.485601 -17283.074135    188.435334  7  7  7 270       
PG25  15950.633355  13040.271758  16504.348321    392.541289  5  5  7 279       
PG26   6806.325722 -18740.301459  17097.891713   -391.396055  4  5  4 270       
PG27   9088.676711 -21655.077338 -12346.705429      0.457617  6  6  5 278       
PG28  19685.768728  -6779.118684  16507.584898   -425.947069  5  5  4 268       
PG29  18252.663272   2278.601103  19192.841987   -251.092341  2  6  2 265       
PG30 -23244.819439   3187.713116 -12475.120767    349.860988  5  1  6 265       
PG31  10786.746439 -12053.983036  20812.977753   -123.731691  5  4  4 268       
PG32  20546.781092 -16002.903957  -4408.093277    247.019294  1  4  4 422       
*  2026  9  1 22 15  0.00000000
PG01 -16376.777512 -15310.383084 -14320.520016    182.489174  6  7  6 413       
PG02  -9765.251992 -14925.425916 -19510.704326    168.228288  5  5  5 407       
PG03 -11778.771919 -22640.787631   7314.556972    291.070891  5  4  5 429       
PG04  -9673.739329 -11487.185485  21927.781570     64.643117  3  5  4 266       
PG05   5296.408647  25334.374693   5743.147441   -236.455334  6  6  2 282       
PG06 -19541.259343   6703.995199  16846.202906   -535.077471  5  5  5 273       
PG07 -25690.720900  -7286.679262   2437.232750   -220.878782  9  5  5 305       
PG08  -1181.148151 -19413.723286 -18074.607996    358.041268  5  5  6 437       
PG09 -17507.435059   -668.527958  19878.482388    688.241498  4  3  2 267       
PG10  13028.481762  -6238.403078 -21993.309698   -540.857511  1  4  3 271       
PG11  -7725.631706  13513.395382  21574.164456   -223.288475  3  6  6 266       
PG12  10088.085977  23781.230903   5870.923108   -603.006044  3  4  3 269       
PG13  11157.452077  23848.468898   3309.749685    436.746457 12 11  8 258       
PG14 -15365.314181   2913.597536 -21370.142942    750.043272  4  1  3 268       
PG15   4036.999442  18979.242560 -18696.563535    441.321054  5  6  4 269       
PG16   1712.265957 -24152.466265  10005.537405    326.425303  5  3  4 275       
PG17 -21724.510292  10706.084128 -10858.884343   -195.986865  5  2  2 281       
PG18  26048.084506   5961.978190   -303.957561   -266.233594  8  7  4 267       
PG19 -19674.006290  17368.540017   -471.428822    704.922764  3  7  4 266       
PG20  -7481.369647  22094.423228 -12652.533334    275.700247  3  6  5 260       
PG21  -4668.178731  21212.426724  15263.213068    371.690014  5  5  6 262       
PG22 -12198.156763  11365.905114 -20430.817807     71.575162  1  4  4 274       
PG23  16107.858149   6143.789833 -20208.821543    685.026836  7  5  4 267       
PG24  12158.796578  15154.625494 -18824.224597    188.450904  7  6  7 273       
PG25  16311.203615  14852.648256  14574.491680    392.538198  5  5  7 279       
PG26   7789.042900 -16860.007537  18588.279515   -391.397293  4  5  4 270       
PG27  10128.108647 -22379.921028  -9895.212761      0.457473  6  6  5 278       
PG28  21377.495322  -6221.357166  14503.165181   -425.937490  6  5  4 269       
PG29  16631.171985   3862.525794  20360.032736   -251.085974  2  6  2 267       
PG30 -24465.905690   2629.247670 -10105.812826    349.872096  5  1  6 267       
PG31  13068.292831 -11343.580252  19923.853535   -123.729023  4  4  5 269       
PG32  20238.779469 -15331.221905  -7188.177554    247.036221  2  4  5 422       
*  2026  9  1 22 30  0.00000000
PG01 -14636.273621 -15051.623171 -16330.914935    182.481033  6  6  7 413       
PG02  -7418.303852 -14786.652918 -20546.547143    168.234676  6  5  5 407       
PG03 -11862.988043 -23348.150810   4501.919127    291.052318  5  4  5 429       
PG04  -7971.736697 -13292.870467  21573.064713     64.643484  3  4  4 268       
PG05   4806.138215  24634.048622   8485.605539   -236.455775  6  6  2 281       
PG06 -21269.296073   6218.996775  14822.270914   -535.067812  5  5  5 275       
PG07 -25289.467901  -7461.783096   5209.357029   -220.881693  9  5  5 306       
PG08    170.024400 -20846.653511 -16376.838109    358.032085  6  6  6 437       
PG09 -16099.180100  -2552.200702  20877.889651    688.233756  4  3  2 268       
PG10  13873.374461  -3807.407841 -22061.317193   -540.851122  3  4  3 273       
PG11 -10074.048145  12923.517902  20948.374208   -223.277633  3  6  6 269       
PG12   9984.780276  24375.732992   3080.497205   -603.005415  3  4  4 271       
PG13  10998.435019  24154.099128    466.332620    436.750876 13 10  9 259       
PG14 -16137.108396    585.765268 -21019.479683    750.043117  5  1  3 270       
PG15   2916.146774  20585.927774 -17085.566127    441.323842  4  6  4 271       
PG16   2311.881341 -22909.630971  12455.274375    326.431576  5  4  4 276       
PG17 -20902.734005   9528.452514 -13207.788955   -195.990581  5  2  1 287       
PG18  25889.471411   6138.536932   2549.715614   -266.225557  8  8  4 269       
PG19 -19735.094983  16991.445903  -3339.143355    704.923167  3  7  4 268       
PG20  -8477.422030  22981.728683 -10223.029579    275.708646  2  6  6 264       
PG21  -5416.850987  19506.063067  17176.111482    371.683057  5  5  6 266       
PG22 -12866.787202   9018.855941 -21139.571687     71.583247  2  4  4 277       
PG23  16832.881575   8259.684065 -18848.566315    685.030153  7  5  4 269       
PG24  10040.766525  15130.069689 -20058.776150    188.466565  7  6  7 275       
PG25  16679.281053  16421.657476  12390.359641    392.535176  5  5  7 281       
PG26   8919.676734 -14891.163243  19748.364234   -391.398551  4  5  4 273       
PG27  10950.938373 -22934.423252  -7271.970415      0.457646  7  7  5 277       
PG28  22858.201921  -5791.800914  12249.468805   -425.927902  6  5  4 271       
PG29  15013.992585   5609.456294  21177.326830   -251.079322  2  6  1 268       
PG30 -25438.758966   2181.167850  -7563.353144    349.883299  6  1  7 270       
PG31  15260.506816 -10776.758237  18685.211850   -123.726379  4  5  5 271       
PG32  19767.246530 -14404.892010  -9842.091290    247.053269  3  4  5 422       
*  2026  9  1 22 45  0.00000000
PG01 -12676.893966 -14842.561977 -18061.475626    182.472834  6  6  7 413       
PG02  -4962.474577 -14767.116495 -21221.503674    168.240984  6  5  5 407       
PG03 -11866.895823 -23748.418642   1611.885438    291.033706  5  5  6 429       
PG04  -6406.942420 -15141.531488  20847.308949     64.643897  3  4  4 270       
PG05   4144.895737  23687.718114  11080.913190   -236.456043  6  6  2 283       
PG06 -22781.412018   5867.746540  12546.103196   -535.058177  5  5  5 277       
PG07 -24598.079135  -7616.733644   7894.994177   -220.884795  9  5  6 307       
PG08   1337.558524 -22173.590071 -14395.687520    358.022881  6  6  6 437       
PG09 -14737.920619  -4584.534488  21515.089289    688.225974  4  4  3 270       
PG10  14847.897747  -1445.077136 -21740.052918   -540.844746  4  5  3 275       
PG11 -12361.367948  12472.166134  19963.572783   -223.266769  2  6  7 270       
PG12   9810.094610  24671.461322    236.789630   -603.004685  3  4  4 273       
PG13  10718.352531  24175.518785  -2385.130647    436.755282 13 10  9 261       
PG14 -16998.056746  -1642.420780 -20304.915160    750.042902  6  1  3 271       
PG15   1963.118455  22076.431259 -15191.885374    441.326471  5  6  4 274       
PG16   3057.998810 -21441.586876  14681.161940    326.437462  5  4  4 277       
PG17 -19978.695517   8111.773065 -15327.764090   -195.994991  5  1  1 285       
PG18  25425.290215   6278.646867   5360.332662   -266.217604  8  8  4 271       
PG19 -19594.062504  16379.076892  -6147.372765    704.923385  4  7  4 270       
PG20  -9258.853041  23687.949406  -7617.234720    275.716961  3  6  6 265       
PG21  -6329.101383  17656.272672  18793.063206    371.676041  5  5  6 268       
PG22 -13673.546830   6648.301831 -21475.388037     71.591360  2  3  4 280       
PG23  17605.835630  10170.797867 -17164.911117    685.033433  7  5  4 270       
PG24   7805.930399  15210.094836 -20966.787253    188.482113  6  6  8 274       
PG25  17018.285121  17729.466473   9991.108587    392.532118  6  5  7 282       
PG26  10191.887732 -12879.845164  20558.188673   -391.399852  4  5  3 274       
PG27  11570.182416 -23281.516265  -4521.825285      0.457254  7  7  5 283       
PG28  24093.556064  -5466.005624   9785.244574   -425.918288  7  5  4 272       
PG29  13441.351883   7493.501931  21630.163238   -251.072941  2  6  2 270       
PG30 -26139.568216   1815.153194  -4891.696125    349.894465  6  3  7 271       
PG31  17316.867639 -10346.932361  17119.987784   -123.723837  4  5  6 272       
PG32  19171.495515 -13216.639851 -12322.817544    247.070279  3  4  5 422       
*  2026  9  1 23  0  0.00000000
PG01 -10532.166802 -14712.329544 -19482.398213    182.464422  6  6  7 413       
PG02  -2446.178289 -14876.646060 -21521.487329    168.247100  7  4  6 407       
PG03 -11751.221749 -23850.657670  -1305.800290    291.014987  5  5  6 429       
PG04  -5002.168875 -16989.348330  19762.442533     64.644059  4  4  4 275       
PG05   3291.182134  22530.882181  13483.721849   -236.456059  6  7  2 284       
PG06 -24042.530471   5624.041446  10056.457445   -535.048715  6  5  6 281       
PG07 -23627.385821  -7787.837984  10450.347719   -220.888183 10  5  6 307       
PG08   2322.907532 -23351.453641 -12164.305573    358.013532  7  6  5 437       
PG09 -13458.432825  -6730.432450  21778.668199    688.218061  4  5  3 275       
PG10  15927.756922    801.495676 -21036.422337   -540.838524  4  5  3 278       
PG11 -14540.137945  12153.789891  18636.314364   -223.256107  2  6  7 276       
PG12   9528.221829  24677.761371  -2611.023891   -603.004160  4  5  5 277       
PG13  10284.835539  23930.867349  -5195.510734    436.759665 13  9  9 266       
PG14 -17922.122122  -3731.997867 -19239.820422    750.042567  6  1  4 276       
PG15   1171.452397  23409.165727 -13045.712778    441.329155  5  6  4 276       
PG16   3967.308239 -19788.210128  16642.812439    326.443249  5  4  5 279       
PG17 -18993.741023   6463.130817 -17180.794189   -196.000005  5  1  1 282       
PG18  24659.255927   6420.497551   8080.454672   -266.209784  8  8  4 277       
PG19 -19285.276094  15515.830794  -8846.245899    704.923288  4  7  4 275       
PG20  -9841.811290  24177.054790  -4880.170361    275.725118  2  6  6 270       
PG21  -7408.993773  15708.874867  20086.311098    371.668941  5  5  7 270       
PG22 -14606.809783   4302.945767 -21431.190251     71.599073  3  3  3 280       
PG23  18388.770837  11849.154986 -15187.480206    685.036504  7  5  5 276       
PG24   5495.563911  15406.281832 -21533.339266    188.497557  6  6  7 275       
PG25  17290.329466  18766.832302   7419.257884    392.528851  6  5  7 283       
PG26  11591.599816 -10871.345695  21004.261053   -391.401320  4  4  3 278       
PG27  12005.993283 -23389.042522  -1692.369127      0.456431  7  7  5 291       
PG28  25055.954889  -5214.114618   7152.851192   -425.908788  7  4  4 276       
PG29  11949.122358   9481.908088  21710.219080   -251.066545  3  6  2 275       
PG30 -26551.997567   1499.147331  -2136.717348    349.905512  7  3  7 274       
PG31  19194.367681 -10039.805281  15256.714701   -123.721307  4  5  6 276       
PG32  18493.036250 -11768.174334 -14586.237143    247.087121  4  4  5 422       
*  2026  9  1 23 15  0.00000000
PG01  -8241.472510 -14684.235422 -20569.137823    182.456162  6  6  7 413       
PG02     80.062853 -15116.937240 -21439.086977    168.253204  8  4  6 407       
PG03 -11479.978875 -23672.707153  -4201.185735    290.996317  5  6  6 429       
PG04  -3772.308137 -18789.937402  18336.630388     64.644318  5  3  5 279       
PG05   2231.083104  21204.251247  15651.907255   -236.456510  6  7  2 286       
PG06 -25024.507414   5456.134706   7395.683114   -535.039139  6  5  6 284       
PG07 -22395.799734  -8009.221971  12834.189683   -220.891235 10  5  6 309       
PG08   3135.245502 -24339.678020  -9720.554371    358.004215  8  7  5 437       
PG09 -12289.512879  -8949.081288  21663.742480    688.210252  5  5  4 279       
PG10  17081.640860   2890.679756 -19964.128081   -540.832199  5  5  4 282       
PG11 -16565.455829  11955.057025  16989.045862   -223.245327  3  6  8 280       
PG12   9106.488946  24412.247981  -5414.032359   -603.003379  4  5  5 281       
PG13   9670.363760  23445.670241  -7916.475864    436.764074 13  8 10 267       
PG14 -18877.806302  -5649.799193 -17843.541534    750.042401  7  2  4 280       
PG15    527.533110  24545.357011 -10681.608269    441.331827  5  6  4 281       
PG16   5048.730710 -17993.970053  18304.720451    326.448935  5  4  5 283       
PG17 -17988.727230   4598.334383 -18733.231862   -196.003721  5  2  1 289       
PG18  23603.694514   6601.169185  10664.158175   -266.201898  8  8  4 281       
PG19 -18847.064938  14394.396637 -11388.070456    704.923305  4  7  4 279       
PG20 -10249.416198  24418.431787  -2059.060778    275.733403  2  6  7 274       
PG21  -8652.330553  13710.925757  21033.693734    371.661851  5  6  7 274       
PG22 -15647.017636   2029.392635 -21006.788142     71.606943  4  3  4 283       
PG23  19140.513145  13275.099598 -12950.741203    685.039709  7  5  5 280       
PG24   3152.847748  15723.035673 -21748.746835    188.513095  5  6  7 278       
PG25  17457.814193  19533.198873   4719.877786    392.525733  7  5  7 285       
PG26  13097.443679  -8908.509866  21079.752507   -391.402653  4  4  3 281       
PG27  12284.736291 -23231.163655   1166.892472      0.456342  7  7  5 294       
PG28  25725.503584  -5002.193660   4397.531575   -425.899182  8  4  4 280       
PG29  10567.527412  11536.131772  21415.588872   -251.060242  4  5  3 279       
PG30 -26667.723009   1198.796731    654.567439    349.916611  8  4  8 277       
PG31  20855.011809  -9834.124284  13128.923429   -123.718818  5  6  7 280       
PG32  17773.843599 -10070.354665 -16591.988389    247.104086  4  4  5 422       
*  2026  9  1 23 30  0.00000000
PG01  -5848.720654 -14774.786281 -21302.836393    182.447899  7  6  7 413       
PG02   2565.422212 -15481.364339 -20973.858069    168.259704  8  4  6 407       
PG03 -11022.001478 -23240.360197  -7024.951750    290.977687  5  6  6 429       
PG04  -2723.900571 -20496.033890  16593.997106     64.644611  5  3  6 281       
PG05    959.044789  19752.183014  17547.347583   -236.456683  6  7  3 288       
PG06 -25707.118037   5328.118557   4609.025789   -535.029532  7  4  6 286       
PG07 -20928.646119  -8311.454884  15008.389088   -220.894311 10  5  6 310       
PG08   3790.964118 -25101.807693  -7106.399204    357.994974  8  7  5 437       
PG09 -11252.929924 -11195.355288  21172.065608    688.202359  5  6  4 281       
PG10  18272.464638   4787.712421 -18543.321371   -540.825784  5  5  4 283       
PG11 -18396.536755  11855.461686  15049.748240   -223.234423  4  6  8 282       
PG12   8516.781779  23899.997555  -8124.422815   -603.002880  6  6  5 283       
PG13   8853.511113  22751.770275 -10501.321786    436.768447 13  8 10 267       
PG14 -19829.381271  -7369.496300 -16140.998205    750.042207  7  3  5 282       
PG15     11.208426  25450.458942  -8138.063209    441.334517  5  6  4 283       
PG16   6302.840305 -16106.199387  19637.000531    326.455082  6  4  6 284       
PG17 -17002.385966   2541.582190 -19956.497177   -196.007852  4  2  1 290       
PG18  22279.149862   6855.056678  13067.766551   -266.193942  7  8  5 283       
PG19 -18320.044182  13016.198247 -13728.241198    704.923338  4  7  4 281       
PG20 -10510.657998  24388.112782    797.488572    275.741754  3  7  7 277       
PG21 -10046.658456  11709.019602  21619.019483    371.654841  5  6  7 277       
PG22 -16767.350518   -129.538515 -20208.951217     71.615014  5  3  4 285       
PG23  19818.301482  14437.816748 -10493.383901    685.042967  7  5  5 282       
PG24    821.497063  16157.359640 -21608.718015    188.528663  5  6  7 280       
PG25  17484.990933  20036.464556   1939.763289    392.522635  7  5  7 286       
PG26  14681.504759  -7030.197239  20784.551640   -391.403899  4  4  4 283       
PG27  12437.802099 -22789.549729   4005.443862      0.455939  7  7  4 298       
PG28  26090.708838  -4793.728068   1566.637897   -425.889643  9  4  5 282       
PG29   9320.071212  13613.154513  20750.853627   -251.053948  4  5  4 282       
PG30 -26486.675817    878.963845   3434.783583    349.927787  9  4  8 280       
PG31  22267.108645  -9702.712128  10774.466074   -123.716316  6  6  7 282       
PG32  17054.608144  -8142.988772 -18304.261228    247.121058  4  4  6 422       
*  2026  9  1 23 45  0.00000000
PG01  -3400.855669 -14992.975112 -21670.657049    182.439793  8  6  7 413       
PG02   4960.616182 -15955.152359 -20132.469058    168.266179  9  5  7 407       
PG03 -10352.288641 -22586.261830  -9729.226450    290.959094  6  6  6 429       
PG04  -1855.033435 -22061.228522  14564.241275     64.644964  6  3  6 279       
PG05   -521.679892  18220.978705  19136.635179   -236.456837  7  8  4 288       
PG06 -26078.756893   5201.470073   1743.884693   -535.019840  7  4  6 285       
PG07 -19257.279807  -8720.326919  16938.381254   -220.897348 10  5  5 310       
PG08   4312.869967 -25606.967436  -4367.196862    357.985801  8  7  5 437       
PG09 -10362.666425 -13421.400663  20312.014117    688.194636  5  6  5 279       
PG10  19458.840780   6465.810139 -16800.136869   -540.819401  6  5  5 283       
PG11 -19998.134512  11828.221975  12851.480854   -223.223542  5  6  8 280       
PG12   7736.782660  23172.476689 -10696.272516   -603.002020  7  7  5 282       
PG13   7819.955803  21886.031150 -12905.767388    436.772860 14  7 10 268       
PG14 -20738.284905  -8872.368178 -14162.195817    750.042057  8  4  6 280       
PG15   -403.339525  26095.452090  -5456.986788    441.337617  6  6  4 280       
PG16   7721.648842 -14173.253146  20615.993787    326.460926  6  5  6 284       
PG17 -16069.763812    324.785553 -20827.699122   -196.012153  4  2  1 289       
PG18  20713.697767   7212.397402  15250.549146   -266.185921  7  8  5 281       
PG19 -17745.369920  11391.480570 -15826.066195    704.923600  4  7  4 279       
PG20 -10659.077105  24069.756155   3640.331999    275.750106  4  7  7 275       
PG21 -11571.601774   9747.620534  21832.336750    371.647867  6  6  8 275       
PG22 -17934.718423  -2136.353780 -19051.332787     71.623248  5  3  4 286       
PG23  20379.484810  15335.518447  -7857.642513    685.046267  7  5  5 280       
PG24  -1455.632043  16698.892950 -21114.462114    188.544308  4  6  7 278       
PG25  17339.440709  20292.439442   -873.389179    392.519565  8  5  7 286       
PG26  16310.340171  -5269.931050  20125.180284   -391.405083  4  4  4 282       
PG27  12500.199041 -22054.291280   6772.717442      0.455614  7  8  4 301       
PG28  26148.860852  -4551.223663  -1291.179525   -425.879982  9  4  5 280       
PG29   8222.736183  15666.983936  19727.036135   -251.047281  5  5  5 279       
PG30 -26016.988313    505.257026   6156.967618    349.938988  9  5  8 278       
PG31  23406.307959  -9613.723610   8234.782670   -123.713652  6  6  7 280       
PG32  16373.043796  -6014.267322 -19692.504901    247.138115  3  5  6 422       
EOF
