#cP2026  8 31  0  0  0.00000000      96 ORBIT IGc20 HLM  IGS
## 2434  86400.00000000   900.00000000 61283 0.0000000000000
+   32   G01G02G03G04G05G06G07G08G09G10G11G12G13G14G15G16G17
+        G18G19G20G21G22G23G24G25G26G27G28G29G30G31G32  0  0
+          0  0  0  0  0  0  0  0  0  0  0  0  0  0  0  0  0
+          0  0  0  0  0  0  0  0  0  0  0  0  0  0  0  0  0
+          0  0  0  0  0  0  0  0  0  0  0  0  0  0  0  0  0
++         2  2  2  2  2  2  2  2  1  2  2  2  3  2  2  2  2
++         2  2  2  2  1  2  2  2  2  2  2  1  2  2  2  0  0
++         0  0  0  0  0  0  0  0  0  0  0  0  0  0  0  0  0
++         0  0  0  0  0  0  0  0  0  0  0  0  0  0  0  0  0
++         0  0  0  0  0  0  0  0  0  0  0  0  0  0  0  0  0
%c G  cc GPS ccc cccc cccc cccc cccc ccccc ccccc ccccc ccccc
%c cc cc ccc ccc cccc cccc cccc cccc ccccc ccccc ccccc ccccc
%f  1.2500000  1.025000000  0.00000000000  0.000000000000000
%f  0.0000000  0.000000000  0.00000000000  0.000000000000000
%i    0    0    0    0      0      0      0      0         0
%i    0    0    0    0      0      0      0      0         0
/* RAPID ORBIT COMBINATION FROM WEIGHTED AVERAGE OF:
/* cod emr esa gfz grg jgx jpl ngs sio usn whu              
/* REFERENCED TO IGS TIME (IGST) AND TO WEIGHTED MEAN POLE:       
/* PCV:IGS20_2425 OL/AL:FES2014b NONE     YN ORB:CMB CLK:CMB 
*  2026  8 31  0  0  0.00000000
PG01  -2313.447655 -15129.356913 -21715.823302    184.012503  7  5  5 196       
PG02   6022.851435 -16200.272563 -19624.723289    167.058748  8  7  2 194       
PG03  -9952.095967 -22223.706502 -10930.470170    294.500602  5  6  7 193       
PG04  -1521.185577 -22711.592585  13559.998982     64.586528  7  5  4 184       
PG05  -1227.423428  17531.165286  19734.375026   -236.406241  4  5  5 211       
PG06 -26147.350329   5117.152837    402.145395   -536.842840 10  9 10 191       
PG07 -18414.817120  -8963.595165  17744.225984   -220.328346  8  7  7 203       
PG08   4535.473379 -25743.877633  -3067.446555    359.746272  6  6  7 207       
PG09 -10010.080204 -14411.785797  19803.559414    689.679189  6  7  5 194       
PG10  19985.406629   7145.242130 -15911.420868   -542.023382  7  5  6 211       
PG11 -20642.127785  11830.450214  11777.539007   -225.293977  9  6  8 225       
PG12   7310.527793  22779.509380 -11811.809852   -603.138296  6  6  7 189       
PG13   7308.418369  21452.413346 -13901.464958    435.936705 12  6 11 313       
PG14 -21126.316586  -9476.468731 -13183.674312    750.076367  7  5  5 216       
PG15   -587.295501  26299.232710  -4178.514900    440.818833  7  3  4 213       
PG16   8435.105308 -13275.175236  20943.821802    325.321087  5  5  6 240       
PG17 -15670.093417   -734.155276 -21103.369109   -195.200279  6  7  6 218       
PG18  19945.578160   7403.514749  16147.765404   -267.714036  7  6  7 202       
PG19 -17479.226489  10608.003832 -16669.338990    704.899120  5  4  7 210       
PG20 -10689.750182  23835.605023   4896.513014    274.152024  8  7  6 196       
PG21 -12289.153045   8896.501754  21804.824007    372.977203  5  8  7 209       
PG22 -18476.714019  -3006.850770 -18401.996036     70.102991  5  6  3 195       
PG23  20581.151555  15672.407212  -6589.007716    684.420258  7  6  5 201       
PG24  -2479.073215  16976.626862 -20771.269187    185.554301  6  6  5 203       
PG25  17212.518428  20330.017565  -2143.321831    393.107463  4  5  6 205       
PG26  17039.837781  -4538.998872  19716.862804   -391.156872  7  5  4 214       
PG27  12509.362834 -21622.701090   7991.143840      0.466600  4  5  4 236       
PG28  26074.805563  -4425.916968  -2577.612266   -427.723130  9  5  6 257       
PG29   7777.709518  16577.415867  19148.971175   -252.282441  5  4  4 229       
PG30 -25713.935556    313.604653   7356.380227    347.807845 10  8  7 196       
PG31  23825.517078  -9581.756421   7038.701896   -124.204829  7  5  6 223       
PG32  16088.569244  -5022.611053 -20198.012539    243.889191  5  5  6 214       
*  2026  8 31  0 15  0.00000000
PG01    128.407347 -15533.248909 -21544.785680    184.004241  7  4  4 196       
PG02   8205.645496 -16790.981605 -18261.070583    167.064997  8  6  3 257       
PG03  -8943.091945 -21314.560198 -13378.153946    294.482042  5  6  7 193       
PG04   -893.076445 -23995.101643  11176.416628     64.586827  6  5  4 183       
PG05  -2986.897774  15968.837104  20833.916814   -236.406118  4  6  5 215       
PG06 -26061.518784   4921.660884  -2489.876733   -536.833327  9  8 10 189       
PG07 -16510.441996  -9561.500638  19262.596758   -220.331588  8  6  6 208       
PG08   4913.556391 -25831.440664   -232.222480    359.737094  6  6  7 205       
PG09  -9340.562572 -16521.295368  18436.231052    689.671481  6  7  4 194       
PG10  21086.515513   8475.314630 -13757.315840   -542.017140  7  4  6 211       
PG11 -21861.217536  11850.575996   9270.684190   -225.283197  9  6  8 226       
PG12   6227.708195  21804.857909 -14105.284220   -603.137813  6  5  6 194       
PG13   5952.065455  20411.654078 -15974.180912    435.941079 12  7 10 312       
PG14 -21902.186216 -10647.504873 -10866.095391    750.076166  7  5  6 214       
PG15   -908.963813  26524.966664  -1377.514848    440.821401  7  3  4 217       
PG16  10062.010958 -11360.334451  21377.721808    325.327274  5  5  5 243       
PG17 -14867.131963  -3113.283700 -21433.689906   -195.204076  6  6  5 202       
PG18  18094.269654   7953.581733  17946.126505   -267.706034  6  6  6 201       
PG19 -16906.821090   8662.362543 -18355.089342    704.899426  5  3  6 204       
PG20 -10740.493394  23088.294840   7633.098094    274.160473  8  7  6 199       
PG21 -13953.243821   7065.462225  21474.470256    372.970310  6  8  7 206       
PG22 -19642.667754  -4738.692461 -16757.222683     70.110825  5  5  2 192       
PG23  20898.627924  16197.758890  -3774.139059    684.423540  7  6  5 199       
PG24  -4605.434899  17640.841882 -19773.664278    185.569949  6  6  4 202       
PG25  16768.169218  20269.402809  -4919.489054    393.104363  5  4  6 203       
PG26  18666.590724  -2996.350015  18555.325072   -391.158136  6  5  4 216       
PG27  12506.233430 -20461.424470  10566.744277      0.466721  5  5  4 233       
PG28  25700.462794  -4069.128015  -5387.345127   -427.713504  9  5  6 257       
PG29   6910.539575  18513.217307  17635.831340   -252.275868  5  3  4 225       
PG30 -24855.530159   -194.568792   9913.369212    347.819045 10  7  7 196       
PG31  24541.816041  -9491.742692   4309.308612   -124.202398  7  5  5 225       
PG32  15520.036774  -2667.326802 -21076.246759    243.906217  5  5  5 213       
*  2026  8 31  0 30  0.00000000
PG01   2507.872311 -16053.255800 -21003.061504    183.996019  6  3  4 199       
PG02  10194.803902 -17424.311057 -16567.432079    167.071185  8  6  3 257       
PG03  -7693.513082 -20284.293372 -15599.379165    294.463511  5  5  6 194       
PG04   -406.207506 -25038.137432   8598.859924     64.587128  6  4  4 184       
PG05  -4910.243674  14437.731875  21569.219478   -236.406656  4  6  5 211       
PG06 -25674.523800   4632.201923  -5339.413118   -536.823871  8  8  9 190       
PG07 -14497.657654 -10303.097547  20469.282645   -220.334157  8  6  6 192       
PG08   5233.828184 -25617.338622   2607.098510    359.727889  6  5  7 205       
PG09  -8816.651403 -18492.410439  16748.018200    689.663788  6  6  4 198       
PG10  22073.857789   9558.676291 -11366.567384   -542.010827  7  3  6 214       
PG11 -22794.880817  11858.464430   6603.890179   -225.272396  9  7  8 227       
PG12   4930.136135  20710.837113 -16159.962635   -603.137077  7  5  6 193       
PG13   4377.748466  19300.958977 -17773.042212    435.945480 12  7 10 312       
PG14 -22538.324293 -11590.288088  -8363.727024    750.075959  7  4  6 213       
PG15  -1208.995694  26449.394590   1447.098245    440.824362  8  2  4 210       
PG16  11799.326034  -9511.959207  21429.174641    325.333349  5  5  4 245       
PG17 -14179.864243  -5548.298723 -21382.900302   -195.208355  6  6  4 202       
PG18  16096.134566   8655.913733  19440.366036   -267.697965  6  6  6 200       
PG19 -16379.091345   6529.939465 -19719.803509    704.899336  5  3  5 208       
PG20 -10770.287591  22048.788755  10238.660337    274.168898  7  7  6 200       
PG21 -15669.229758   5365.327615  20774.864797    372.963419  6  8  6 203       
PG22 -20756.187106  -6256.547573 -14813.784709     70.118656  5  5  2 191       
PG23  21005.604147  16490.400784   -895.375000    684.426781  7  5  5 199       
PG24  -6584.355135  18358.053569 -18448.377713    185.585604  6  6  4 202       
PG25  16093.620671  20028.079992  -7612.913563    393.101237  5  4  6 203       
PG26  20241.032870  -1624.914772  17071.931183   -391.159438  5  5  4 217       
PG27  12503.558728 -19020.744802  12953.006211      0.466865  5  5  4 229       
PG28  25049.195452  -3592.411746  -8104.480215   -427.703866  9  6  6 257       
PG29   6198.416006  20310.807314  15816.668546   -252.269379  5  3  4 223       
PG30 -23760.339817   -828.707007  12303.537090    347.830229 10  7  6 196       
PG31  24960.567760  -9355.469200   1506.572662   -124.199869  8  4  5 226       
PG32  15059.596033   -208.608129 -21581.396664    243.923223  5  5  5 211       
*  2026  8 31  0 45  0.00000000
PG01   4780.087372 -16671.296929 -20099.697522    183.987764  6  2  4 200       
PG02  11959.417096 -18063.534045 -14573.928034    167.077443  9  5  3 191       
PG03  -6206.400966 -19177.890110 -17556.949768    294.444927  5  4  6 256       
PG04    -33.298987 -25809.846987   5871.913199     64.587450  6  4  3 184       
PG05  -6965.335468  12977.394953  21927.285000   -236.407339  5  7  4 210       
PG06 -25005.509239   4214.068934  -8097.758374   -536.814343  8  8  9 191       
PG07 -12419.615503 -11191.065304  21344.941211   -220.337416  7  6  6 196       
PG08   5531.654362 -25098.172315   5400.063040    359.718673  6  5  7 204       
PG09  -8424.165541 -20281.114343  14768.356838    689.656045  6  6  4 199       
PG10  22904.205107  10399.843654  -8781.145817   -542.004628  6  3  6 213       
PG11 -23434.747570  11815.741475   3823.054017   -225.261606  9  7  8 228       
PG12   3421.554177  19540.158953 -17941.749187   -603.136131  7  4  6 188       
PG13   2599.358594  18162.599991 -19267.436731    435.949856 11  8  9 312       
PG14 -22998.126912 -12314.049392  -5719.450166    750.075738  7  4  6 214       
PG15  -1523.156473  26069.928863   4246.626858    440.826822  8  1  4 217       
PG16  13612.910515  -7768.063186  21098.588961    325.338953  5  5  3 241       
PG17 -13621.109618  -7990.056436 -20951.041768   -195.212958  7  6  3 208       
PG18  13996.525197   9517.695456  20604.629901   -267.689983  6  6  5 204       
PG19 -15926.394456   4247.262262 -20741.091863    704.899460  5  3  5 206       
PG20 -10816.399139  20730.417302  12668.584456    274.177304  7  7  6 200       
PG21 -17396.103215   3822.205320  19718.135864    372.956492  6  8  6 201       
PG22 -21773.600538  -7549.699196 -12606.486601     70.126852  5  5  3 193       
PG23  20872.314830  16576.608521   1998.535369    684.430051  7  4  5 198       
PG24  -8386.022647  19096.393031 -16815.659969    185.601210  6  5  4 201       
PG25  15176.964275  19641.431271 -10178.772010    393.098116  5  4  6 202       
PG26  21721.071388   -433.090899  15293.697932   -391.160740  5  4  4 219       
PG27  12536.304671 -17322.063009  15106.774018      0.466687  5  5  4 232       
PG28  24147.018943  -2967.226167 -10682.305707   -427.694242  8  6  5 256       
PG29   5629.528718  21926.768588  13722.804117   -252.262796  5  3  4 219       
PG30 -22460.486718  -1609.879543  14486.883438    347.841394  9  7  6 196       
PG31  25086.568883  -9136.495510  -1321.723867   -124.197537  7  4  5 260       
PG32  14724.080301   2305.232043 -21704.853132    243.940267  5  5  5 210       
*  2026  8 31  1  0  0.00000000
PG01   6904.350161 -17362.385336 -18849.986509    183.979615  5  2  5 258       
PG02  13476.811904 -18668.578521 -12316.449760    167.083996  9  4  3 256       
PG03  -4493.593087 -18040.162317 -19218.144666    294.426383  5  4  5 256       
PG04    257.967509 -26286.890245   3042.866769     64.587750  6  4  2 185       
PG05  -9113.477952  11621.864289  21901.809826   -236.406431  6  7  4 210       
PG06 -24081.446630   3637.235304 -10717.652518   -536.804779  7  7  9 193       
PG07 -10319.853252 -12220.475837  21875.252613   -220.340176  6  5  6 191       
PG08   5842.586876 -24279.603971   8096.876345    359.709454  6  5  6 203       
PG09  -8141.754806 -21848.198903  12531.792077    689.648302  6  5  4 200       
PG10  23537.603274  11012.035088  -6045.965601   -541.998401  6  3  7 213       
PG11 -23781.297329  11684.185820    976.139494   -225.250793  9  7  8 229       
PG12   1713.822464  18335.270495 -19421.221661   -603.135356  7  4  5 187       
PG13    638.784362  17036.798280 -20431.982900    435.954252 11  9  9 311       
PG14 -23248.870296 -12835.368456  -2978.327880    750.075724  6  5  6 207       
PG15  -1886.726342  25392.669211   6972.158140    440.829542  7  1  4 218       
PG16  15463.379280  -6160.272114  20393.389925    325.344880  5  5  2 241       
PG17 -13195.595955 -10388.057970 -20145.191490   -195.216862  7  6  3 199       
PG18  11842.542604  10537.929236  21418.507276   -267.681972  6  6  5 203       
PG19 -15572.929442   1856.098635 -21402.785823    704.899761  5  4  5 200       
PG20 -10913.579048  19154.790068  14881.311802    274.185720  7  7  6 202       
PG21 -19089.794809   2454.567288  18322.533790    372.949592  7  8  6 199       
PG22 -22651.970164  -8616.277017 -10174.920809     70.134774  5  5  3 192       
PG23  20475.771001  16488.656352   4858.699868    684.433313  6  4  5 198       
PG24  -9986.844268  19819.894172 -14900.993694    185.616864  7  6  4 199       
PG25  14013.917893  19147.522868 -12574.644764    393.095002  5  4  6 200       
PG26  23065.501747    578.724547  13252.494357   -391.162056  5  4  4 219       
PG27  12635.767530 -15394.992030  16989.124019      0.466218  5  5  4 242       
PG28  23026.555461  -2170.800217 -13076.495223   -427.684582  8  6  6 256       
PG29   5184.811311  23322.097311  11390.428505   -252.256315  4  3  4 223       
PG30 -20992.815889  -2552.796220  16426.872908    347.852543  9  7  6 194       
PG31  24932.889504  -8800.536332  -4127.731291   -124.194959  7  4  5 259       
PG32  14522.255143   4823.555215 -21444.947235    243.957277  5  5  5 203       
*  2026  8 31  1 15  0.00000000
PG01   8845.494029 -18095.589154 -17275.222200    183.971397  5  3  5 258       
PG02  14733.290810 -19197.749731  -9835.927870    167.090240  9  4  3 191       
PG03  -2575.446332 -16914.053812 -20555.215944    294.407922  5  3  4 190       
PG04    503.486755 -26454.338782    160.877701     64.588073  6  4  2 186       
PG05 -11310.752094  10398.424820  21493.302965   -236.407101  7  7  4 200       
PG06 -22936.112034   2877.713047 -13154.080717   -536.795291  6  7  8 196       
PG07  -8240.884167 -13378.848024  22051.117222   -220.343224  6  5  5 190       
PG08   6200.714890 -23176.221646  10649.383494    359.700298  5  5  6 201       
PG09  -7941.901931 -23160.667104  10077.350931    689.640547  7  5  4 196       
PG10  23938.905903  11416.400859  -3208.087806   -541.992220  6  4  7 213       
PG11 -23843.747168  11427.388170  -1887.656262   -225.239947  9  8  8 226       
PG12   -173.368181  17136.773557 -20574.054658   -603.134556  7  4  5 193       
PG13  -1474.738380  15960.199976 -21246.942767    435.958667 11  9  8 311       
PG14 -23262.997544 -13177.330856   -186.860251    750.075615  6  4  6 208       
PG15  -2332.896526  24432.310164   9575.447437    440.832293  7  2  4 211       
PG16  17307.590008  -4712.766730  19327.764014    325.350807  6  4  2 238       
PG17 -12899.817282 -12692.293651 -18979.368301   -195.221238  7  6  3 197       
PG18   9681.392822  11707.305206  21867.405347   -267.673962  6  6  5 204       
PG19 -15335.822223   -598.013345 -21695.114965    704.899858  5  5  5 201       
PG20 -11092.573221  17351.080798  16839.037840    274.194167  7  7  6 198       
PG21 -20704.777411   1272.718584  16612.113253    372.942711  7  8  5 199       
PG22 -23350.839354  -9463.094504  -7562.671146     70.142682  5  5  4 194       
PG23  19800.732715  16263.440357   7636.864720    684.436596  6  4  5 196       
PG24 -11370.209823  20489.815384 -12734.829119    185.632518  7  6  4 197       
PG25  12608.098780  18585.581186 -14761.129930    393.091882  5  4  6 197       
PG26  24235.522588   1417.883871  10984.409838   -391.163375  5  4  4 221       
PG27  12828.137702 -13276.325920  18566.168962      0.465976  4  5  4 242       
PG28  21725.784942  -1187.215238 -15245.868547   -427.674911  8  7  6 189       
PG29   4838.856454  24463.634500   8859.968225   -252.249905  4  3  5 224       
PG30 -19397.564746  -3665.078862  18090.994926    347.863700  8  6  6 191       
PG31  24520.250857  -8316.917826  -6864.298420   -124.192378  7  4  5 259       
PG32  14454.509008   7295.218494 -20806.945430    243.974261  5  5  5 202       
*  2026  8 31  1 30  0.00000000
PG01  10575.055880 -18835.239559 -15402.348349    183.963116  5  3  6 257       
PG02  15724.487599 -19609.537903  -7177.476045    167.096370  9  4  2 189       
PG03   -480.247042 -15839.032202 -21545.809968    294.389422  5  3  4 190       
PG04    741.120548 -26306.256798  -2723.909546     64.588352  6  4  1 186       
PG05 -13509.576804   9326.645173  20709.072257   -236.407455  7  7  4 198       
PG06 -21608.811992   1918.685998 -15365.043354   -536.785740  5  7  8 198       
PG07  -6222.823439 -14646.464677  21868.807597   -220.346081  6  5  5 192       
PG08   6637.073826 -21811.043065  13012.023841    359.691082  5  5  6 199       
PG09  -7792.175139 -24192.898682   7447.833519    689.632780  7  4  3 195       
PG10  24079.118069  11640.969291   -315.914510   -541.986062  6  4  7 211       
PG11 -23639.608860  11012.351526  -4718.764297   -225.229151  8  8  8 227       
PG12  -2213.070088  15981.935669 -21381.362484   -603.133728  7  4  4 198       
PG13  -3705.556703  14964.504696 -21698.540288    435.963063 11 10  7 311       
PG14 -23019.216917 -13368.454117   2607.770614    750.075390  6  5  6 207       
PG15  -2891.215002  23211.715324  12009.834130    440.834935  7  3  4 214       
PG16  19100.274898  -3441.556247  17922.267132    325.356795  6  4  2 239       
PG17 -12722.249857 -14855.080582 -17474.282423   -195.226077  7  6  4 210       
PG18   7558.737435  13008.393539  21942.838484   -267.665918  7  6  5 201       
PG19 -15224.514272  -3067.358401 -21614.761462    704.900086  5  5  5 198       
PG20 -11378.797528  15355.034236  18508.343665    274.202589  7  7  6 201       
PG21 -22195.737048    278.586642  14616.317564    372.935825  7  8  5 199       
PG22 -23833.882056 -10105.127790  -4816.438187     70.150568  5  5  4 193       
PG23  18840.401408  15940.942453  10286.181325    684.439832  5  4  5 196       
PG24 -12527.017518  21066.105679 -10352.230383    185.648195  7  6  4 199       
PG25  10971.015038  17994.454894 -16702.400556    393.088761  5  5  5 197       
PG26  25196.149669   2098.941218   8529.071410   -391.164732  5  4  5 221       
PG27  13133.288903 -11008.710027  19809.748770      0.466163  4  5  4 238       
PG28  20286.602280     -8.221442 -17153.098842   -427.665310  8  7  6 188       
PG29   4561.090658  25325.281303   6175.370393   -252.243393  4  3  5 221       
PG30 -17716.922980  -4946.797376  19451.264699    347.874856  8  6  6 191       
PG31  23876.140504  -7659.887583  -9485.706572   -124.190017  7  4  5 259       
PG32  14512.901261   9670.408496 -19802.901720    243.991275  5  5  5 199       
*  2026  8 31  1 45  0.00000000
PG01  12072.188132 -19542.339225 -13263.506773    183.954781  5  4  6 257       
PG02  16455.324020 -19864.426832  -4389.436895    167.102751  9  4  2 189       
PG03   1756.670395 -14849.625560 -22173.307872    294.370963  5  3  3 188       
PG04   1009.006513 -25845.939749  -5561.265009     64.588637  7  5  1 186       
PG05 -15660.423458   8417.735304  19563.079397   -236.407990  7  7  4 197       
PG06 -20142.905313    751.372628 -17312.283502   -536.776290  4  6  8 197       
PG07  -4302.093490 -15996.944904  21330.072875   -220.349033  6  6  5 195       
PG08   7178.183742 -20214.678370  15142.732727    359.681893  5  5  6 198       
PG09  -7656.679599 -24927.533023   4689.037446    689.625015  7  4  3 197       
PG10  23936.504625  11719.354993   2581.611846   -541.979869  5  5  7 209       
PG11 -23193.931571  10410.968174  -7468.117497   -225.218315  8  8  8 227       
PG12  -4371.916987  14903.343809 -21829.960834   -603.132860  7  4  4 206       
PG13  -6012.775894  14075.297944 -21779.180920    435.967460 10 10  7 311       
PG14 -22503.373540 -13441.424328   5358.455507    750.075216  6  5  6 207       
PG15  -3586.149776  21761.163698  14231.169265    440.837944  6  4  4 209       
PG16  20795.744042  -2354.103935  16203.313930    325.362576  6  4  3 237       
PG17 -12643.918726 -16832.813087 -15656.933691   -195.230122  7  6  4 255       
PG18   5517.099239  14416.155942  21642.624561   -267.657894  7  6  6 199       
PG19 -15240.470902  -5503.696567 -21164.799119    704.900110  5  6  5 200       
PG20 -11791.228183  13207.732796  19860.752039    274.211067  8  8  6 204       
PG21 -23519.246839   -534.161878  12369.472145    372.928822  7  7  5 199       
PG22 -24070.383269 -10564.663315  -1985.111089     70.158390  5  5  4 191       
PG23  17596.807711  15562.591599  12761.949132    684.443080  5  4  4 196       
PG24 -13455.932534  21508.967510  -7792.427416    185.663847  7  6  4 199       
PG25   9121.779840  17411.115773 -18366.703051    393.085619  5  5  5 197       
PG26  25917.477947   2642.837637   5928.925582   -391.166068  5  5  5 221       
PG27  13563.848305  -8639.071300  20697.987485      0.466358  4  5  4 233       
PG28  18753.236220   1366.243003 -18765.354302   -427.655651  8  7  6 188       
PG29   4317.161263  25888.948977   3383.318532   -252.237185  4  3  5 227       
PG30 -15993.533456  -6390.286672  20484.660704    347.885988  7  5  6 190       
PG31  23033.701584  -6809.733741 -11948.364129   -124.187367  7  4  5 258       
PG32  14681.561961  11902.411647 -18451.373693    244.008220  5  5  5 200       
*  2026  8 31  2  0  0.00000000
PG01  13324.279012 -20176.116995 -10895.491191    183.946530  5  4  6 256       
PG02  16939.572644 -19926.619426  -1522.360405    167.109130  9  4  1 187       
PG03   4094.064717 -13974.155535 -22427.082491    294.352414  5  3  3 190       
PG04   1343.854078 -25085.800055  -8301.779263     64.588855  7  5  1 254       
PG05 -17713.613553   7674.249978  18075.667576   -236.408122  7  7  4 197       
PG06 -18584.175613   -624.417204 -18961.959020   -536.766836  4  6  8 198       
PG07  -2510.248858 -17398.058170  20442.192098   -220.352049  6  6  5 193       
PG08   7844.782498 -18424.187596  17003.765990    359.672713  5  4  6 198       
PG09  -7497.648084 -25356.035579   1848.931488    689.617257  7  3  3 193       
PG10  23497.427753  11689.281748   5435.792964   -541.973704  5  6  7 209       
PG11 -22538.259122   9601.313549 -10088.019813   -225.207503  7  8  8 225       
PG12  -6611.195735  13927.746876 -21912.546773   -603.132347  7  4  5 199       
PG13  -8351.635743  13311.130610 -21487.569982    435.971826 10 11  6 310       
PG14 -21709.064740 -13431.690878   8018.903646    750.075060  6  6  6 207       
PG15  -4435.836309  20117.288431  16198.731041    440.840597  6  5  4 202       
PG16  22349.588037  -1449.309784  14202.568589    325.368267  7  3  3 233       
PG17 -12639.289901 -18587.549061 -13560.068424   -195.234644  7  6  4 207       
PG18   3594.382942  15898.761757  20970.981929   -267.649914  7  6  6 197       
PG19 -15377.212096  -7859.911299 -20354.526181    704.900327  5  6  4 198       
PG20 -12341.549554  10954.169921  20873.199764    274.219500  8  8  6 199       
PG21 -24635.380026  -1179.682180   9910.195778    372.921907  7  7  5 201       
PG22 -24036.489216 -10870.156093    881.188934     70.166026  5  6  4 196       
PG23  16080.880898  15169.581717  15022.325864    684.446369  5  4  4 191       
PG24 -14163.359415  21780.461590  -5098.269989    185.679515  7  7  5 201       
PG25   7086.561197  16869.248498 -19726.795597    393.082450  5  5  5 198       
PG26  26375.748473   3075.856264   3228.498833   -391.167396  5  5  5 222       
PG27  14124.589151  -6216.879451  21215.701504      0.466270  4  4  4 229       
PG28  17170.590702   2927.851244 -20054.863278   -427.645969  8  7  6 186       
PG29   4070.479390  26145.204947    532.395082   -252.230318  5  3  5 215       
PG30 -14268.986568  -7980.251712  21173.494063    347.897094  6  5  6 189       
PG31  22030.438873  -5753.676373 -14211.455719   -124.184989  7  4  5 259       
PG32  14937.422187  13949.248662 -16777.013001    244.025205  4  5  6 205       
*  2026  8 31  2 15  0.00000000
PG01  14327.256575 -20695.668236  -8339.115655    183.938280  5  5  5 204       
PG02  17199.051128 -19765.601617   1372.052574    167.115515  9  5  1 189       
PG03   6486.148487 -13233.711630 -22302.669294    294.333955  6  4  2 187       
PG04   1779.297381 -24046.903975 -10897.754951     64.589196  7  5  1 254       
PG05 -19621.126671   7090.148245  16273.168616   -236.408480  7  7  5 193       
PG06 -16979.115837  -2200.056048 -20285.246891   -536.757347  3  5  8 198       
PG07   -872.959386 -18812.759748  19217.971453   -220.355303  6  6  4 189       
PG08   8650.809889 -16481.683174  18562.425570    359.663516  5  5  6 197       
PG09  -7277.105897 -25478.927122  -1023.204500    689.609471  7  3  2 194       
PG10  22756.888852  11590.977218   8198.933654   -541.967496  5  6  6 208       
PG11 -21709.342595   8568.704137 -12532.994243   -225.196681  7  8  7 225       
PG12  -8888.113403  13075.126008 -21627.796915   -603.131620  7  3  4 200       
PG13 -10675.036525  12682.879457 -20828.728628    435.976255 10 11  6 310       
PG14 -20637.978338 -13375.971116  10544.370144    750.074826  6  6  6 208       
PG15  -5451.070748  18321.743699  17876.101678    440.843050  5  5  5 204       
PG16  23720.310761   -717.839400  11956.258365    325.374374  7  4  3 235       
PG17 -12677.447680 -20088.363023 -11221.510141   -195.238527  7  6  4 195       
PG18   1822.567799  17418.682372  19938.521455   -267.641907  7  6  7 199       
PG19 -15620.656377 -10091.592319 -19199.202337    704.900528  5  6  4 196       
PG20 -13033.591655   8641.683973  21528.419556    274.227904  8  8  5 199       
PG21 -25509.200463  -1679.208248   7280.739539    372.915010  6  6  5 198       
PG22 -23716.177567 -11054.852679   3732.068614     70.173820  4  6  5 203       
PG23  14312.197029  14801.207257  17028.996661    684.449630  5  4  4 192       
PG24 -14663.118375  21846.093442  -2315.583349    185.695218  7  7  5 199       
PG25   4897.787765  16397.975751 -20760.325622    393.079387  6  5  5 196       
PG26  26554.185374   3428.392034    473.649536   -391.168743  5  6  5 222       
PG27  14812.171253  -3792.317342  21354.650081      0.466046  4  4  4 234       
PG28  15582.572356   4660.014109 -20999.393278   -427.636376  7  7  6 187       
PG29   3783.855994  26093.588775  -2327.792473   -252.224170  5  3  5 223       
PG30 -12582.360867  -9694.158462  21505.705316    347.908247  5  4  6 188       
PG31  20906.789277  -4486.502661 -16237.541302   -124.182550  6  4  5 237       
PG32  15251.239747  15775.108475 -14810.043910    244.042215  4  6  6 204       
*  2026  8 31  2 30  0.00000000
PG01  15085.564185 -21061.616512  -5638.508217    183.929983  5  6  5 204       
PG02  17262.491161 -19357.475797   4242.009155    167.121753  8  5  1 186       
PG03   8884.120750 -12641.403258 -21801.849221    294.315482  6  4  2 188       
PG04   2344.372636 -22758.178220 -13304.065426     64.589468  7  5  2 253       
PG05 -21338.345918   6651.203987  14187.399351   -236.409010  7  7  5 194       
PG06 -15373.190025  -3958.215328 -21258.868071   -536.747867  3  4  7 198       
PG07    590.812389 -20200.420472  17675.679080   -220.358335  6  7  4 189       
PG08   9602.686756 -14432.739454  19791.668205    359.654366  4  4  6 193       
PG09  -6958.542597 -25305.669038  -3877.656168    689.601718  7  3  2 196       
PG10  21718.760604  11465.499012  10825.067503   -541.961339  4  6  6 206       
PG11 -20747.659095   7306.475871 -14760.592982   -225.185841  7  8  7 224       
PG12 -11157.215534  12358.024152 -20980.383822   -603.131022  7  4  4 196       
PG13 -12935.157988  12193.411970 -19813.907570    435.980633  9 11  5 310       
PG14 -19299.942707 -13310.719229  12892.357272    750.074659  6  7  6 205       
PG15  -6634.601818  16419.650283  19231.977795    440.845892  5  6  4 203       
PG16  24870.829470   -142.774222   9504.431128    325.380361  7  4  4 234       
PG17 -12723.503093 -21312.408178  -8683.383662   -195.243348  7  6  4 209       
PG18    226.623855  18934.026430  18562.129423   -267.633920  7  6  7 196       
PG19 -15949.757083 -12158.497197 -17719.700918    704.900522  5  6  4 198       
PG20 -13863.078642   6318.311427  21815.225960    274.236282  8  8  5 198       
PG21 -26112.073596  -2060.035074   4526.264502    372.908070  6  6  5 200       
PG22 -23101.911993 -11155.241953   6517.802688     70.182058  4  6  5 192       
PG23  12318.413769  14493.276694  18747.793951    684.452946  5  4  4 188       
PG24 -14975.826827  21676.317678    507.571461    185.710889  7  7  5 201       
PG25   2593.138161  16020.760275 -21450.145449    393.076292  6  5  5 197       
PG26  26443.577530   3733.585172  -2289.177519   -391.170135  5  6  5 221       
PG27  15615.237449  -1414.442108  21113.625169      0.466531  4  4  4 220       
PG28  14030.468400   6538.329711 -21582.635613   -427.626716  7  7  6 187       
PG29   3421.164172  25742.585507  -5147.504085   -252.217432  6  3  5 213       
PG30 -10968.861459 -11502.899067  21475.084187    347.919282  4  4  5 189       
PG31  19704.607729  -3010.926324 -17993.101393   -124.179819  6  4  5 232       
PG32  15588.873210  17351.526995 -12585.645788    244.059178  4  6  6 202       
*  2026  8 31  2 45  0.00000000
PG01  15611.808128 -21237.730909  -2840.342224    183.921667  6  6  5 255       
PG02  17164.140235 -18686.008303   7036.654660    167.128063  8  5  1 189       
PG03  11237.818095 -12201.916826 -20932.641690    294.296983  6  4  2 191       
PG04   3062.182150 -21255.318607 -15478.962982     64.589760  6  5  3 253       
PG05 -22825.671271   6335.748004  11855.059368   -236.409099  7  7  5 194       
PG06 -13809.139248  -5873.323503 -21865.521990   -536.738395  4  3  7 199       
PG07   1869.407529 -21518.216913  15838.909987   -220.361244  6  7  4 194       
PG08  10698.918784 -12324.679585  20670.583656    359.645181  4  4  6 195       
PG09  -6508.523525 -24854.211755  -6665.150596    689.593991  7  3  2 198       
PG10  20395.705649  11353.052166  13270.642957   -541.955085  4  6  6 209       
PG11 -19695.795517   5816.450663 -16732.153831   -225.174970  6  7  7 222       
PG12 -13371.906652  11781.157721 -19980.910729   -603.130093  7  4  5 205       
PG13 -15085.111277  11837.567626 -18460.399987    435.984966  9 12  5 309       
PG14 -17712.687201 -13270.614454  15023.281833    750.074417  6  7  6 204       
PG15  -7980.761903  14457.883436  20240.886523    440.848615  5  6  4 203       
PG16  25769.787900    299.453765   6890.177101    325.386060  7  5  4 233       
PG17 -12740.169131 -22245.644221  -5991.255412   -195.247677  7  6  5 211       
PG18  -1176.303863  20400.068131  16864.738752   -267.625932  6  6  7 196       
PG19 -16337.400746 -14025.842198 -15942.087364    704.900413  5  6  4 199       
PG20 -14817.697914   4031.120991  21728.701248    274.244699  8  8  5 198       
PG21 -26422.747789  -2354.266145   1694.070306    372.901153  6  5  5 201       
PG22 -22194.960243 -11209.402388   9190.232956     70.189895  4  6  5 195       
PG23  10134.410597  14276.661832  20149.260045    684.456190  5  4  4 185       
PG24 -15127.999786  21247.894766   3321.725126    185.726538  7  8  5 205       
PG25    214.347416  15754.519869 -21784.564959    393.073226  6  5  6 201       
PG26  26042.589144   4025.870679  -5013.684385   -391.171511  5  6  5 220       
PG27  16514.856881    870.582802  20498.383630      0.465694  4  4  4 241       
PG28  12551.437171   8531.340016 -21794.489089   -427.617118  7  7  6 188       
PG29   2948.959881  25109.258004  -7877.760008   -252.211296  6  4  5 221       
PG30  -9458.604983 -13371.710281  21081.407973    347.930412  4  4  4 193       
PG31  18465.620978  -1337.660728 -19449.025217   -124.177445  5  4  5 236       
PG32  15912.747911  18658.268292 -10143.256962    244.076111  4  6  6 199       
*  2026  8 31  3  0  0.00000000
PG01  15926.091103 -21192.434682      6.980893    183.913521  6  6  5 255       
PG02  16942.165382 -17743.351224   9707.046632    167.134196  7  5  1 193       
PG03  13497.426305 -11911.394967 -19709.206428    294.278566  6  4  3 192       
PG04   3948.799350 -19579.445244 -17384.820519     64.590074  6  5  4 252       
PG05 -24049.937425   6115.708488   9317.044260   -236.409586  7  6  5 193       
PG06 -12325.397722  -7912.351661 -22094.221081   -536.728942  4  3  6 201       
PG07   2958.813607 -22722.641351  13736.373011   -220.364283  5  7  4 193       
PG08  11930.039118 -10204.814563  21184.733779    359.635972  3  3  5 195       
PG09  -5898.177210 -24150.226855  -9337.715005    689.586263  6  3  2 194       
PG10  18808.788468  11291.356826  15495.164681   -541.948877  3  6  6 204       
PG11 -18596.761742   4109.071279 -18413.488012   -225.164157  6  7  7 221       
PG12 -15486.020781  11341.324060 -18645.764759   -603.129265  7  4  5 213       
PG13 -17080.562510  11602.455986 -16791.256298    435.989314  9 12  5 309       
PG14 -15901.321181 -13287.122919  16901.101255    750.074250  6  7  6 207       
PG15  -9475.462407  12483.276909  20883.781229    440.851364  5  6  5 202       
PG16  26392.638208    637.888920   4158.833281    325.392294  7  5  4 235       
PG17 -12689.431542 -22883.204026  -3193.214893   -195.251996  7  6  5 218       
PG18  -2377.408321  21770.912096  14874.988015   -267.617924  6  6  7 197       
PG19 -16751.529272 -15665.380672 -13897.134628    704.900709  4  7  4 198       
PG20 -15877.487495   1824.590791  21270.278607    274.253132  8  7  5 201       
PG21 -26428.164567  -2597.375143  -1167.212464    372.894244  6  5  5 207       
PG22 -21005.370092 -11255.316517  11703.608321     70.198050  4  6  5 193       
PG23   7801.163316  14176.036463  21209.144591    684.459474  5  4  4 182       
PG24 -15150.896038  20545.036846   6076.903032    185.742146  7  8  6 203       
PG25  -2194.130529  15608.984903 -21757.539619    393.070174  6  5  5 200       
PG26  25357.792931   4339.497156  -7654.432878   -391.172871  5  6  5 213       
PG27  17485.289804   3021.110078  19521.430251      0.465189  4  4  4 246       
PG28  11177.169242  10601.566290 -21631.237741   -427.607480  7  7  5 187       
PG29   2337.995095  24218.553983 -10471.215947   -252.204774  6  4  4 220       
PG30  -8075.595615 -15261.315333  20330.494383    347.941544  4  4  4 192       
PG31  17229.902182    514.795796 -20581.038964   -124.174584  5  5  5 229       
PG32  16183.451238  19683.879353  -7525.818066    244.093110  4  6  6 200       
*  2026  8 31  3 15  0.00000000
PG01  16055.058034 -20900.145051   2854.182237    183.905338  6  7  5 255       
PG02  16636.934514 -16530.415854  12207.049475    167.140771  7  4  1 185       
PG03  15615.192024 -11757.644141 -18151.653261    294.260086  6  4  3 192       
PG04   5012.458856 -17775.558995 -18988.792286     64.590435  6  5  4 185       
PG05 -24985.581569   5957.904909   6617.689999   -236.409891  6  6  5 190       
PG06 -10954.681523 -10035.899215 -21940.517155   -536.719456  4  2  6 201       
PG07   3862.733493 -23771.084500  11401.591629   -220.367220  5  7  4 195       
PG08  13278.888129  -8118.709758  21326.348719    359.626788  2  3  5 193       
PG09  -5104.500548 -23226.055634 -11849.502705    689.578483  6  2  2 253       
PG10  16986.796653  11314.122039  17461.785936   -541.942642  2  5  5 204       
PG11 -17492.300562   2203.198183 -19775.486034   -225.153310  5  7  6 221       
PG12 -17455.387757  11027.608830 -16996.888864   -603.128730  6  4  5 206       
PG13 -18881.267624  11468.060249 -14834.904797    435.993667  8 12  6 309       
PG14 -13897.549331 -13387.184917  18493.891209    750.074084  5  7  6 204       
PG15 -11096.560780  10540.823549  21148.494148    440.854077  5  6  5 202       
PG16  26722.458625    905.693224   1357.186762    325.398001  6  5  5 233       
PG17 -12534.241098 -23229.389712   -338.923085   -195.256307  6  6  5 217       
PG18  -3376.406865  23001.231395  12626.770151   -267.609909  5  6  8 197       
PG19 -17156.441377 -17056.235856 -11619.785566    704.900630  4  6  4 198       
PG20 -17015.527449   -260.910860  20447.721315    274.261538  7  7  5 199       
PG21 -26123.966712  -2826.637876  -4008.452547    372.887324  6  5  5 206       
PG22 -19551.612014 -11329.221915  14015.351200     70.205760  4  6  5 192       
PG23   5364.391231  14208.851904  21908.829193    684.462714  5  4  4 182       
PG24 -15079.150169  19560.284389   8723.586166    185.757874  7  8  6 205       
PG25  -4586.560961  15586.320862 -21368.791647    393.067059  6  4  5 201       
PG26  24403.428960   4707.067752 -10167.530384   -391.174236  5  6  5 212       
PG27  18495.034518   5001.420063  18201.664586      0.464932  4  4  4 250       
PG28   9932.770470  12706.784509 -21095.619376   -427.597831  7  8  5 187       
PG29   1564.562171  23102.316728 -12883.003106   -252.198304  6  4  4 219       
PG30  -6836.930799 -17129.251206  19234.164902    347.952693  4  4  3 193       
PG31  16034.418089   2520.654943 -21370.071350   -124.172183  5  5  5 232       
PG32  16361.391113  20425.903678  -4778.973022    244.110094  5  6  6 203       
*  2026  8 31  3 30  0.00000000
PG01  16030.692065 -20342.390320   5651.973506    183.897046  6  7  4 254       
PG02  16289.253074 -15056.892133  14494.131777    167.146901  6  3  2 191       
PG03  17547.073124 -11720.665543 -16285.759646    294.241605  5  4  3 193       
PG04   6253.063639 -15890.861673 -20263.381514     64.590734  6  5  4 188       
PG05 -25615.517466   5825.540615   3803.964972   -236.410513  6  7  5 199       
PG06  -9722.806272 -12199.540149 -21406.613241   -536.710008  4  3  6 252       
PG07   4592.367058 -24623.438119   8872.511126   -220.370400  5  7  3 191       
PG08  14721.213477  -6108.551011  21094.381280    359.617607  2  2  5 190       
PG09  -4111.431566 -22119.417637 -14157.572021    689.570821  6  2  2 199       
PG10  14965.296580  11449.677313  19137.848321   -541.936365  2  5  5 205       
PG11 -16421.261665    125.575728 -20794.630062   -225.142451  4  7  6 220       
PG12 -19239.340780  10821.887615 -15061.473003   -603.127846  6  5  5 213       
PG13 -20452.461191  11408.123553 -12624.683358    435.998022  8 12  6 308       
PG14 -11738.649788 -13592.075395  19774.367694    750.073874  5  7  5 205       
PG15 -12814.587731   8671.955014  21030.028017    440.856925  5  7  5 200       
PG16  26750.485098   1138.658759  -1467.309337    325.404138  6  5  5 235       
PG17 -12240.154226 -23297.305778   2521.346829   -195.260919  6  6  5 225       
PG18  -4181.389912  24048.010760  10158.675413   -267.601916  5  6  8 199       
PG19 -17514.224197 -18185.464037  -9148.571482    704.900582  3  6  4 202       
PG20 -18198.909756  -2190.484430  19274.998006    274.269914  7  6  4 200       
PG21 -25514.684620  -3079.495474  -6780.856961    372.880358  6  6  5 206       
PG22 -17859.910628 -11464.063759  16086.739343     70.213365  5  6  5 203       
PG23   2873.023740  14384.589199  22235.671649    684.466056  4  5  4 181       
PG24 -14949.243086  18295.064464  11213.707436    185.773594  7  8  7 204       
PG25  -6917.420434  15681.030727 -20623.861426    393.064012  6  4  5 200       
PG26  23200.900855   5158.153984 -12511.282862   -391.175677  4  6  5 208       
PG27  19508.105638   6782.867956  16563.908145      0.464942  4  5  3 249       
PG28   8835.909827  14801.492549 -20196.783471   -427.588181  7  8  4 187       
PG29    611.615542  21798.040411 -15071.516826   -252.192036  6  5  4 224       
PG30  -5752.268171 -18931.336031  17810.115289    347.963849  4  4  4 190       
PG31  14911.698197   4647.597637 -21802.553580   -124.169560  5  6  5 230       
PG32  16408.451185  20890.752996  -1950.245181    244.127128  5  6  6 203       
*  2026  8 31  3 45  0.00000000
PG01  15888.908822 -19508.659336   8351.926067    183.888798  6  7  4 205       
PG02  15938.631663 -13340.924469  16530.053902    167.153346  5  2  2 185       
PG03  19254.267500 -11773.492872 -14142.596599    294.223131  5  5  4 194       
PG04   7662.028050 -13973.007449 -21186.905160     64.591056  6  4  5 193       
PG05 -25931.684698   5679.832301    924.626667   -236.410579  5  7  5 190       
PG06  -8647.781624 -14355.379369 -20501.356523   -536.700504  5  3  5 252       
PG07   5165.902107 -25243.659854   6191.006115   -220.373137  5  7  3 204       
PG08  16226.559906  -4211.675739  20494.424848    359.608415  2  2  5 188       
PG09  -2910.649366 -20871.931367 -16222.605518    689.563068  6  2  2 200       
PG10  12785.456379  11719.808114  20495.365468   -541.930140  1  5  5 205       
PG11 -15418.104261  -2090.011632 -21453.403287   -225.131598  4  6  5 221       
PG12 -20802.111761  10699.606145 -12871.565416   -603.127046  6  5  5 217       
PG13 -21766.047048  11391.284701 -10198.288789    436.002383  8 12  6 308       
PG14  -9466.249819 -13916.479887  20720.346527    750.073683  5  6  5 203       
PG15 -14593.804422   6912.980404  20530.675026    440.859650  5  7  5 201       
PG16  26476.346374   1373.649825  -4267.296239    325.409883  6  5  5 234       
PG17 -11776.853447 -23108.152980   5337.652619   -195.264787  6  6  5 212       
PG18  -4808.334383  24872.225139   7513.335984   -267.593960  5  6  7 199       
PG19 -17786.263152 -19048.333371  -6524.995094    704.901144  3  6  5 195       
PG20 -19389.950579  -3935.847104  17772.055511    274.278331  6  5  4 202       
PG21 -24613.593637  -3391.912498  -9436.804521    372.873416  5  6  5 207       
PG22 -15963.298367 -11688.107120  17883.495551     70.221952  5  5  4 194       
PG23    377.540166  14704.318597  22183.262600    684.469336  4  5  4 181       
PG24 -14797.874424  16759.893900  13501.656553    185.789276  7  7  7 205       
PG25  -9142.893537  15880.143719 -19534.085725    393.060951  6  4  5 198       
PG26  21778.029166   5718.029796 -14646.810250   -391.177059  4  6  5 206       
PG27  20485.484688   8344.727171  14638.330830      0.464421  4  5  3 257       
PG28   7896.264674  16838.513434 -18950.138778   -427.578526  7  8  4 186       
PG29   -530.373653  20347.420971 -16999.139127   -252.185360  5  5  4 217       
PG30  -4823.576616 -20623.225177  16081.690621    347.975045  4  4  4 186       
PG31  13888.671599   6857.773126 -21870.650498   -124.167040  5  6  5 230       
PG32  16289.578511  21093.249703    911.794979    244.144204  6  6  6 202       
*  2026  8 31  4  0  0.00000000
PG01  15668.005305 -18396.949176  10907.324469    183.880550  5  7  3 208       
PG02  15621.654656 -11408.468517  18281.438817    167.159826  5  1  2 184       
PG03  20704.563196 -11883.309210 -11758.064796    294.204640  5  5  4 195       
PG04   9222.461652 -12068.354957 -21743.848548     64.591378  6  4  5 193       
PG05 -25935.255460   5481.710072  -1970.640103   -236.410701  5  7  5 188       
PG06  -7739.219785 -16453.759658 -19240.110301   -536.690942  5  5  5 203       
PG07   5607.721478 -25601.239451   3402.284831   -220.376421  4  7  3 196       
PG08  17759.406631  -2459.325102  19538.503865    359.599215  2  2  5 184       
PG09  -1502.071977 -19527.505818 -18009.558589    689.555334  6  3  2 252       
PG10  10492.676088  12138.834874  21511.447322   -541.923960  1  5  5 202       
PG11 -14511.587471  -4403.859925 -21740.589078   -225.120727  4  5  4 220       
PG12 -22114.063874  10630.813874 -10463.605589   -603.126341  5  5  5 218       
PG13 -22801.545666  11382.420484  -7597.151620    436.006747  7 12  7 308       
PG14  -7124.940952 -14367.821238  21315.133238    750.073549  4  6  5 202       
PG15 -16393.542143   5293.756126  19659.958318    440.862487  5  7  5 200       
PG16  25908.002595   1647.032613  -6996.237559    325.415891  5  5  5 234       
PG17 -11119.486791 -22690.220678   8061.288666   -195.269652  5  6  5 228       
PG18  -5280.298318  25440.384819   4736.682620   -267.585972  5  6  7 201       
PG19 -17934.776888 -19648.312958  -3792.885312    704.900610  2  6  5 207       
PG20 -20547.599651  -5476.226618  15964.492236    274.286713  6  5  4 203       
PG21 -23442.247616  -3796.793846 -11930.659887    372.866514  5  6  5 207       
PG22 -13900.434014 -12023.758502  19376.281038     70.229546  5  5  4 195       
PG23  -2071.757899  15160.586403  21751.587827    684.472621  4  5  3 183       
PG24 -14660.308325  14974.206390  15545.263326    185.804916  7  7  7 204       
PG25 -11222.324021  16163.688220 -18116.498799    393.057916  6  4  5 197       
PG26  20168.088947   6406.568723 -16538.620015   -391.178415  4  6  5 205       
PG27  21386.679113   9674.704214  12459.796732      0.464539  4  6  3 255       
PG28   7115.284662  18770.673519 -17377.092862   -427.568867  7  8  4 188       
PG29  -1862.863119  18794.761241 -18632.882323   -252.178811  5  5  3 213       
PG30  -4045.184680 -22161.999994  14077.563402    347.986242  4  4  5 185       
PG31  12985.712346   9109.005979 -21572.419343   -124.164548  5  6  5 232       
PG32  15974.244238  21055.864708   3758.355696    244.161236  6  5  6 204       
*  2026  8 31  4 15  0.00000000
PG01  15407.025379 -17013.988859  13273.988206    183.872241  5  7  3 194       
PG02  15370.511454  -9292.365243  19720.223951    167.166198  5  1  3 184       
PG03  21873.457891 -12012.804609  -9172.343985    294.186057  4  5  4 251       
PG04  10909.684989 -10220.288758 -21925.105268     64.591669  6  3  5 195       
PG05 -25636.495045   5193.520303  -4832.087076   -236.411086  4  7  5 188       
PG06  -6998.082977 -18445.052934 -17644.505391   -536.681453  5  5  5 252       
PG07   5947.345076 -25672.504312    554.190157   -220.379611  4  7  2 188       
PG08  19280.501105   -875.661825  18244.748740    359.590028  2  3  5 183       
PG09    105.965164 -18130.665526 -19488.228239    689.547560  6  3  2 198       
PG10   8135.070723  12712.967582  22168.661431   -541.917704  2  6  5 198       
PG11 -13723.699743  -6771.698904 -21651.455055   -225.109859  4  3  4 217       
PG12 -23152.715143  10581.416355  -7877.881377   -603.125774  5  5  5 215       
PG13 -23546.761980  11344.143766  -4865.745487    436.011110  7 12  7 307       
PG14  -4760.781575 -14945.864302  21547.836401    750.073353  4  6  5 205       
PG15 -18169.762423   3836.647432  18434.398642    440.865276  5  7  5 199       
PG16  25061.397243   1993.148041  -9609.108666    325.421860  4  5  5 234       
PG17 -10249.775399 -22077.626774  10645.635946   -195.273847  5  6  5 229       
PG18  -5626.326808  25725.882536   1877.126594   -267.578014  5  6  7 202       
PG19 -17924.324350 -19996.775902   -997.730395    704.901008  1  6  5 198       
PG20 -21628.993894  -6798.967278  13883.136450    274.295041  6  5  4 200       
PG21 -22029.706350  -4322.522104 -14219.554405    372.859646  5  7  5 208       
PG22 -11714.235717 -12486.636049  20541.090983     70.237474  5  4  4 186       
PG23  -4426.478822  15737.637783  20947.090123    684.475884  4  5  3 181       
PG24 -14568.768554  12965.800771  17306.727421    185.820583  7  6  7 205       
PG25 -13119.569889  16505.437523 -16393.652312    393.054860  6  4  5 199       
PG26  18408.664974   7237.341464 -18155.134940   -391.179773  4  6  5 196       
PG27  22171.324175  10769.115321  10067.149571      0.464518  4  6  4 252       
PG28   6486.283159  20552.491415 -15504.687623   -427.559259  7  8  4 187       
PG29  -3379.005813  17185.294152 -19944.943025   -252.172557  4  5  3 220       
PG30  -3404.128958 -23507.730284  11831.314785    347.997401  4  4  5 184       
PG31  12215.928106  11356.172016 -20911.892200   -124.161833  5  7  5 228       
PG32  15437.724461  20807.685860   6541.230155    244.178232  6  5  5 206       
*  2026  8 31  4 30  0.00000000
PG01  15144.107190 -15375.129983  15411.046283    183.864033  5  7  2 191       
PG02  15211.741642  -7031.177699  20823.996072    167.172745  5  2  2 192       
PG03  22745.003013 -12121.726183  -6429.260560    294.167494  4  4  4 191       
PG04  12692.055257  -8467.675102 -21728.100259     64.591961  6  3  6 192       
PG05 -25054.285721   4780.664616  -7610.753083   -236.411201  4  6  5 190       
PG06  -6416.781142 -20281.465403 -15742.073960   -536.671901  5  6  5 209       
PG07   6218.138097 -25441.703894  -2303.598330   -220.382761  4  8  2 250       
PG08  20748.331732    522.914498  16636.969086    359.580804  2  4  5 182       
PG09   1896.855063 -16724.873342 -20633.734746    689.539894  6  4  1 203       
PG10   5761.856752  13439.959638  22455.327292   -541.911426  2  5  4 198       
PG11 -13068.868645  -9146.224656 -21187.819650   -225.099023  4  2  3 217       
PG12 -23903.513050  10514.603326  -5157.914029   -603.125133  4  5  4 213       
PG13 -23998.147598  11238.400257  -2050.841427    436.015439  7 12  7 307       
PG14  -2419.739646 -15642.616499  21413.597597    750.073279  4  5  5 201       
PG15 -19876.764670   2555.826720  16877.115871    440.867816  6  6  5 199       
PG16  23959.840928   2442.879485 -12063.042957    325.427992  4  5  5 237       
PG17  -9156.850346 -21308.862774  13046.941652   -195.278291  4  6  4 232       
PG18  -5880.112210  25710.085196  -1015.317146   -267.570026  6  7  7 201       
PG19 -17723.232636 -20112.428812   1814.004549    704.901257  1  6  5 195       
PG20 -22591.096631  -7899.825114  11563.535380    274.303400  6  4  4 201       
PG21 -20411.486178  -4991.672424 -16264.120556    372.852731  5  6  5 206       
PG22  -9450.382689 -13084.917067  21359.553083     70.245538  5  4  4 188       
PG23  -6641.813307  16411.971805  19782.625625    684.479138  5  5  2 182       
PG24 -14550.959211  10769.927176  18753.462644    185.836221  7  6  7 204       
PG25 -14804.213505  16873.907761 -14393.350142    393.051787  5  3  5 198       
PG26  16540.363445   8216.944804 -19469.171280   -391.181144  4  6  5 195       
PG27  22800.763564  11632.729282   7502.457274      0.464430  4  6  3 253       
PG28   5994.852369  22141.812818 -13365.136683   -427.549647  7  9  4 187       
PG29  -5063.744873  15563.490285 -20913.158111   -252.166026  4  5  2 217       
PG30  -2880.793748 -24624.950695   9380.920810    348.008557  3  4  5 183       
PG31  11584.719705  13552.698045 -19899.077894   -124.159402  5  7  5 230       
PG32  14662.156714  20383.160733   9213.571765    244.195234  6  5  5 209       
*  2026  8 31  4 45  0.00000000
PG01  14914.878343 -13503.908485  17281.650224    183.855763  5  7  2 193       
PG02  15165.233829  -4667.842190  21576.214349    167.178976  5  4  2 188       
PG03  23312.336841 -12168.564055  -3575.579999    294.148892  4  3  4 189       
PG04  14532.067798  -6843.510736 -21156.796386     64.592286  6  2  6 191       
PG05 -24215.336429   4213.112105 -10259.287036   -236.411453  4  6  5 192       
PG06  -5979.616939 -21918.784919 -13565.771522   -536.662397  5  7  5 210       
PG07   6455.829395 -24901.817166  -5120.451751   -220.385860  3  7  3 249       
PG08  22120.678684   1728.136121  14744.140371    359.571584  2  4  4 182       
PG09   3846.182067 -15350.914295 -21426.910593    689.532117  6  4  1 204       
PG10   3421.695955  14309.075597  22365.739365   -541.905107  3  5  4 202       
PG11 -12553.480884 -11478.751451 -20358.001109   -225.088223  4  2  3 252       
PG12 -24360.327916  10392.401935  -2349.776384   -603.124163  4  5  4 223       
PG13 -24160.842699  11028.102715    799.281363    436.019800  6 12  7 306       
PG14   -146.131341 -16442.532058  20913.731489    750.073096  3  5  4 199       
PG15 -21468.962068   1456.935890  15017.281480    440.870652  6  5  6 198       
PG16  22633.153133   3022.362245 -14317.932099    325.433527  4  5  5 234       
PG17  -7837.792364 -20425.206833  15225.017484   -195.282308  4  6  4 224       
PG18  -6078.462778  25383.122860  -3889.947413   -267.562028  6  7  7 201       
PG19 -17304.897194 -20020.488511   4595.570176    704.901347  1  6  5 195       
PG20 -23392.360150  -8782.940689   9045.362458    274.311786  5  4  5 201       
PG21 -18628.273671  -5819.955228 -18029.167619    372.845869  5  6  5 204       
PG22  -7155.742177 -13818.980477  21819.131686     70.253350  5  3  3 188       
PG23  -8678.083170  17153.212408  18277.310837    684.482341  5  4  3 183       
PG24 -14628.782907   8428.047211  19858.825782    185.851899  7  5  6 205       
PG25 -16252.580788  17233.577976 -12148.294753    393.048724  5  3  5 197       
PG26  14605.423365   9344.585695 -20458.363227   -391.182490  4  6  5 195       
PG27  23239.548517  12278.293770   4810.233740      0.465088  4  6  4 240       
PG28   5619.585736  23501.328321 -10995.272271   -427.540009  7  9  4 186       
PG29  -6894.231606  13971.415708 -21521.356543   -252.159633  3  4  2 218       
PG30  -2449.821794 -25483.992621   6768.147806    348.019707  3  4  5 182       
PG31  11089.630907  15652.135204 -18549.879057   -124.156755  5  6  5 227       
PG32  13637.336921  19820.664213  11730.628996    244.212240  6  5  4 210       
*  2026  8 31  5  0  0.00000000
PG01  14750.962517 -11431.294868  18853.612615    183.847576  5  6  3 196       
PG02  15243.506036  -2248.189217  21966.329109    167.185378  5  5  2 189       
PG03  23577.881846 -12112.309844   -660.233007    294.130299  3  1  3 188       
PG04  16387.688955  -5373.815068 -20221.587043     64.592565  6  2  6 192       
PG05 -23153.112169   3466.727968 -12732.730571   -236.411200  4  5  5 212       
PG06  -5663.560770 -23318.000682 -11153.395434   -536.652887  5  8  5 252       
PG07   6696.895901 -24055.035607  -7845.753510   -220.389061  3  7  3 249       
PG08  23356.181329   2739.914565  12599.819514    359.562355  2  4  4 185       
PG09   5922.482862 -14045.400695 -21854.592745    689.524337  7  3  1 199       
PG10   1161.052830  15301.377701  21900.313899   -541.898747  3  5  3 203       
PG11 -12175.729812 -13720.918321 -19176.651190   -225.077410  4  4  4 222       
PG12 -24525.642026  10177.298453    498.648696   -603.123841  3  6  4 212       
PG13 -24048.394920  10678.739396   3635.655725    436.024159  6 12  7 306       
PG14   2018.887222 -17323.016871  20055.770066    750.072944  3  6  4 200       
PG15 -22902.644786    537.121222  12889.443370    440.873378  6  5  6 198       
PG16  21116.594386   3751.875598 -16336.978467    325.439735  4  5  5 241       
PG17  -6297.861031 -19469.069890  17143.849154   -195.286925  4  6  4 231       
PG18  -6259.642798  24744.340154  -6696.314895   -267.554057  6  7  6 204       
PG19 -16648.909992 -19751.634347   7300.630310    704.901193  1  6  5 201       
PG20 -23994.347993  -9460.490250   6371.751562    274.320128  5  5  5 201       
PG21 -16724.451369  -6815.428356 -19484.287060    372.838973  5  6  5 205       
PG22  -4876.778689 -14681.350916  21913.241252     70.261542  5  3  3 190       
PG23 -10502.105981  17925.266441  16456.258197    684.485644  5  5  3 185       
PG24 -14817.319408   5986.322285  20602.703949    185.867577  6  4  6 200       
PG25 -17448.528201  17546.293209  -9695.642938    393.045664  5  3  6 203       
PG26  12646.274175  10611.936524 -21105.529338   -391.183769  5  6  5 200       
PG27  23456.801280  12725.773583   2036.653826      0.465576  4  6  4 227       
PG28   5333.079201  24599.915616  -8435.910957   -427.530356  7 10  4 188       
PG29  -8840.548537  12447.203115 -21759.603179   -252.152878  3  4  2 218       
PG30  -2081.264553 -26062.116958   4037.863632    348.030892  3  3  5 187       
PG31  10720.498572  17609.751732 -16885.920234   -124.154176  5  6  5 233       
PG32  12361.231741  19160.945865  14050.431955    244.229278  6  4  4 209       
*  2026  8 31  5 15  0.00000000
PG01  14678.656431  -9194.662490  20099.959963    183.839369  5  6  3 198       
PG02  15451.283759    180.609159  21989.805176    167.191903  4  5  2 197       
PG03  23553.193821 -11914.219855   2266.513632    294.111695  3  1  3 189       
PG04  18213.867399  -4076.805801 -18939.079320     64.592895  6  2  6 191       
PG05 -21906.526757   2524.369694 -14989.249103   -236.411567  4  5  4 211       
PG06  -5439.324793 -24446.730159  -8546.910761   -536.643384  4  9  4 216       
PG07   6976.879252 -22912.885753 -10429.913966   -220.391961  2  7  4 249       
PG08  24415.862566   3566.073989  10241.504724    359.553140  3  4  4 184       
PG09   8088.275861 -12839.453403 -21909.815847    689.516550  7  3  1 199       
PG10   -977.377602  16390.325991  21065.654336   -541.892423  3  5  3 205       
PG11 -11925.794515 -15826.384116 -17664.477979   -225.066537  3  6  4 220       
PG12 -24410.422119   9833.867452   3338.460576   -603.122962  2  6  4 218       
PG13 -23682.164877  10159.894027   6409.464227    436.028506  5 12  7 306       
PG14   4038.718570 -18255.219867  18853.405930    750.072805  3  6  4 196       
PG15 -24137.652563   -214.569422  10532.748175    440.875873  5  4  6 198       
PG16  19449.626590   4644.951859 -18087.198640    325.445659  4  5  5 241       
PG17  -4550.412464 -18482.339469  18772.112912   -195.291344  3  6  4 234       
PG18  -6461.653449  23802.389526  -9385.159941   -267.546107  5  7  6 203       
PG19 -15741.976462 -19340.771450   9883.958679    704.901328  2  7  5 201       
PG20 -24363.254454  -9952.028149   3588.568510    274.328455  5  5  6 201       
PG21 -14746.491700  -7978.009987 -20604.377368    372.832017  5  6  5 205       
PG22  -2658.000979 -15656.940804  21641.273603     70.269407  4  4  3 187       
PG23 -12088.320548  18687.727958  14350.200105    684.488950  5  5  3 183       
PG24 -15124.114756   3493.899258  20971.940015    185.883211  6  4  6 201       
PG25 -18383.962755  17772.803048  -7076.470368    393.042596  4  3  5 203       
PG26  10704.088288  12003.269347 -21398.976056   -391.185096  5  6  5 201       
PG27  23427.396376  13001.338356   -771.224673      0.464622  4  6  4 248       
PG28   5103.171930  25413.754134  -5731.149057   -427.520693  6 11  5 190       
PG29 -10866.707916  11023.693971 -21624.332875   -252.146422  2  4  2 217       
PG30  -1741.929796 -26344.399286   1237.274157    348.042043  4  4  5 187       
PG31  10459.903283  19384.088660 -14934.283468   -124.151852  4  5  6 238       
PG32  10840.191627  18445.514651  16134.424426    244.246317  6  4  3 207       
*  2026  8 31  5 30  0.00000000
PG01  14717.828974  -6836.514524  20999.390560    183.831131  5  5  3 198       
PG02  15785.380690   2571.609623  21648.059261    167.198286  4  4  2 200       
PG03  23258.463745 -11539.513107   5153.928268    294.093115  3  1  3 190       
PG04  19964.164823  -2962.386621 -17331.773947     64.593248  5  2  6 191       
PG05 -20518.450510   1376.711465 -16990.801640   -236.411688  5  6  4 218       
PG06  -5272.692390 -25280.395805  -5791.696708   -536.633948  4 10  4 214       
PG07   7328.708652 -21495.970821 -12825.411605   -220.395145  2  7  4 248       
PG08  25264.554379   4221.789128   7709.954138    359.543970  3  4  4 184       
PG09  10301.319820 -11757.607083 -21591.905294    689.508785  7  3  2 200       
PG10  -2956.115596  17542.676264  19874.529878   -541.886114  3  5  2 209       
PG11 -11786.341456 -17752.445720 -15847.864251   -225.055720  3  7  4 219       
PG12 -24033.674448   9330.345142   6120.572582   -603.121789  2  5  3 233       
PG13 -23090.440065   9446.617436   9072.880155    436.032835  5 12  6 305       
PG14   5882.558799 -19205.085581  17326.330666    750.072623  3  6  3 194       
PG15 -25138.885836   -816.454418   7990.088333    440.879045  5  3  6 203       
PG16  17674.543416   5707.729777 -19539.877094    325.451567  4  5  5 242       
PG17  -2616.516095 -17504.782779  20083.597663   -195.295425  3  6  4 228       
PG18  -6720.526619  22574.961283 -11909.328742   -267.538152  5  7  6 204       
PG19 -14578.588276 -18825.646396  12302.129288    704.901362  2  7  5 202       
PG20 -24471.262150 -10283.545401    743.631378    274.336763  5  5  6 203       
PG21 -12741.280330  -9299.312167 -21370.079297    372.825044  5  6  5 206       
PG22   -540.499329 -16723.577065  21008.543713     70.277740  4  4  2 200       
PG23 -13419.626336  19397.477093  11995.003732    684.492239  5  6  3 181       
PG24 -15548.814676   1001.073497  20960.582671    185.898874  6  4  5 203       
PG25 -19059.068456  17874.380620  -4335.146670    393.039534  4  3  5 205       
PG26   8817.378108  13495.868139 -21332.732998   -391.186389  5  6  5 203       
PG27  23132.921824  13136.144287  -3566.220675      0.465135  4  6  4 238       
PG28   4894.377685  25927.168944  -2927.599992   -427.511072  6 11  5 191       
PG29 -12931.885863   9727.301898 -21118.375169   -252.139665  2  5  3 207       
PG30  -1396.874994 -26324.327651  -1584.902830    348.053144  5  6  6 248       
PG31  10283.909899  20938.421048 -12727.148769   -124.148909  4  5  6 228       
PG32   9088.860347  17715.019229  17948.036375    244.263367  6  4  3 205       
*  2026  8 31  5 45  0.00000000
PG01  14881.085155  -4403.019426  21536.630038    183.822907  5  5  3 202       
PG02  16234.876911   4879.632062  20948.320809    167.204925  4  5  2 214       
PG03  22721.687195 -10958.935158   7951.712394    294.074506  2  1  2 194       
PG04  21592.443101  -2031.963232 -15427.649754     64.593598  5  3  5 194       
PG05 -19034.090204     22.768077 -18703.741271   -236.412524  5  6  3 196       
PG06  -5126.048839 -25803.104295  -2935.728752   -536.624535  5 10  4 212       
PG07   7781.107973 -19833.328568 -14987.829566   -220.397930  3  7  4 248       
PG08  25872.174627   4728.756354   5048.476715    359.534737  4  4  4 186       
PG09  12516.054498 -10816.978624 -20906.470375    689.500971  6  2  3 199       
PG10  -4744.162663  18719.649681  18345.761910   -541.879818  3  5  2 212       
PG11 -11733.327004 -19461.517594 -13758.389540   -225.044881  2  8  4 218       
PG12 -23421.693945   8640.083691   8796.569863   -603.121400  2  5  3 224       
PG13 -22307.290336   8520.596222  11579.897195    436.037188  4 13  6 305       
PG14   7526.419584 -20134.631984  15499.965962    750.072432  3  7  3 193       
PG15 -25877.595131  -1293.193264   5307.201746    440.881175  4  4  7 199       
PG16  15835.015687   6938.572284 -20670.969137    325.457588  4  4  5 241       
PG17   -524.291478 -16572.565753  21057.533510   -195.299875  3  5  4 232       
PG18  -7068.703519  21088.161088 -14224.647069   -267.530141  5  6  5 203       
PG19 -13161.426174 -18245.361848  14514.194089    704.901653  2  7  5 194       
PG20 -24297.684329 -10486.280330  -2114.107536    274.345098  5  6  6 205       
PG21 -10754.432894 -10762.802470 -21768.113950    372.818167  4  7  5 204       
PG22   1439.378696 -17852.790353  20026.158700     70.285088  4  5  2 185       
PG23 -14487.900101  20010.412668   9431.081577    684.495433  5  6  4 182       
PG24 -16083.157839  -1442.584513  20569.955351    185.914523  5  4  4 203       
PG25 -19482.222648  17814.461137  -1518.625494    393.036435  4  4  5 204       
PG26   7020.686719  15060.709166 -20906.714226   -391.187714  5  6  5 204       
PG27  22562.391740  13164.959353  -6301.762045      0.464707  4  5  4 246       
PG28   4669.450469  26133.171144    -73.586981   -427.501465  5 11  5 192       
PG29 -14991.843931   8577.138442 -20250.871624   -252.133313  1  5  3 209       
PG30  -1010.987319 -26004.083910  -4379.311349    348.064351  5  6  6 248       
PG31  10163.076470  22242.068666 -10301.338375   -124.146471  4  6  6 231       
PG32   7129.786812  17007.680931  19461.192893    244.280427  6  4  3 203       
*  2026  8 31  6  0  0.00000000
PG01  15173.226833  -1942.411929  21702.679410    183.814726  5  5  4 192       
PG02  16781.580249   7062.708414  19903.425065    167.211111  4  5  2 225       
PG03  21977.530062 -10150.122367  10610.908338    294.055940  2  1  2 197       
PG04  23054.543660  -1278.591315 -13259.661529     64.593917  5  4  5 197       
PG05 -17499.302254  -1529.899018 -20099.339648   -236.412785  5  6  3 195       
PG06  -4960.050552 -26008.193276    -28.713201   -536.615071  5 11  4 250       
PG07   8357.165027 -17961.422641 -16876.853306   -220.401086  3  7  4 247       
PG08  26214.812195   5114.134723   2302.207445    359.525512  4  4  4 186       
PG09  14685.170015 -10026.728088 -19865.298803    689.493156  6  3  3 194       
PG10  -6318.038718  19878.337406  16504.013431   -541.873453  3  6  1 212       
PG11 -11737.067594 -20922.416671 -11432.265688   -225.034030  2  9  4 222       
PG12 -22607.031511   7742.825967  11319.578003   -603.120587  2  5  3 229       
PG13 -21371.208429   7371.071282  13887.132994    436.041553  3 13  6 304       
PG14   8953.894868 -21003.407725  13405.087069    750.072237  4  6  3 196       
PG15 -26332.401365  -1674.522110   2531.750838    440.884021  4  5  7 194       
PG16  13974.598816   8327.960988 -21461.451707    325.463620  4  4  5 232       
PG17   1692.005140 -15716.938152  21678.829208   -195.304093  3  4  3 228       
PG18  -7533.566175  19375.560960 -16290.731962   -267.522069  4  6  5 204       
PG19 -11501.475115 -17638.840825  16482.340911    704.901648  2  7  5 198       
PG20 -23829.846492 -10595.327141  -4935.404308    274.353471  5  6  6 209       
PG21  -8828.669390 -12344.288773 -21791.517662    372.811206  4  7  5 205       
PG22   3251.171237 -19010.836932  18710.814421     70.293247  4  5  2 186       
PG23 -15294.165348  20483.250652   6702.705653    684.498684  5  6  4 190       
PG24 -16711.325602  -3790.052214  19808.546150    185.930219  5  4  3 198       
PG25 -19669.597154  17560.235207   1324.342724    393.033345  4  4  5 205       
PG26   5343.419553  16663.390483 -20126.799376   -391.189002  5  6  5 208       
PG27  21712.691219  13124.684455  -8932.583480      0.464657  4  5  4 246       
PG28   4391.022745  26033.673819   2781.694614   -427.491827  5 11  6 195       
PG29 -17000.483355   7584.431823 -19037.089529   -252.126992  1  5  3 219       
PG30   -550.585848 -25394.492348  -7096.861266    348.075640  6  6  6 247       
PG31  10063.699007  23271.503225  -7697.765672   -124.143929  5  7  6 236       
PG32   4992.754656  16357.833795  20648.756323    244.297486  6  4  2 202       
*  2026  8 31  6 15  0.00000000
PG01  15591.030274    496.678606  21494.952470    183.806497  5  5  4 191       
PG02  17400.748549   9083.400852  18531.546134    167.217480  4  6  2 226       
PG03  21065.932473  -9098.707980  13084.798152    294.037346  2  2  2 197       
PG04  24309.895832   -687.447492 -10865.161162     64.594220  5  5  5 199       
PG05 -15958.901481  -3265.299351 -21154.230178   -236.412870  5  5  3 206       
PG06  -4735.364566 -25898.424434   2878.808049   -536.605553  5 11  4 250       
PG07   9073.135694 -15922.804618 -18457.193949   -220.403810  3  6  4 247       
PG08  26275.585738   5409.300380   -482.622502    359.516279  4  4  4 185       
PG09  16761.247161  -9387.830801 -18486.154970    689.485369  6  3  4 194       
PG10  -7662.547704  20973.293914  14379.477630   -541.867151  4  6  2 214       
PG11 -11763.534123 -22111.404620  -8909.696867   -225.023230  2  9  4 223       
PG12 -21627.215629   6625.745512  13645.125272   -603.120025  3  4  2 225       
PG13 -20323.587741   5995.468411  15954.591932    436.045922  4 13  5 304       
PG14  10156.638710 -21770.074498  11077.340565    750.072024  3  6  2 197       
PG15 -26490.014077  -1993.811437   -287.594414    440.886753  3  5  7 193       
PG16  12135.250367   9858.671988 -21897.619961    325.469752  4  4  4 234       
PG17   3993.107449 -14963.127150  21938.222162   -195.308062  3  3  3 218       
PG18  -8136.182984  17476.963811 -18071.723738   -267.514063  4  5  5 205       
PG19  -9617.842905 -17043.294004  18172.523641    704.901783  3  7  5 196       
PG20 -23063.671665 -10648.096408  -7671.575948    274.361843  5  6  6 211       
PG21  -7002.308391 -14012.709603 -21439.769306    372.804297  4  7  5 248       
PG22   4871.227456 -20159.916624  17084.523605     70.301561  4  5  2 200       
PG23 -15848.403976  20775.316246   3857.236156    684.501935  5  6  4 193       
PG24 -17410.626616  -5998.545411  18691.728279    185.945877  4  4  4 196       
PG25 -19644.451822  17084.130724   4144.064075    393.030204  5  5  5 202       
PG26   3808.861000  18265.282574 -19004.828469   -391.190287  5  6  4 209       
PG27  20588.743784  13052.824089 -11415.384976      0.464455  4  5  4 250       
PG28   4023.251587  25639.375280   5589.030345   -427.482156  4 11  6 199       
PG29 -18911.472925   6752.257951 -17498.136997   -252.120455  1  6  4 216       
PG30     15.020931 -24514.632815  -9689.643243    348.086953  6  7  7 247       
PG31   9949.249069  24011.204871  -4960.792122   -124.141065  5  8  6 228       
PG32   2713.853892  15794.621819  21490.898756    244.314510  7  4  2 202       
*  2026  8 31  6 30  0.00000000
PG01  16123.348061   2866.908253  20917.301464    183.798206  5  5  5 194       
PG02  18062.043857  10909.949720  16855.876633    167.223774  5  7  2 225       
PG03  20030.504668  -7799.120928  15329.774269    294.018788  2  2  2 199       
PG04  25322.994316   -236.602454  -8285.252662     64.594515  5  5  4 200       
PG05 -14455.027131  -5159.449011 -21850.765734   -236.413238  5  5  3 204       
PG06  -4414.407358 -25485.816367   5736.364206   -536.596049  5 10  4 250       
PG07   9937.545736 -13764.503117 -19699.402990   -220.407053  3  5  4 246       
PG08  26045.249953   5648.462451  -3259.411557    359.507081  4  4  3 185       
PG09  18698.408581  -8893.167945 -16792.485239    689.477479  6  4  5 193       
PG10  -8771.237213  21958.263701  12007.463199   -541.860842  4  6  2 217       
PG11 -11775.818853 -23012.949206  -6234.176152   -225.012379  3  9  4 221       
PG12 -20523.275689   5284.204609  15731.979986   -603.119297  3  4  2 226       
PG13 -19207.096269   4399.714200  17746.372883    436.050278  5 13  5 304       
PG14  11134.531380 -22394.053560   8556.661089    750.071825  3  6  2 196       
PG15 -26345.629317  -2286.511700  -3102.048027    440.889523  3  5  7 190       
PG16  10355.905916  11506.229691 -21971.326727    325.475684  4  5  4 259       
PG17   6336.036223 -14329.473396  21832.345177   -195.312721  2  2  3 228       
PG18  -8890.319793  15436.933593 -19536.923136   -267.506092  4  4  5 205       
PG19  -7537.282902 -16492.744791  19555.055610    704.901724  3  7  5 202       
PG20 -22003.945015 -10682.687642 -10275.347774    274.370179  5  7  6 213       
PG21  -5307.938717 -15731.200732 -20718.807364    372.797384  4  8  4 248       
PG22   6283.385842 -21259.544655  15174.278994     70.309117  4  6  2 187       
PG23 -16169.014205  20850.256044    944.278328    684.505152  5  6  4 194       
PG24 -18152.478356  -8031.003015  17241.327058    185.961508  4  3  5 197       
PG25 -19436.141389  16365.118680   6890.805697    393.027113  5  5  5 202       
PG26   2433.414999  19824.863469 -17558.504451   -391.191575  5  6  3 211       
PG27  19203.400712  12985.959748 -13709.447268      0.464493  4  4  4 249       
PG28   3533.407847  24969.314293   8300.039905   -427.472564  4 10  6 198       
PG29 -20679.889325   6075.591110 -15660.585746   -252.113715  1  6  4 204       
PG30    712.088727 -23391.130482 -12111.833817    348.098215  6  7  7 247       
PG31   9781.951650  24454.228471  -2137.498485   -124.138591  5  9  6 230       
PG32    334.327023  15340.898081  21973.402336    244.331548  7  4  2 200       
*  2026  8 31  6 45  0.00000000
PG01  16751.530237   5123.842952  19979.931930    183.789957  5  5  5 195       
PG02  18730.683839  12517.217650  14904.259164    167.230079  5  7  3 225       
PG03  18916.778413  -6255.040282  17306.162266    294.000281  2  3  2 199       
PG04  26064.691338    101.935567  -5564.092180     64.594757  5  5  4 198       
PG05 -13025.625098  -7181.107374 -22177.287749   -236.414123  5  5  3 181       
PG06  -3963.012363 -24791.125409   8494.455422   -536.586558  6 10  4 215       
PG07  10950.638642 -11536.212824 -20580.547342   -220.410017  3  5  4 187       
PG08  25522.532328   5867.191629  -5981.901667    359.497861  4  4  4 187       
PG09  20453.920431  -8527.931553 -14813.034512    689.469648  5  4  5 193       
PG10  -9646.527744  22787.978692   9427.876042   -541.854559  5  6  2 218       
PG11 -11735.716894 -23620.177535  -3451.731468   -225.001568  4  9  3 222       
PG12 -19338.124085   3722.193729  17542.943713   -603.118364  3  5  2 232       
PG13 -18064.010105   2598.222672  19231.308485    436.054630  6 13  4 303       
PG14  11895.522994 -22837.171054   5886.594583    750.071580  3  5  2 197       
PG15 -25903.003258  -2588.553615  -5863.556487    440.892011  3  5  7 196       
PG16   8671.160365  13239.627223 -21680.160917    325.481900  4  5  4 238       
PG17   8675.520237 -13826.834646  21363.714388   -195.316519  2  2  3 213       
PG18  -9801.756074  13303.152603 -20661.321438   -267.498044  3  4  5 205       
PG19  -5293.431418 -16016.666685  20605.156133    704.901977  4  6  5 197       
PG20 -20664.245878 -10736.237914 -12701.680301    274.378481  6  7  6 215       
PG21  -3771.319499 -17458.397878 -19640.935924    372.790399  4  8  4 247       
PG22   7479.383865 -22268.030815  13011.654514     70.317159  4  6  2 188       
PG23 -16281.934033  20677.598680  -1985.216065    684.508399  6  6  4 194       
PG24 -18903.634303  -9857.305955  15485.054470    185.977175  4  3  5 198       
PG25 -19078.869980  15389.782874   9515.733123    393.023980  6  5  4 200       
PG26   1226.102083  21299.193706 -15811.198218   -391.192901  5  7  3 212       
PG27  17577.060005  12958.277430 -15777.201732      0.464481  5  4  4 248       
PG28   2893.345606  24050.114858  10868.015263   -427.462953  4 10  6 198       
PG29 -22263.808886   5541.669850 -13556.008810   -252.107370  1  6  4 207       
PG30   1561.164919 -22057.148537 -14320.569176    348.109408  6  7  8 247       
PG31   9524.442892  24602.450324    723.120211   -124.135848  6 10  6 224       
PG32  -2100.770993  15012.363763  22087.884877    244.348574  7  4  3 199       
*  2026  8 31  7  0  0.00000000
PG01  17450.147182   7227.465835  18699.209419    183.781613  5  5  5 200       
PG02  19368.751151  13887.402718  12708.773595    167.236324  6  7  3 213       
PG03  17770.384726  -4479.482374  18978.976413    293.981749  3  3  3 198       
PG04  26513.256372    360.948425  -2748.144518     64.595062  5  5  4 201       
PG05 -11703.100702  -9292.787808 -22128.304396   -236.414410  6  5  4 184       
PG06  -3351.959078 -23842.997235  11105.427949   -536.577104  6  9  4 214       
PG07  12104.199857  -9288.368580 -21084.719323   -220.412910  3  5  4 193       
PG08  24714.192415   6100.914029  -8604.873767    359.488633  4  4  4 187       
PG09  21989.685813  -8270.328505 -12581.379218    689.461864  5  4  5 195       
PG10 -10299.499019  23419.958088   6684.599649   -541.848311  5  6  2 219       
PG11 -11605.360431 -23935.005939   -610.134236   -224.990783  4 10  4 250       
PG12 -18114.861627   1952.428339  19045.580847   -603.117775  3  5  2 216       
PG13 -16934.571799    613.551001  20383.523541    436.058971  7 13  3 303       
PG14  12455.157027 -23065.235067   3113.538643    750.071345  3  5  2 199       
PG15 -25174.210660  -2934.767586  -8525.590453    440.894676  3  5  6 199       
PG16   7110.099826  15022.294019 -21027.560041    325.487980  4  6  3 239       
PG17  10965.491608 -13458.272953  20540.642616   -195.320576  2  2  3 205       
PG18 -10867.932256  11124.673941 -21426.014563   -267.490066  3  3  5 206       
PG19  -2925.780620 -15638.785416  21303.439114    704.902118  4  5  5 196       
PG20 -19066.548273 -10843.311821 -14908.560399    274.386830  6  8  6 217       
PG21  -2410.550857 -19149.926116 -18224.620601    372.783384  4  8  4 247       
PG22   8458.985545 -23144.016075  10632.347168     70.324829  4  6  3 189       
PG23 -16219.464027  20234.097654  -4879.883987    684.511693  6  5  4 195       
PG24 -19627.595776 -11455.185617  13455.835759    185.992825  4  4  6 193       
PG25 -18610.240186  14153.101500  11971.858993    393.020885  6  5  4 198       
PG26    188.337200  22645.479445 -13791.652051   -391.194177  5  7  3 214       
PG27  15737.030679  13000.197695 -17584.752961      0.464784  5  3  4 243       
PG28   2080.793942  22914.950164  13248.728798   -427.453308  3  9  6 200       
PG29 -23625.791961   5130.662090 -11220.441342   -252.100847  1  6  4 205       
PG30   2576.045793 -20551.123767 -16276.766338    348.120611  6  7  8 246       
PG31   9141.441273  24466.477978   3571.023044   -124.133330  6 10  6 224       
PG32  -4544.053564  14816.977397  21831.948246    244.365620  7  4  3 200       
*  2026  8 31  7 15  0.00000000
PG01  18187.985263   9143.510875  17097.362586    183.773402  4  5  5 198       
PG02  19936.617825  15010.500164  10305.282955    167.242669  7  7  4 215       
PG03  16635.232842  -2494.513077  20318.589852    293.963259  3  4  4 200       
PG04  26655.165189    576.556190    114.592198     64.595359  5  5  4 196       
PG05 -10513.190156 -11452.005835 -21704.576307   -236.414414  6  6  4 190       
PG06  -2558.302852 -22676.824976  13524.307872   -536.567662  6  8  4 216       
PG07  13381.767454  -7070.196704 -21203.363502   -220.415973  3  5  4 194       
PG08  23634.804571   6383.422816 -11084.819181    359.479437  4  4  4 189       
PG09  23273.575025  -8092.557322 -10135.382861    689.454067  5  4  5 193       
PG10 -10749.333951  23816.239237   3824.779474   -541.842022  5  6  3 222       
PG11 -11348.842323 -23967.943622   2241.915677   -224.979981  5  9  3 249       
PG12 -16895.075623     -3.906732  20212.865692   -603.116929  4  4  2 220       
PG13 -15855.438283  -1524.264232  21182.901531    436.063394  8 13  3 302       
PG14  12835.789674 -23049.478568    285.913531    750.071213  3  4  3 198       
PG15 -24179.108831  -3357.382095 -11043.869910    440.897300  3  5  6 195       
PG16   5695.325879  16813.283123 -20022.851051    325.493929  3  6  3 239       
PG17  13160.605009 -13219.032384  19377.081994   -195.324997  2  3  3 216       
PG18 -12077.939927   8950.140432 -21818.495479   -267.482011  3  4  4 207       
PG19   -478.417940 -15376.094399  21636.331909    704.902111  4  4  5 211       
PG20 -17240.504085 -11034.396742 -16857.741982    274.395162  6  8  6 218       
PG21  -1235.547040 -20760.019125 -16494.177284    372.776489  4  8  4 247       
PG22   9229.822046 -23848.014788   8075.662239     70.332993  3  6  3 196       
PG23 -16018.836751  19504.798516  -7688.902748    684.514917  6  5  4 196       
PG24 -20286.141619 -12810.794011  11191.054263    186.008483  4  4  6 194       
PG25 -18069.654810  12658.899640  14214.979253    393.017797  6  5  4 201       
PG26   -685.996965  23822.666500 -11533.579122   -391.195468  5  7  3 217       
PG27  13716.665153  13137.152724 -19102.352515      0.464814  5  3  4 237       
PG28   1080.420062  21602.266316  15401.197151   -427.443601  3  8  6 198       
PG29 -24734.205464   4816.602613  -8693.773364   -252.094268  1  5  4 203       
PG30   3763.009803 -18915.296910 -17945.871483    348.131758  6  7  8 245       
PG31   8601.362805  24065.219514   6356.038755   -124.130821  6 10  6 226       
PG32  -6947.373934  14754.656175  21209.246839    244.382672  8  4  4 205       
*  2026  8 31  7 30  0.00000000
PG01  18929.275926  10844.573304  15202.088659    183.765167  4  6  5 200       
PG02  20394.439010  15884.499209   7732.939786    167.248876  7  7  4 211       
PG03  15551.766112   -330.593870  21301.303032    293.944777  3  4  4 201       
PG04  26485.590085    786.641394   2975.381907     64.595631  5  4  4 196       
PG05  -9474.091079 -13612.720075 -20913.108983   -236.414980  6  7  5 189       
PG06  -1566.453159 -21333.361153  15709.578067   -536.558196  6  8  4 215       
PG07  14759.218279  -4927.836868 -20935.410846   -220.418919  4  6  4 195       
PG08  22306.273685   6745.458626 -13380.582013    359.470202  4  3  4 190       
PG09  24280.543273  -7962.021570  -7516.581177    689.446273  5  4  5 195       
PG10 -11022.434941  23944.967812    898.020182   -541.835756  6  6  3 223       
PG11 -10933.766657 -23737.579615   5055.615079   -224.969190  5  9  3 249       
PG12 -15717.201728  -2117.759952  21023.729576   -603.116242  4  4  2 220       
PG13 -14858.279711  -3778.666006  21615.449860    436.067771  9 13  2 302       
PG14  13065.534363 -22767.806626  -2546.719861    750.071062  3  3  3 197       
PG15 -22944.537226  -3884.654284 -13377.016610    440.900266  4  5  5 192       
PG16   4442.209509  18568.642951 -18681.213137    325.499701  3  7  4 239       
PG17  15217.730337 -13096.805279  17892.399176   -195.329175  2  3  3 212       
PG18 -13412.852146   6826.041385 -21832.822534   -267.474053  3  4  4 208       
PG19   2001.427184 -15238.126141  21596.412131    704.902681  4  3  5 195       
PG20 -15222.435648 -11334.563485 -18515.422277    274.403509  6  9  6 220       
PG21   -247.832252 -22243.206098 -14479.358483    372.769530  3  8  4 246       
PG22   9806.949266 -24343.909860   5383.944471     70.341104  3  6  4 201       
PG23 -15720.591601  18483.783976 -10362.936605    684.518189  6  4  4 196       
PG24 -20840.907124 -13918.924827   8731.740793    186.024128  4  5  6 195       
PG25 -17496.638140  10919.945586  16204.571523    393.014644  6  5  4 200       
PG26  -1410.177379  24793.004241  -9075.159069   -391.196792  5  7  3 218       
PG27  11554.288959  13388.549959 -20304.822310      0.464761  5  2  4 237       
PG28   -115.378149  20154.315638  17288.387424   -427.433939  4  7  6 200       
PG29 -25564.335260   4568.566396  -6019.083975   -252.087872  1  5  4 203       
PG30   5120.361130 -17194.098934 -19298.517017    348.142944  6  6  8 193       
PG31   7877.810622  23425.123313   9028.809217   -124.128312  6 10  6 227       
PG32  -9263.433791  14817.281873  20229.473437    244.399728  8  4  4 204       
*  2026  8 31  7 45  0.00000000
PG01  19635.110271  12310.955987  13046.068781    183.756932  4  7  4 200       
PG02  20703.668543  16515.308641   5033.654093    167.255264  7  7  4 212       
PG03  14555.367767   1974.413707  21909.796469    293.926288  4  4  4 200       
PG04  26008.574106   1029.209122   5785.554361     64.595963  5  4  3 194       
PG05  -8595.883418 -15726.914587 -19767.051640   -236.415410  6  7  5 190       
PG06   -368.958880 -19857.139989  17623.884867   -536.548687  6  7  4 215       
PG07  16205.698471  -2902.622975 -20287.219627   -220.421727  4  6  4 202       
PG08  20757.101490   7213.407002 -15453.968053    359.460994  4  3  3 187       
PG09  24993.493847  -7842.734916  -4769.505019    689.438491  4  4  5 194       
PG10 -11151.241582  23781.778485  -2044.491728   -541.829465  5  6  3 225       
PG11 -10332.666914 -23269.774065   7782.879278   -224.958312  5  8  3 222       
PG12 -14615.019013  -4353.141884  21463.492654   -603.115873  4  4  2 210       
PG13 -13968.584797  -6107.794979  21673.556361    436.072150  9 13  3 301       
PG14  13176.973145 -22205.793615  -5334.576450    750.070861  3  3  3 195       
PG15 -21503.290298  -4539.678077 -15487.130777    440.902495  5  6  5 203       
PG16   3358.406079  20242.930823 -17023.555718    325.505906  3  7  4 239       
PG17  17097.369744 -13072.276488  16111.085835   -195.333406  2  3  3 210       
PG18 -14846.377157   4795.075531 -21469.664346   -267.466015  4  5  3 205       
PG19   4464.979451 -15226.514273  21182.650087    704.902498  4  3  6 202       
PG20 -13054.076109 -11762.346002 -19852.840810    274.411955  7  9  6 218       
PG21    559.333160 -23556.001279 -12214.843938    372.762623  3  8  3 246       
PG22  10212.135329 -24600.348865   2601.958314     70.348723  3  5  4 191       
PG23 -15366.822730  17174.564162 -12855.056724    684.521424  6  4  4 195       
PG24 -21254.945241 -14782.890543   6121.732583    186.039827  4  6  6 197       
PG25 -16929.149328   8957.679829  17904.629942    393.011541  6  5  3 199       
PG26  -2003.976788  25523.516793  -6458.432439   -391.198113  4  7  3 219       
PG27   9291.962599  13766.956322 -21171.925803      0.464428  5  2  4 244       
PG28  -1505.981473  18615.556689  18877.853531   -427.424339  4  7  6 198       
PG29 -26099.247886   4352.032839  -3241.927052   -252.081572  1  4  4 207       
PG30   6638.304000 -15432.461137 -20311.071588    348.154043  5  6  7 191       
PG31   6950.872663  22579.114319  11541.739070   -124.125886  6 10  6 230       
PG32 -11447.373440  14989.014127  18908.259734    244.416697  8  4  4 204       
*  2026  8 31  8  0  0.00000000
PG01  20264.984232  13531.221182  10666.401968    183.748693  4  7  4 197       
PG02  20828.547869  16916.412228   2251.523698    167.261693  8  7  5 216       
PG03  13674.983300   4376.545575  22133.456903    293.907801  4  5  4 203       
PG04  25236.883566   1340.744687   8497.305604     64.596265  6  3  3 190       
PG05  -7880.262154 -17746.266118 -18285.502968   -236.415595  6  7  5 243       
PG06   1033.028689 -18294.773419  19234.662897   -536.539240  6  6  4 216       
PG07  17684.849550  -1029.601184 -19272.331255   -220.424488  4  5  4 213       
PG08  19021.428586   7808.157184 -17270.315835    359.451758  5  3  3 188       
PG09  25403.853722  -7696.865485  -1940.950089    689.430701  4  4  5 195       
PG10 -11172.792885  23310.903564  -4950.923697   -541.823206  5  6  3 227       
PG11  -9524.237942 -22596.586249  10377.147521   -224.947524  5  8  3 221       
PG12 -13616.342781  -6668.344448  21524.167920   -603.115058  4  3  2 231       
PG13 -13204.720116  -8465.920120  21356.131613    436.076525 10 13  4 301       
PG14  13205.687565 -21357.386127  -8028.577414    750.070650  3  2  4 195       
PG15 -19892.906695  -5339.406479 -17340.291572    440.904867  5  6  4 202       
PG16   2443.655380  21790.818831 -15076.305049    325.511734  3  7  4 239       
PG17  18764.952382 -13119.926774  14062.406615   -195.337593  2  4  3 211       
PG18 -16345.806015   2894.682748 -20736.224677   -267.458028  5  6  4 204       
PG19   6863.599188 -15334.870950  20400.545061    704.902804  4  2  6 201       
PG20 -10781.106018 -12328.885319 -20846.789725    274.420357  7  9  5 217       
PG21   1200.501309 -24658.530645  -9739.643945    372.755671  3  8  3 245       
PG22  10472.899802 -24591.991163   -223.778956     70.357016  3  5  5 206       
PG23 -14999.373518  15590.094679 -15121.613412    684.524665  6  3  3 193       
PG24 -21494.207918 -15414.075062   3406.824483    186.055451  5  7  6 200       
PG25 -16401.962549   6801.582825  19284.411800    393.008470  6  5  3 200       
PG26  -2492.728979  25987.319995  -3728.600164   -391.199420  4  6  4 222       
PG27   6974.115249  14277.530661 -21688.684492      0.464216  5  2  4 243       
PG28  -3082.380069  17030.983080  20142.291880   -427.414681  5  6  6 194       
PG29 -26330.370268   4130.389148   -409.578952   -252.075228  2  4  4 212       
PG30   8299.153483 -13674.120207 -20966.070449    348.165155  5  5  7 192       
PG31   5808.167861  21565.267226  13849.927977   -124.123333  5  9  6 230       
PG32 -13458.287565  15246.903597  17266.989058    244.433702  8  4  4 206       
*  2026  8 31  8 15  0.00000000
PG01  20778.414845  14502.428381   8103.967549    183.740457  5  8  3 198       
PG02  20737.519781  17108.262559   -567.772200    167.267923  8  7  5 213       
PG03  12932.016863   6827.281752  21968.569317    293.889315  4  5  4 204       
PG04  24191.544741   1754.630573  11064.483769     64.596556  6  2  3 191       
PG05  -7320.592330 -19623.836430 -16493.224983   -236.416035  7  7  6 199       
PG06   2629.631288 -16693.188151  20514.668717   -536.529765  6  6  4 216       
PG07  19156.267191    663.651586 -17911.056993   -220.427704  4  5  4 208       
PG08  17137.884061   8544.161559 -18799.025439    359.442554  5  3  3 188       
PG09  25511.838714  -7486.361602    920.796309    689.422911  4  4  4 194       
PG10 -11127.089921  22525.956777  -7769.771673   -541.816992  5  6  3 226       
PG11  -8494.335104 -21754.980983  12794.159609   -224.936692  5  7  4 221       
PG12 -12741.971386  -9017.401557  21204.628443   -603.114453  5  4  2 228       
PG13 -12577.280733 -10805.026624  20668.633907    436.080893 11 13  5 301       
PG14  13188.670151 -20225.279716 -10581.273195    750.070407  4  3  4 197       
PG15 -18154.321434  -6293.915679 -18906.982689    440.907606  6  6  3 202       
PG16   1689.882033  23168.736784 -12871.093544    325.517938  3  7  4 240       
PG17  20191.963829 -13209.068772  11779.986283   -195.342108  2  4  3 216       
PG18 -17873.213526   1155.798997 -19646.053051   -267.450025  6  6  4 205       
PG19   9150.485717 -15548.992749  19262.144902    704.902774  3  3  6 206       
PG20  -8451.542802 -13037.372373 -21480.025677    274.428787  7  9  5 216       
PG21   1697.278103 -25516.032487  -7096.425568    372.748686  2  7  3 245       
PG22  10621.335186 -24300.559569  -3045.706433     70.364984  3  5  5 206       
PG23 -14658.053402  13752.421273 -17123.040905    684.527925  5  3  3 193       
PG24 -21528.892513 -15831.193297    633.931919    186.071103  5  8  7 200       
PG25 -15945.186744   4488.205059  20319.073469    393.005368  6  5  2 199       
PG26  -2906.155865  26164.726438   -933.237775   -391.200718  3  6  5 223       
PG27   4646.093953  14917.725114 -21845.636536      0.465054  5  3  4 223       
PG28  -4827.332526  15444.445759  21060.007106   -427.404896  6  6  6 203       
PG29 -26257.766266   3866.516198   2429.740895   -252.068816  2  4  4 214       
PG30  10077.873447 -11959.989215 -21252.517272    348.176246  4  5  6 188       
PG31   4445.591286  20425.270070  15912.061159   -124.121001  4  9  5 235       
PG32 -15260.611795  15561.787153  15332.519309    244.450750  7  4  4 204       
*  2026  8 31  8 30  0.00000000
PG01  21136.565551  15230.050836   5402.726912    183.732247  6  8  3 200       
PG02  20404.519410  17117.429574  -3377.615014    167.274334  8  7  5 217       
PG03  12339.547068   9275.278405  21418.370926    293.870872  4  5  4 206       
PG04  22901.081958   2299.682024  13443.349029     64.596818  5  2  4 191       
PG05  -6902.285697 -21315.728414 -14420.267036   -236.416462  7  7  6 204       
PG06   4402.460352 -15097.872384  21442.416105   -536.520330  5  6  4 214       
PG07  20577.120207   2157.863232 -16229.917680   -220.430703  5  5  4 212       
PG08  15148.280627   9428.729110 -20014.040256    359.433371  5  2  4 189       
PG09  25326.396607  -7174.597373   3766.760288    689.415123  4  3  4 196       
PG10 -11055.325543  21430.352220 -10450.850960   -541.810774  5  5  4 226       
PG11  -7236.702904 -20785.363094  14992.691883   -224.925825  5  7  4 221       
PG12 -12004.932298 -11351.730838  20510.632736   -603.113953  5  4  3 222       
PG13 -12088.757910 -13076.499359  19622.975966    436.085234 11 13  6 300       
PG14  13162.683485 -18820.951702 -12947.737382    750.070251  4  3  4 243       
PG15 -16330.429635  -7405.929595 -20162.445778    440.910567  6  7  3 192       
PG16   1081.601397  24336.492590 -10444.347310    325.523667  4  7  5 240       
PG17  21356.871790 -13305.081720   9301.337604   -195.346560  2  4  2 220       
PG18 -19386.862786   -398.121157 -18218.748859   -267.442038  6  6  4 206       
PG19  11282.335431 -15847.395083  17785.940298    704.902798  3  3  6 208       
PG20  -6114.045648 -13882.812556 -21741.575470    274.437139  7  9  5 217       
PG21   2077.287316 -26100.173351  -4330.773440    372.741741  1  7  3 211       
PG22  10692.749418 -23715.655270  -5815.964911     70.372408  2  4  5 242       
PG23 -14378.951648  11691.966197 -18824.577019    684.531221  5  4  3 193       
PG24 -21334.606986 -16059.298524  -2149.718410    186.086765  5  8  7 201       
PG25 -15582.991916   2059.899523  20990.176555    393.002285  6  5  2 199       
PG26  -3277.000659  26044.087773   1878.562169   -391.202046  4  6  5 224       
PG27   2352.675076  15677.268518 -21639.033376      0.465121  5  4  5 220       
PG28  -6715.847480  13897.033413  21615.280254   -427.395265  6  6  5 204       
PG29 -25890.099863   3524.397185   5227.665274   -252.062103  3  4  4 204       
PG30  11942.918019 -10326.661956 -21166.052367    348.187320  4  5  5 188       
PG31   2867.721613  19202.742453  17691.234127   -124.118291  4  8  5 231       
PG32 -16825.328275  15899.436927  13136.814950    244.467759  7  4  4 205       
*  2026  8 31  8 45  0.00000000
PG01  21303.818405  15727.575477   2608.976196    183.723963  6  8  2 203       
PG02  19810.096966  16975.527795  -6131.122204    167.280840  8  7  5 223       
PG03  11901.893482  11668.213806  20492.967034    293.852374  4  4  4 208       
PG04  21400.485028   2998.856435  15593.296842     64.597080  5  3  4 191       
PG05  -6603.486822 -22782.645243 -12101.503046   -236.416934  7  7  6 211       
PG06   6325.164403 -13551.199349  22002.507952   -536.510879  5  6  4 213       
PG07  21903.852432   3442.530212 -14260.963049   -220.433697  6  4  4 215       
PG08  13096.198313  10461.579301 -20894.276499    359.424188  5  2  4 189       
PG09  24864.828440  -6727.975111   6548.106014    689.407350  3  3  4 196       
PG10 -10998.055820  20037.333942 -12946.278754   -541.804515  4  5  3 227       
PG11  -5753.405612 -19729.995761  16935.241613   -224.914986  4  6  4 221       
PG12 -11410.059293 -13621.887808  19454.707366   -603.113174  5  4  3 225       
PG13 -11733.536860 -15232.836163  18237.314945    436.089596 11 12  7 300       
PG14  13162.636457 -17164.347407 -15086.410348    750.070058  4  3  4 202       
PG15 -14464.610808  -8670.614738 -21086.964962    440.913130  6  7  2 200       
PG16    596.624840  25258.807783  -7836.769495    325.529849  5  7  5 240       
PG17  22245.815311 -13370.804615   6667.331510   -195.350515  2  3  2 211       
PG18 -20842.756810  -1751.781412 -16479.568195   -267.434043  7  6  4 206       
PG19  13220.886463 -16202.161176  15996.627891    704.903017  3  3  6 203       
PG20  -3816.201755 -14852.121942 -21626.929652    274.445515  7  8  5 218       
PG21   2372.898403 -26390.127832  -1490.398222    372.734759  1  6  3 212       
PG22  10724.175628 -22835.301352  -8487.170567     70.380250  3  4  5 241       
PG23 -14192.917945   9446.486725 -20196.882625    684.534430  5  4  3 194       
PG24 -20893.317341 -16128.585028  -4897.357762    186.102361  6  8  7 243       
PG25 -15332.599381   -436.688642  21286.049684    392.999201  5  5  2 200       
PG26  -3639.521546  25622.333118   4657.102371   -391.203401  5  5  5 223       
PG27    136.586870  16538.436828 -21070.969429      0.465156  5  4  5 218       
PG28  -8715.969565  12425.573179  21798.633548   -427.385625  6  6  4 204       
PG29 -25244.286090   3070.688476   7936.478846   -252.055954  3  4  4 214       
PG30  13857.339802  -8805.111307 -20708.986204    348.198409  4  5  4 188       
PG31   1087.869439  17941.480372  19155.688894   -124.115860  3  7  5 234       
PG32 -18130.943308  16221.925197  10716.488056    244.484748  7  3  4 206       
*  2026  8 31  9  0  0.00000000
PG01  21249.233161  16015.802785   -229.437833    183.715662  7  8  2 201       
PG02  18942.330019  16717.953888  -8781.852725    167.287041  8  7  5 220       
PG03  11614.549668  13954.672222  19209.112289    293.833844  3  4  4 208       
PG04  19729.943737   3868.185476  17477.533977     64.597389  5  3  4 191       
PG05  -6396.045186 -23991.294410  -9576.086220   -236.417075  7  7  6 206       
PG06   8364.284234 -12090.890841  22185.861796   -536.501375  5  5  4 211       
PG07  23093.890163   4516.003099 -12040.999493   -220.436641  6  4  4 209       
PG08  11025.503842  11634.675091 -21423.994603    359.414978  5  3  4 188       
PG09  24152.100278  -6117.422475   9216.966945    689.399614  3  2  3 196       
PG10 -10993.392252  18369.609089 -15211.422670   -541.798255  4  4  3 224       
PG11  -4054.943443 -18631.362517  18588.649681   -224.904150  4  5  4 218       
PG12 -10953.917706 -15779.358829  18055.890158   -603.112592  6  4  4 207       
PG13 -11498.224250 -17229.324012  16535.729568    436.093972 12 12  8 299       
PG14  13220.046616 -15283.232455 -16959.872984    750.069873  5  4  4 200       
PG15 -12599.261926 -10075.647021 -21666.085938    440.915792  6  6  2 242       
PG16    207.046079  25906.705543  -5092.719894    325.535612  5  6  5 242       
PG17  22853.031479 -13368.041704   3921.611505   -195.354977  2  3  2 213       
PG18 -22196.276358  -2898.399218 -14458.943755   -267.426019  7  6  4 203       
PG19  14934.283932 -16580.077333  13924.739801    704.903323  3  3  6 196       
PG20  -1602.860615 -15924.551907 -21138.120495    274.453958  7  8  5 216       
PG21   2619.768413 -26373.379914   1375.693126    372.727811  1  6  3 214       
PG22  10752.801785 -21666.188575 -11013.207368     70.388218  3  4  5 241       
PG23 -14124.271842   7059.750045 -21216.548980    684.537671  5  5  3 192       
PG24 -20194.050863 -16073.037763  -7563.395708    186.118163  6  8  7 243       
PG25 -15203.580609  -2952.308874  21201.996477    392.996157  5  5  2 206       
PG26  -4027.908349  24905.174722   7353.027540   -391.204710  5  5  6 212       
PG27  -1962.907019  17476.606840 -20149.439091      0.464828  5  4  5 221       
PG28 -10789.839773  11061.308983  21606.987693   -427.375937  6  6  3 203       
PG29 -24344.842133   2476.193224  10509.910518   -252.049589  4  4  3 226       
PG30  15780.117095  -7419.632902 -19890.200883    348.209547  4  5  3 190       
PG31   -872.238433  16683.703790  20279.441452   -124.113155  4  6  4 237       
PG32 -19164.196813  16489.157897   8112.250089    244.501751  6  3  5 206       
*  2026  8 31  9 15  0.00000000
PG01  20947.837644  16121.874402  -3063.926028    183.707438  7  8  2 201       
PG02  17797.487825  16382.473614 -11284.537360    167.293366  8  6  5 220       
PG03  11464.482713  16085.988808  17589.864356    293.815341  2  3  4 208       
PG04  17933.395613   4915.971031  19063.697255     64.597713  4  4  4 190       
PG05  -6246.739044 -24915.583182  -6886.826890   -236.417408  7  6  6 206       
PG06  10480.381606 -10748.677649  21989.827915   -536.491853  5  5  5 212       
PG07  24107.281923   5385.205960  -9610.755635   -220.439713  7  4  4 209       
PG08   8978.855799  12932.345288 -21593.106048    359.405786  5  3  4 186       
PG09  23219.869616  -5319.725352  11727.269943    689.391818  2  2  3 197       
PG10 -11075.294373  16458.595798 -17205.789640   -541.792008  4  3  2 224       
PG11  -2160.049521 -17530.534575  19924.652420   -224.893286  4  4  4 216       
PG12 -10625.079002 -17778.317741  16339.341403   -603.111789  6  4  4 211       
PG13 -11362.291828 -19025.612529  14547.790555    436.098330 12 12  8 299       
PG14  13361.653550 -13212.238515 -18535.533014    750.069675  5  4  4 200       
PG15 -10774.385727 -11601.544358 -21890.772781    440.918548  6  6  3 198       
PG16   -119.522228  26258.690814  -2259.494813    325.541728  5  5  5 242       
PG17  23181.001236 -13259.129509   1109.954947   -195.359315  3  3  1 213       
PG18 -23403.841133  -3839.731670 -12191.928879   -267.418039  7  6  4 202       
PG19  16398.205137 -16944.012444  11606.141257    704.903413  2  3  5 196       
PG20    485.418980 -17072.425726 -20283.683001    274.462381  6  7  4 215       
PG21   2855.255757 -26046.214392   4218.050274    372.720841  2  5  3 215       
PG22  10814.377861 -20223.606740 -13350.026680     70.396168  3  4  4 240       
PG23 -14189.792475   4579.980320 -21866.484294    684.540963  6  5  4 190       
PG24 -19233.338807 -15928.982742 -10104.085966    186.133932  7  9  7 243       
PG25 -15197.494235  -5436.893738  20740.345865    392.993098  5  5  3 206       
PG26  -4474.689921  23906.966368   9918.282746   -391.206034  6  5  6 212       
PG27  -3911.313530  18461.080465 -18888.314749      0.464654  5  4  5 225       
PG28 -12894.989795   9828.807774  21043.709477   -427.366281  6  6  4 202       
PG29 -23222.961978   1717.181614  12903.906719   -252.043046  4  4  3 223       
PG30  17667.643760  -6187.073894 -18724.925660    348.220675  4  5  2 190       
PG31  -2983.126610  15468.383315  21042.783747   -124.110583  4  6  4 236       
PG32 -19920.471930  16660.521640   5368.278009    244.518746  5  3  5 206       
*  2026  8 31  9 30  0.00000000
PG01  20381.700202  16078.066366  -5845.976232    183.699185  7  8  3 202       
PG02  16380.416321  16007.704125 -13595.826649    167.299605  8  6  5 216       
PG03  11430.783475  18017.981143  15664.120084    293.796853  2  3  4 210       
PG04  16056.940150   6142.276621  20324.405399     64.598040  3  5  4 189       
PG05  -6118.706910 -25537.558651  -4079.500605   -236.417791  7  6  6 209       
PG06  12629.397376  -9549.205583  21418.200560   -536.482356  5  5  5 213       
PG07  24908.204925   6065.017516  -7014.013711   -220.442659  7  4  4 214       
PG08   6996.247397  14331.697276 -21397.408532    359.396593  5  3  4 184       
PG09  22105.261792  -4318.643081  14035.538033    689.384088  2  2  3 195       
PG10 -11272.038748  14343.315307 -18893.830778   -541.785670  4  3  2 227       
PG11    -95.174536 -16465.604783  20920.354447   -224.882465  4  3  4 216       
PG12 -10404.730322 -19577.273268  14335.834230   -603.111245  6  4  4 206       
PG13 -11299.009869 -20587.123414  12308.032680    436.102638 12 11  9 298       
PG14  13608.241151 -10991.643063 -19786.209166    750.069426  6  4  5 199       
PG15  -9026.278015 -13222.251707 -21757.504974    440.921222  6  5  3 202       
PG16   -418.504839  26301.667341    613.484672    325.547732  6  5  5 242       
PG17  23240.304474 -13008.510966  -1720.415039   -195.363809  4  3  1 218       
PG18 -24424.531933  -4585.775902  -9717.577164   -267.410028  8  6  4 201       
PG19  17596.692801 -17254.487075   9081.402561    704.903416  2  4  5 200       
PG20   2413.749050 -18262.158290 -19078.499894    274.470807  6  6  4 244       
PG21   3116.768681 -25413.879090   6987.640204    372.713883  3  5  3 216       
PG22  10941.661346 -18531.056026 -15456.440501     70.404073  4  4  4 240       
PG23 -14398.027369   2058.142403 -22136.174354    684.544246  6  5  4 186       
PG24 -18015.391481 -15733.591577 -12478.134710    186.149718  7  9  8 244       
PG25 -15307.874282  -7841.370728  19910.346551    392.990055  5  5  3 208       
PG26  -5009.202077  22650.215699  12307.058854   -391.207433  6  5  6 211       
PG27  -5680.057775  19456.157392 -17307.239260      0.464443  5  4  5 230       
PG28 -14985.820981   8745.135036  20118.549250   -427.356622  5  6  4 202       
PG29 -21915.348225    776.506884  15077.373761   -252.036664  5  5  3 225       
PG30  19475.319623  -5116.373615 -17234.395580    348.231810  4  5  3 189       
PG31  -5208.562058  14329.718626  21432.647565   -124.107931  4  6  4 233       
PG32 -20403.883357  16696.582719   2531.500727    244.535752  5  3  5 205       
*  2026  8 31  9 45  0.00000000
PG01  19540.743252  15920.394587  -8527.970707    183.690911  6  7  3 204       
PG02  14704.620205  15631.543604 -15675.046747    167.305891  8  5  5 215       
PG03  11485.637153  19712.498876  13466.046871    293.778371  2  2  4 211       
PG04  14147.177820   7538.735464  21237.734983     64.598389  3  5  4 192       
PG05  -5973.033954 -25848.054208  -1202.095294   -236.417871  6  5  6 198       
PG06  14764.187026  -8509.225982  20481.124470   -536.472844  6  5  5 214       
PG07  25466.282759   6577.355112  -4296.732178   -220.445630  7  4  4 218       
PG08   5113.638892  15803.311568 -20838.742003    359.387367  5  4  4 186       
PG09  20849.441855  -3105.760216  16101.657354    689.376325  2  2  3 196       
PG10 -11604.932681  12068.974696 -20245.640303   -541.779411  4  3  1 228       
PG11   2106.322511 -15470.246997  21558.615388   -224.871634  4  3  3 216       
PG12 -10267.589991 -21140.539934  12081.138452   -603.110626  6  4  4 204       
PG13 -11276.632472 -21886.241051   9855.338724    436.107019 12 11  9 298       
PG14  13973.716949  -8665.934947 -20690.601697    750.069183  6  4  5 199       
PG15  -7386.354321 -14905.958610 -21268.316246    440.924155  6  5  3 193       
PG16   -726.767792  26031.544785   3475.563488    325.553557  5  3  5 242       
PG17  23049.183983 -12584.260140  -4521.561840   -195.367848  5  3  1 210       
PG18 -25221.614012  -5154.159938  -7078.269192   -267.402036  8  6  3 201       
PG19  18522.656184 -17471.367122   6395.056319    704.903555  3  4  5 197       
PG20   4154.066498 -19455.518776 -17543.533758    274.479224  6  5  4 243       
PG21   3440.113832 -24490.411543   9636.700017    372.706973  4  4  2 215       
PG22  11162.963026 -16619.544662 -17294.893000     70.412104  5  4  4 239       
PG23 -14748.945063   -453.867605 -22021.815398    684.547535  7  5  4 186       
PG24 -16552.007542 -15523.392129 -14647.250520    186.165434  7  9  8 244       
PG25 -15520.565832 -10119.419025  18727.912691    392.986919  5  5  3 206       
PG26  -5656.184339  21164.767840  14476.699916   -391.208804  6  5  6 210       
PG27  -7247.427613  20422.424567 -15431.426496      0.464822  5  3  5 219       
PG28 -17015.211541   7819.330455  18847.469648   -427.346928  4  7  5 203       
PG29 -20462.843769   -355.526614  16992.877590   -252.030340  5  4  3 227       
PG30  21159.176475  -4208.429271 -15445.404688    348.242900  3  5  3 191       
PG31  -7506.824876  13295.833785  21442.822520   -124.105108  4  5  4 226       
PG32 -20627.034731  16560.772287   -349.185456    244.552741  4  3  5 206       
*  2026  8 31 10  0  0.00000000
PG01  18423.266677  15687.086129 -11063.988604    183.682662  6  7  4 204       
PG02  12792.027839  15289.605191 -17484.950908    167.312238  8  4  5 216       
PG03  11595.570863  21138.731652  11034.423960    293.759853  3  2  4 212       
PG04  12249.535393   9088.684849  21787.612112     64.598730  2  5  5 191       
PG05  -5770.433656 -25847.014560   1695.992002   -236.418507  6  5  6 212       
PG06  16836.175569  -7637.098660  19194.900101   -536.463324  6  5  5 216       
PG07  25757.670504   6950.012115  -1506.181352   -220.448561  8  4  4 223       
PG08   3361.730354  17312.199587 -19925.057855    359.378158  5  4  4 183       
PG09  19496.035850  -1681.038758  17889.593841    689.368614  2  3  3 196       
PG10 -12087.329683   9685.301380 -21237.530032   -541.773143  4  3  1 229       
PG11   4405.248300 -14572.455022  21828.344447   -224.860805  5  3  3 215       
PG12 -10183.086990 -22439.473976   9615.314742   -603.110111  6  3  4 201       
PG13 -11259.786755 -22903.238381   7232.247375    436.111399 12 11  9 298       
PG14  14464.484903  -6282.226077 -21233.641289    750.068978  6  4  5 196       
PG15  -5880.152217 -16616.123199 -20430.775765    440.926662  5  5  4 241       
PG16  -1080.934067  25453.500489   6275.805189    325.559665  5  2  5 242       
PG17  22632.827799 -11959.500401  -7245.604835   -195.372302  6  3  1 214       
PG18 -25763.906529  -5569.250729  -4318.997838   -267.394103  8  6  3 196       
PG19  19178.014297 -17555.609484   3594.755587    704.903899  4  3  5 189       
PG20   5686.017068 -20611.086520 -15705.451656    274.487651  7  5  3 242       
PG21   3857.910304 -23298.137000  12119.566450    372.700046  5  4  2 215       
PG22  11500.853584 -14526.591923 -18832.193411     70.420088  6  4  4 240       
PG23 -15233.941562  -2905.052265 -21526.320562    684.550864  7  6  4 181       
PG24 -14862.227285 -15332.834343 -16576.636652    186.181150  7  9  8 214       
PG25 -15814.388206 -12229.097219  17215.232629    392.983860  5  4  4 207       
PG26  -6434.568666  19486.693342  16388.547906   -391.210194  6  5  6 224       
PG27  -8599.275586  21318.221710 -13291.364358      0.465361  5  3  5 205       
PG28 -18936.190736   7052.203062  17252.368691   -427.337275  4  7  6 203       
PG29 -18908.913825  -1680.578210  18617.289442   -252.023887  5  5  3 227       
PG30  22677.474813  -3456.286055 -13389.767142    348.254038  3  5  3 192       
PG31  -9832.202954  12387.743858  21074.025214   -124.102590  4  6  4 227       
PG32 -20610.448260  16220.989989  -3223.760958    244.569775  3  3  5 206       
*  2026  8 31 10 15  0.00000000
PG01  17036.160650  15416.974875 -13410.580715    183.674393  6  6  5 189       
PG02  10672.435550  15013.715317 -18992.451676    167.318436  7  4  5 201       
PG03  11722.924201  22274.226580   8411.909861    293.741388  4  2  4 212       
PG04  10406.640111  10767.624593  21964.112323     64.599023  3  5  5 192       
PG05  -5472.960218 -25543.483112   4564.796591   -236.418988  6  4  6 219       
PG06  18797.070015  -6932.623443  17581.692138   -536.453798  6  4  5 215       
PG07  25765.875866   7215.305635   1309.890218   -220.451587  8  4  3 224       
PG08   1764.922454  18818.996168 -18670.393808    359.368977  5  4  4 180       
PG09  18089.462061    -53.045990  19368.045606    689.360915  3  3  3 194       
PG10 -12723.989402   7244.701934 -21852.465318   -541.766856  5  3  1 227       
PG11   6757.874926 -13793.508764  21724.697908   -224.849940  5  4  3 212       
PG12 -10116.751717 -23453.426933   6981.937691   -603.109223  6  3  4 205       
PG13 -11211.009954 -23626.902851   4484.198517    436.115798 12 10 10 297       
PG14  15079.134861  -3888.575138 -21406.711908    750.068810  6  4  5 199       
PG15  -4526.540873 -18312.671116 -19257.911135    440.929372  5  4  4 240       
PG16  -1515.682446  24581.874587   8963.984979    325.565611  5  1  5 235       
PG17  22022.389845 -11113.660369  -9845.517036   -195.375977  7  3  1 202       
PG18 -26026.949400  -5861.015745  -1486.623293   -267.386097  9  5  3 196       
PG19  19573.471694 -17470.983235    730.352749    704.904254  5  3  4 188       
PG20   6997.535898 -21685.842730 -13596.149611    274.496091  7  4  3 242       
PG21   4398.131804 -21866.857480  14393.467215    372.693139  5  3  2 215       
PG22  11971.087554 -12294.968156 -20040.192242     70.428210  6  5  4 207       
PG23 -15836.195980  -5247.091248 -20659.204108    684.554188  7  6  5 180       
PG24 -12971.746685 -15192.956428 -18235.427293    186.196861  7  8  8 216       
PG25 -16162.091193 -14134.275878  15400.256319    392.980799  5  4  4 209       
PG26  -7356.514796  17656.927709  18008.701955   -391.211605  6  5  6 222       
PG27  -9729.445399  22101.233470 -10922.415992      0.465643  5  3  4 200       
PG28 -20703.616240   6436.452854  15360.702061   -427.327630  4  7  6 186       
PG29 -17298.034700  -3191.993290  19922.366294   -252.017329  5  5  2 229       
PG30  23992.209296  -2845.637964 -11103.700695    348.265148  3  5  4 192       
PG31 -12136.645080  11618.633958  20333.821559   -124.099883  4  6  5 228       
PG32 -20381.683240  15651.059265  -6041.972289    244.586807  3  3  5 205       
*  2026  8 31 10 30  0.00000000
PG01  15394.799092  15147.882971 -15527.504155    183.666120  6  5  5 189       
PG02   8382.640068  14830.537829 -20169.316387    167.324970  6  3  4 210       
PG03  11827.480788  23105.579297   5644.252916    293.722877  4  2  4 213       
PG04   8656.804099  12543.985226  21763.662110     64.599364  3  4  5 193       
PG05  -5045.684659 -24955.248368   7354.651927   -236.419031  6  4  6 209       
PG06  20600.565971  -6387.204369  15669.146927   -536.444238  6  4  5 218       
PG07  25482.297218   7408.594528   4104.045185   -220.455032  8  4  3 211       
PG08    340.507953  20281.348455 -17094.747590    359.359769  5  4  4 178       
PG09  16673.236998   1761.154394  20511.017643    689.353206  3  3  3 194       
PG10 -13510.808365   4800.325494 -22080.353149   -541.760564  4  4  1 229       
PG11   9117.417935 -13147.206944  21249.175823   -224.839135  5  4  3 212       
PG12 -10031.757469 -24170.382656   4227.267311   -603.108724  6  3  4 202       
PG13 -11092.372811 -24054.839330   1658.730478    436.120146 12  9 10 297       
PG14  15808.458030  -1532.291713 -21207.746694    750.068654  6  5  5 196       
PG15  -3337.164088 -19953.332807 -17768.071542    440.931792  4  4  4 242       
PG16  -2062.104845  23439.693550  11491.597966    325.571562  5  1  5 235       
PG17  21253.779231 -10033.515318 -12275.939583   -195.380768  7  3  1 208       
PG18 -25993.926679  -6063.682551   1370.891354   -267.378117  9  5  3 193       
PG19  19727.934548 -17185.689779  -2147.077528    704.904171  5  3  3 190       
PG20   8085.103554 -22636.835399 -11252.186143    274.504483  7  4  3 242       
PG21   5082.834477 -20232.763708  16419.260110    372.686241  6  2  2 214       
PG22  12581.794425  -9971.215720 -20896.382242     70.435946  6  5  3 197       
PG23 -16531.356704  -7435.999964 -19436.350008    684.557527  7  6  5 180       
PG24 -10912.114865 -15130.191891 -19597.069873    186.212472  7  8  8 215       
PG25 -16531.557692 -15805.819752  13316.079910    392.977718  6  4  4 210       
PG26  -8426.735367  15719.721564  19308.672008   -391.212874  6  5  5 225       
PG27 -10639.898803  22730.151277  -8364.317028      0.465371  5  3  4 197       
PG28 -22275.790777   5957.113353  13205.010997   -427.317996  5  6  6 184       
PG29 -15674.049808  -4874.846723  20885.255578   -252.010972  5  4  2 232       
PG30  25070.466161  -2355.613563  -8627.147673    348.276303  4  5  4 193       
PG31 -14371.501204  10993.476835  19236.408736   -124.096927  4  6  5 216       
PG32 -19974.173676  14831.971402  -8754.249728    244.603872  3  4  5 205       
*  2026  8 31 10 45  0.00000000
PG01  13522.616879  14915.049991 -17378.405177    183.657907  6  5  5 190       
PG02   5965.280910  14760.383927 -20992.806531    167.331085  5  3  4 200       
PG03  11868.193589  23628.776589   2779.462288    293.704361  4  3  5 213       
PG04   7032.676932  14380.179777  21189.136652     64.599678  4  4  5 193       
PG05  -4458.267622 -24108.159264  10017.064493   -236.419234  6  3  5 205       
PG06  22203.985570  -5984.338518  13489.925297   -536.434695  7  3  5 219       
PG07  24906.471035   7566.727983   6829.893303   -220.458094  9  4  2 212       
PG08   -901.870223  21655.453846 -15223.843788    359.350570  5  4  4 178       
PG09  15288.322677   3736.446941  21298.306606    689.345602  3  2  4 195       
PG10 -14434.930306   2404.115300 -21918.178238   -541.754269  4  4  1 231       
PG11  11435.638364 -12639.396004  20409.615389   -224.828281  5  4  4 210       
PG12  -9890.547149 -24587.257598   1399.388641   -603.108227  6  2  4 201       
PG13 -10867.124494 -24193.439803  -1195.355473    436.124476 12  9 10 296       
PG14  16635.783904    741.711483 -20641.199194    750.068468  5  5  4 196       
PG15  -2316.137047 -21495.078245 -15984.728523    440.934552  3  4  4 215       
PG16  -2746.197408  22057.834883  13812.854814    325.577553  5  2  5 234       
PG17  20366.258614  -8713.967463 -14493.999512   -195.384909  7  3  1 204       
PG18 -25656.314662  -6214.247272   4205.253602   -267.370100  9  4  3 189       
PG19  19667.591927 -16673.809525  -4986.245406    704.904335  6  3  3 192       
PG20   8953.669235 -23422.852116  -8714.135751    274.512877  7  4  3 241       
PG21   5927.120468 -18437.112447  18162.106999    372.679353  6  1  3 214       
PG22  13332.977179  -7604.005782 -21384.405779     70.443831  6  5  3 193       
PG23 -17288.526736  -9433.606367 -17879.673515    684.560802  7  5  5 180       
PG24  -8719.742967 -15165.352939 -20639.655467    186.228101  7  8  8 215       
PG25 -16887.196821 -17222.477322  11000.247727    392.974662  6  4  4 210       
PG26  -9642.140257  13720.969238  20265.910580   -391.214207  6  5  5 226       
PG27 -11340.529156  23166.341965  -5660.569434      0.464707  5  3  4 213       
PG28 -23615.956382   5592.297227  10822.363794   -427.308402  6  7  7 183       
PG29 -14078.555222  -6706.308799  21488.914361   -252.004512  5  4  1 231       
PG30  25885.583155  -1959.810563  -6003.048641    348.287471  5  5  4 190       
PG31 -16489.276291  10508.999347  17802.267220   -124.094543  4  6  6 220       
PG32 -19425.828088  13752.862423 -11312.634018    244.620949  3  4  5 203       
*  2026  8 31 11  0  0.00000000
PG01  11450.385778  14749.670094 -18931.439070    183.649654  6  4  5 189       
PG02   3467.428013  14816.263801 -21446.240090    167.337611  4  2  4 208       
PG03  11804.934686  23849.182818   -133.043630    293.685831  4  4  5 213       
PG04   5560.118674  16233.901920  20249.849657     64.600000  4  4  4 198       
PG05  -3686.364725 -23035.132791  12505.581306   -236.419696  6  3  4 213       
PG06  23569.786668  -5700.409756  11081.158116   -536.425143  7  3  5 220       
PG07  24046.031737   7726.483003   9442.768108   -220.460934  9  4  2 217       
PG08  -1960.467188  22897.691702 -13088.789999    359.341346  4  5  4 179       
PG09  13971.580756   5840.430442  21715.884832    689.337892  3  2  4 203       
PG10 -15475.227336    104.931063 -21369.988018   -541.747927  5  4  1 225       
PG11  13664.509522 -12267.813961  19220.079863   -224.817430  4  4  4 206       
PG12  -9656.477938 -24709.858670  -1452.661374   -603.107236  6  2  4 201       
PG13 -10501.293840 -24057.522873  -4028.847709    436.128840 12  8 10 296       
PG14  17537.620958   2892.454045 -19717.895127    750.068302  5  5  3 196       
PG15  -1460.010391 -22895.604337 -13936.211065    440.937421  3  3  4 238       
PG16  -3587.556478  20473.863646  15885.635528    325.583803  5  3  5 229       
PG17  19400.901323  -7158.526509 -16460.114944   -195.389379  7  3  1 215       
PG18 -25014.232744  -6350.887476   6968.614114   -267.362141  9  4  3 186       
PG19  19424.703187 -15916.510652  -7736.655958    704.904577  6  3  2 193       
PG20   9616.246011 -24006.035316  -6025.874578    274.521256  8  4  3 241       
PG21   6938.377893 -16524.720769  19592.071070    372.672425  6  2  3 215       
PG22  14216.346624  -5242.395092 -21494.451365     70.451778  5  5  3 191       
PG23 -18071.505850 -11208.792386 -16016.685819    684.564070  8  5  5 168       
PG24  -6434.756728 -15312.820245 -21346.198862    186.243704  6  7  7 213       
PG25 -17191.465477 -18371.449630   8493.992527    392.971593  6  4  4 215       
PG26 -10991.814421  11706.488684  20864.210684   -391.215464  6  5  5 217       
PG27 -11848.659923  23375.456416  -2857.736030      0.465181  5  4  4 207       
PG28 -24693.609311   5314.215530   8253.720292   -427.298773  7  7  6 193       
PG29 -12549.376670  -8656.322922  21722.434170   -251.998016  5  5  1 230       
PG30  26418.071439  -1627.534566  -3276.583568    348.298656  6  5  4 194       
PG31 -18445.325556  10153.992487  16057.696532   -124.092164  5  5  6 226       
PG32 -18777.446117  12411.676797 -13671.691054    244.638010  3  4  5 205       
*  2026  8 31 11 15  0.00000000
PG01   9215.215381  14677.593441 -20159.816905    183.641405  5  3  5 192       
PG02    938.963120  15003.228638 -21519.455503    167.343870  4  2  3 205       
PG03  11600.200803  23781.176455  -3043.295171    293.667268  4  4  5 212       
PG04   4257.337944  18059.623273  18961.432830     64.600294  4  4  4 198       
PG05  -2712.805800 -21774.890056  14776.632885   -236.419738  6  3  4 202       
PG06  24666.888068  -5505.756737   8483.832648   -536.415658  7  3  5 220       
PG07  22916.396148   7923.045394  11900.341810   -220.463723  9  4  2 226       
PG08  -2841.373918  23966.287188 -10725.620886    359.332152  4  4  3 178       
PG09  12754.395409   8034.477756  21756.174546    689.330163  3  2  4 204       
PG10 -16603.126579  -2053.180260 -20446.732120   -541.741659  5  4  1 226       
PG11  15757.886380 -12022.256280  17700.643273   -224.806594  4  4  5 205       
PG12  -9295.417815 -24552.507010  -4279.761776   -603.106613  6  2  4 201       
PG13  -9965.183920 -23669.659093  -6792.978251    436.133227 12  7 10 295       
PG14  18484.571396   4884.252924 -18454.772262    750.068089  4  5  3 195       
PG15   -758.007783 -24114.827313 -11655.371462    440.940435  4  3  4 238       
PG16  -4598.342233  18730.588483  17672.372236    325.589459  6  4  5 233       
PG17  18398.964851  -5379.462074 -18138.769962   -195.393402  7  3  1 209       
PG18 -24076.485477  -6511.337846   9614.328792   -267.354162  9  3  4 181       
PG19  19036.146318 -14902.966935 -10349.595091    704.904823  6  3  2 238       
PG20  10093.195811 -24353.377093  -3233.811647    274.529669  8  5  3 214       
PG21   8115.827027 -14542.335692  20684.627374    372.665460  5  2  4 217       
PG22  15215.505851  -2934.053450 -21223.524091     70.459964  5  5  3 202       
PG23 -18840.238245 -12738.456725 -13879.973031    684.567309  8  5  5 169       
PG24  -4099.728723 -15579.963333 -21704.869084    186.259261  6  7  7 211       
PG25 -17406.453370 -19248.624937   5841.434657    392.968482  6  4  4 215       
PG26 -12457.327889   9720.326827  21093.962755   -391.216780  5  4  5 218       
PG27 -12188.239495  23328.910243     -4.643630      0.464460  5  4  3 209       
PG28 -25485.585444   5090.430499   5543.230063   -427.289108  8  6  6 187       
PG29 -11119.197049 -10688.572169  21581.263859   -251.991543  5  4  1 230       
PG30  26656.268980  -1325.190899   -494.394591    348.309818  7  5  5 194       
PG31 -20199.423559   9909.944925  14034.250705   -124.089500  6  5  6 223       
PG32 -18071.016003  10815.484521 -15789.392465    244.655056  3  5  4 203       
*  2026  8 31 11 30  0.00000000
PG01   6859.315709  14718.242152 -21042.269942    183.633164  5  3  4 194       
PG02  -1569.184491  15318.041317 -21209.156494    167.350184  4  2  3 205       
PG03  11220.709314  23447.456297  -5901.620543    293.648697  4  4  5 211       
PG04   3134.329985  19810.234225  17345.604223     64.600599  4  3  4 198       
PG05  -1528.497625 -20370.468608  16790.334145   -236.420057  6  2  4 204       
PG06  25471.762175  -5365.974690   5742.118517   -536.406170  7  3  5 221       
PG07  21540.192564   8188.583879  14163.178314   -220.466739  9  4  3 228       
PG08  -3558.139982  24822.941495  -8174.731770    359.322925  5  4  4 180       
PG09  11661.520514  10275.049701  21418.205314    689.322430  3  3  4 206       
PG10 -17783.742128  -4032.496249 -19165.966078   -541.735370  6  4  1 228       
PG11  17673.114734 -11885.058726  15877.072753   -224.795736  5  3  5 204       
PG12  -8777.231736 -24137.349024  -7033.553929   -603.105950  6  2  4 200       
PG13  -9234.701554 -23059.210261  -9440.262918    436.137560 12  6 10 295       
PG14  19442.480038   6687.867286 -16874.517951    750.067900  4  5  2 200       
PG15   -192.535143 -25116.330231  -9179.178367    440.942944  5  3  4 238       
PG16  -5782.560575  16874.399704  19140.833530    325.595380  6  4  4 234       
PG17  17400.244336  -3397.611826 -19499.239915   -195.397912  7  4  2 213       
PG18 -22860.294919  -6731.287898  12097.701154   -267.346197  8  3  4 181       
PG19  18541.792910 -13630.945804 -12779.065553    704.904791  6  3  1 196       
PG20  10411.233869 -24438.035668   -386.079834    274.538055  8  5  4 215       
PG21   9450.390432 -12536.942195  21421.078289    372.658542  5  3  4 217       
PG22  16306.483702   -723.536147 -20575.577609     70.467662  5  5  3 191       
PG23 -19552.407775 -14008.167248 -11506.601381    684.570557  8  4  5 174       
PG24  -1758.329158 -15966.809734 -21709.170097    186.274856  6  7  6 210       
PG25 -17495.466767 -19858.479953   3088.759586    392.965365  6  4  5 214       
PG26 -14013.361354   7803.161958  20952.268287   -391.218124  5  4  5 218       
PG27 -12388.757453  23005.170502   2848.492878      0.465114  5  4  3 212       
PG28 -25976.874737   4885.292960   2737.476134   -427.279458  8  6  6 181       
PG29  -9814.388441 -12761.700339  21067.324345   -251.985099  5  4  1 230       
PG30  26596.705622  -1017.774252   2296.196547    348.321072  8  5  5 190       
PG31 -21717.147147   9751.966941  11768.090975   -124.086960  6  5  6 222       
PG32 -17347.963743   8980.432771 -17627.939785    244.672095  4  5  4 203       
*  2026  8 31 11 45  0.00000000
PG01   4428.567245  14883.783081 -21563.423582    183.624990  5  3  3 193       
PG02  -4006.877172  15749.200860 -20519.118961    167.356494  4  3  4 204       
PG03  10638.825148  22878.048890  -8659.472443    293.630069  4  4  5 209       
PG04   2192.638512  21438.766174  15429.826785     64.600930  5  3  4 201       
PG05   -133.010281 -18867.568801  18511.225907   -236.420098  6  3  3 195       
PG06  25969.254839  -5243.402077   2902.642768   -536.396644  7  3  5 222       
PG07  19946.460830   8550.961121  16195.226047   -220.469479  8  4  3 237       
PG08  -4131.089530  25434.361107  -5480.206972    359.313719  5  4  4 181       
PG09  10710.197975  12515.212542  20707.650145    689.314659  3  3  5 207       
PG10 -18977.259923  -5802.855937 -17551.432332   -541.729122  6  4  2 228       
PG11  19372.518989 -11831.880048  13780.411956   -224.784935  6  3  4 206       
PG12  -8077.101497 -23493.387557  -9667.251972   -603.104996  6  3  4 206       
PG13  -8292.470349 -22261.121727 -11925.313007    436.141909 12  6 10 294       
PG14  20373.769164   8281.383254 -15005.115249    750.067748  4  5  2 201       
PG15    260.049007 -25868.714847  -6548.234107    440.945806  6  3  4 206       
PG16  -7135.698517  14953.463608  20264.786190    325.601530  6  5  4 233       
PG17  16441.473255  -1241.843096 -20516.247064   -195.401691  6  4  2 208       
PG18 -21390.732969  -7042.860074  14376.696041   -267.338206  8  3  4 183       
PG19  17982.782643 -12107.043750 -14982.649725    704.904935  7  3  1 198       
PG20  10602.193153 -24240.422858   2468.298729    274.546461  8  5  4 216       
PG21  10924.892140 -10554.074714  21788.867362    372.651585  5  3  5 218       
PG22  17458.600023   1349.324395 -19561.499102     70.475974  5  5  3 208       
PG23 -20165.118523 -15012.483400  -8937.460866    684.573826  8  4  5 176       
PG24    546.063614 -16465.974715 -21358.070201    186.290481  6  6  5 209       
PG25 -17424.549077 -20213.661524    283.391580    392.962246  6  3  5 212       
PG26 -15628.616907   5990.868716  20442.912496   -391.219429  6  4  5 219       
PG27 -12483.921027  22390.787715   5651.008850      0.465292  5  4  3 219       
PG28 -26161.133669   4661.508211   -115.322962   -427.269730  8  6  6 175       
PG29  -8654.095280 -14830.742697  20189.010778   -251.978385  5  4  1 223       
PG30  26244.170996   -670.398772   5047.964455    348.332308  8  4  5 188       
PG31 -22971.021951   9649.960740   9299.273842   -124.084084  7  5  6 213       
PG32 -16647.428183   6931.329400 -19154.510693    244.689158  4  5  4 203       
*  2026  8 31 12  0  0.00000000
PG01   1970.951610  15178.590170 -21714.074043    183.616773  5  4  2 190       
PG02  -6326.605130  16277.330041 -19460.244446    167.362764  5  3  4 201       
PG03   9833.766781  22109.059020 -11270.219888    293.611508  5  4  5 209       
PG04   1425.452703  22900.128902  13246.860569     64.601163  5  3  3 200       
PG05   1465.180145 -17312.799649  19908.940460   -236.420261  6  3  3 190       
PG06  26153.101866  -5098.736450     13.724196   -536.387147  7  3  4 228       
PG07  18169.654885   9032.619137  17964.253407   -220.472447  8  4  3 226       
PG08  -4586.352419  25773.620224  -2689.052007    359.304480  5  4  4 182       
PG09   9909.583179  14706.299882  19636.738241    689.306928  3  3  5 212       
PG10 -20140.513953  -7342.578056 -15632.534114   -541.722798  7  4  3 233       
PG11  20824.711351 -11832.755722  11446.470765   -224.774170  7  1  4 204       
PG12  -7176.631444 -22655.275689 -12136.405203   -603.104644  6  3  4 196       
PG13  -7128.684650 -21314.515940 -14205.604853    436.146239 12  6 10 294       
PG14  21238.905180   9650.809729 -12879.309513    750.067541  4  5  2 196       
PG15    628.421806 -26346.807462  -3806.214487    440.948412  7  3  4 198       
PG16  -8644.730797  13015.854725  21024.514753    325.607252  6  5  4 233       
PG17  15554.839247   1051.819328 -21170.526509   -195.406308  6  4  1 213       
PG18 -19699.873592  -7473.223746  16412.615939   -267.330241  7  3  5 177       
PG19  17399.773469 -10346.562899 -16922.279409    704.905029  7  4  1 194       
PG20  10701.598337 -23749.021091   5280.257944    274.554871  8  5  4 216       
PG21  12514.578236  -8636.196777  21781.786778    372.644606  4  3  5 219       
PG22  18635.629609   3250.837379 -18198.943161     70.483619  5  5  3 193       
PG23 -20636.596686 -15754.941622  -6216.559608    684.577099  8  4  5 173       
PG24   2771.750085 -17062.856744 -20656.077304    186.306097  6  6  4 204       
PG25 -17163.881603 -20334.274347  -2526.820950    392.959082  6  3  5 213       
PG26 -17266.971525   4313.302156  19576.202553   -391.220710  6  4  5 220       
PG27 -12510.143186  21481.121362   8352.769804      0.465028  4  5  3 198       
PG28 -26040.876127   4381.769306  -2966.139249   -427.260071  8  6  6 234       
PG29  -7649.605965 -16848.712753  18961.079619   -251.972059  5  4  2 226       
PG30  25611.487144   -249.811302   7714.538779    348.343454  8  4  5 191       
PG31 -23941.393544   9569.984742   6670.992537   -124.081741  7  4  6 219       
PG32 -16004.636255   4700.872172 -20341.907416    244.706212  3  6  4 201       
*  2026  8 31 12 15  0.00000000
PG01   -465.098389  15599.018248 -21491.362285    183.608561  5  4  2 193       
PG02  -8485.238309  16875.918199 -18050.449307    167.369186  7  3  4 206       
PG03   8792.548749  21181.213480 -13689.894648    293.592921  5  4  5 208       
PG04    818.037546  24152.795110  10834.214411     64.601398  5  3  3 196       
PG05   3248.805759 -15751.894562  20958.775878   -236.420694  6  3  2 195       
PG06  26026.122540  -4892.718936  -2875.422265   -536.377640  7  3  4 229       
PG07  16248.483184   9649.670045  19442.230170   -220.475329  8  3  3 231       
PG08  -4954.645765  25821.295196    149.657174    359.295281  5  4  4 182       
PG09   9260.501110  16799.653428  18224.045079    689.299215  4  4  5 215       
PG10 -21228.686188  -8639.031727 -13443.719440   -541.716597  7  4  4 233       
PG11  22005.671430 -11853.383153   8915.228292   -224.763368  8  1  4 205       
PG12  -6064.701694 -21661.923121 -14399.602466   -603.103946  6  2  4 197       
PG13  -5741.672153 -20261.142623 -16242.194815    436.150618 12  7 10 293       
PG14  21997.939283  10790.368110 -10534.007864    750.067328  4  5  1 197       
PG15    945.072161 -26532.670488   -999.231152    440.951328  7  2  3 200       
PG16 -10288.496910  11107.710531  21407.185001    325.613253  6  5  3 233       
PG17  14766.680454   3441.371133 -21449.283224   -195.410641  6  4  1 214       
PG18 -17825.694501  -8043.396168  18170.731364   -267.322231  6  3  5 175       
PG19  16831.242883  -8373.039071 -18564.896949    704.905176  6  4  3 197       
PG20  10747.105906 -22960.899185   8001.528991    274.563317  7  5  4 217       
PG21  14187.938795  -6821.210533  21400.075565    372.637688  5  2  5 220       
PG22  19797.217088   4954.619938 -16512.015416     70.491348  5  5  3 187       
PG23 -20927.850181 -16247.709042  -3390.280984    684.580350  8  4  5 174       
PG24   4880.050474 -17736.096797 -19613.255982    186.321701  6  5  4 205       
PG25 -16689.014865 -20246.910010  -5294.395272    392.955962  6  3  5 211       
PG26 -18888.821577   2793.346138  18368.681450   -391.221984  6  4  5 222       
PG27 -12504.904719  20280.719190  10905.168613      0.465285  4  4  3 207       
PG28 -25627.335546   4010.394025  -5765.975445   -427.250616  8  6  6 233       
PG29  -6804.039253 -18768.284456  17404.420318   -251.965599  5  4  2 226       
PG30  24718.998025    274.167608  10251.136169    348.354607  9  4  5 192       
PG31 -24616.996595   9475.753760   3928.789150   -124.079269  7  4  6 221       
PG32 -15449.448683   2328.553853 -21169.090031    244.723210  3  5  3 201       
*  2026  8 31 12 30  0.00000000
PG01  -2832.367214  16133.498356 -20898.841214    183.600385  6  5  2 192       
PG02 -10445.613522  17512.393239 -16314.384603    167.375446  8  3  4 202       
PG03   7510.628602  20138.254636 -15877.883207    293.574351  5  3  4 208       
PG04    348.482319  25160.365299   8233.505245     64.601657  5  3  3 194       
PG05   5192.276367 -14227.969324  21642.165650   -236.420724  7  4  1 191       
PG06  25600.082082  -4587.824016  -5715.499692   -536.368143  7  3  4 229       
PG07  14224.625310  10411.216444  20605.658152   -220.478517  7  3  3 228       
PG08  -5269.853647  25566.317808   2985.690727    359.286077  5  4  3 183       
PG09   8755.543109  18748.373502  16494.163313    689.291463  5  4  4 217       
PG10 -22197.060003  -9688.845997 -11023.793129   -541.710366  7  4  4 233       
PG11  22899.553536 -11856.589367   6230.158020   -224.752571  9  1  4 207       
PG12  -4738.040996 -20554.970362 -16419.110693   -603.103032  7  3  3 191       
PG13  -4138.144342 -19143.745897 -18000.368547    436.154901 13  8 10 317       
PG14  22612.062972  11702.470579  -8009.624020    750.067119  5  5  1 195       
PG15   1244.903346 -26416.375344   1824.880974    440.953904  7  2  3 199       
PG16 -12038.429377   9271.491204  21407.043743    325.619038  6  5  3 235       
PG17  14096.421862   5880.269152 -21346.523067   -195.414715  6  4  2 211       
PG18 -15810.766611  -8767.275200  19620.856848   -267.314256  6  3  5 175       
PG19  16311.911215  -6217.446876 -19882.996569    704.905535  6  4  4 205       
PG20  10776.871797 -21881.907918  10585.463154    274.571805  7  5  4 217       
PG21  15907.799583  -5141.152684  20650.407493    372.630838  5  1  5 218       
PG22  20900.482459   6442.459189 -14530.811980     70.499553  5  5  4 196       
PG23 -21004.225104 -16510.922412   -506.615193    684.583617  7  4  5 172       
PG24   6836.555784 -18458.292257 -18245.181024    186.337300  6  5  4 236       
PG25 -15981.889214 -19983.460374  -7972.968674    392.952804  5  3  4 209       
PG26 -20452.560041   1446.258368  16842.730312   -391.223294  7  4  5 223       
PG27 -12505.060799  18803.325768  13262.113032      0.464871  4  5  3 199       
PG28 -24940.003779   3514.901657  -8466.704814   -427.240932  8  6  6 232       
PG29  -6112.359384 -20543.504593  15545.713564   -251.959291  5  4  2 230       
PG30  23593.797514    927.326585  12615.257257    348.365771  9  3  6 191       
PG31 -24995.207950   9330.213941   1119.753447   -124.076705  8  4  5 220       
PG32 -15005.139202   -140.711717 -21621.580736    244.740225  3  5  3 202       
*  2026  8 31 12 45  0.00000000
PG01  -5086.480330  16762.952416 -19946.433828    183.592147  7  5  3 193       
PG02 -12177.881979  18149.479372 -14282.988308    167.381641  8  3  5 195       
PG03   5992.237335  19025.244391 -17797.556677    293.555778  5  3  4 207       
PG04    -11.261072  25892.950024   5489.735627     64.601936  5  3  3 195       
PG05   7262.487634 -12779.893431  21947.032472   -236.420876  7  4  1 190       
PG06  24895.227033  -4149.890639  -8457.949927   -536.358651  6  4  5 230       
PG07  12141.365125  11318.919214  21435.853943   -220.481189  7  3  3 238       
PG08  -5567.463422  25006.505421   5768.626566    359.276865  5  4  4 183       
PG09   8379.500122  20509.009550  14477.260693    689.283643  5  4  4 216       
PG10 -23002.757295 -10497.759638  -8415.174815   -541.704145  6  4  4 232       
PG11  23499.189110 -11803.924471   3437.485709   -224.741713  9  2  4 206       
PG12  -3201.502207 -19377.189009 -18161.441746   -603.102167  7  3  3 188       
PG13  -2333.125953 -18004.411247 -19450.214891    436.159334 12  9 10 292       
PG14  23045.120097  12397.393135  -5349.380811    750.066958  5  4  1 192       
PG15   1563.709811 -25996.498461   4617.345543    440.956605  7  2  3 195       
PG16 -13859.597281   7544.420448  21025.453697    325.625032  6  5  3 233       
PG17  13555.801880   8319.078278 -20863.243589   -195.418720  6  5  2 210       
PG18 -13700.777202  -9650.941032  20737.864206   -267.306224  5  3  4 181       
PG19  15871.350165  -3917.120709 -20855.039374    704.905596  6  4  5 201       
PG20  10827.910257 -20526.548781  12987.822523    274.580350  6  5  4 219       
PG21  17632.641619  -3621.125949  19545.769393    372.623893  6  1  5 218       
PG22  21901.747452   7704.832199 -12290.825834     70.507515  6  4  4 195       
PG23 -20836.802772 -16571.740146   2385.623507    684.586850  7  4  4 172       
PG24   8612.246264 -19196.948440 -16572.821238    186.352919  6  5  4 236       
PG25 -15031.612683 -19579.763985 -10518.009015    392.949632  5  3  4 205       
PG26 -21916.124594    279.330846  15026.073950   -391.224625  7  3  5 222       
PG27 -12545.167374  17071.512893  15380.975235      0.464909  4  5  3 199       
PG28 -24005.864371   2867.468004 -11021.896381   -427.231326  8  6  7 232       
PG29  -5561.720830 -22131.468114  13416.980617   -251.952442  5  4  3 216       
PG30  22268.725978   1729.916710  14767.341413    348.376936  8  3  6 190       
PG31 -25081.981909   9097.130892  -1708.277258   -124.074517  8  4  5 243       
PG32 -14687.459683  -2658.184693 -21691.729142    244.757264  3  5  3 203       
*  2026  8 31 13  0  0.00000000
PG01  -7187.421318  17461.512667 -18650.281686    183.583925  7  6  4 194       
PG02 -13660.552583  18746.781333 -11992.878592    167.388114  9  4  5 203       
PG03   4250.383802  17886.841130 -19416.832391    293.537193  5  2  3 207       
PG04   -294.090347  26328.313211   2650.502215     64.602180  4  4  3 191       
PG05   9419.936829 -11440.841455  21868.017750   -236.420937  7  4  1 203       
PG06  23939.509514  -3549.632364 -11055.768568   -536.349168  6  4  5 230       
PG07  10042.182128  12366.823991  21919.185672   -220.484119  6  4  3 242       
PG08  -5882.925265  24148.739812   8448.833506    359.267689  5  4  3 183       
PG09   8110.114406  22043.123192  12208.533819    689.275879  6  4  4 217       
PG10 -23606.392813 -11080.126565  -5663.120181   -541.697908  6  4  5 225       
PG11  23806.263271 -11657.318631    585.392379   -224.730919  9  3  4 207       
PG12  -1468.034295 -18170.867262 -19597.843352   -603.101579  7  3  3 232       
PG13   -349.566833 -16882.955371 -20567.116212    436.163748 12  9 10 292       
PG14  23265.020033  12892.660393  -2598.582263    750.066757  6  4  1 192       
PG15   1936.583922 -25280.310388   7329.286750    440.959083  7  1  2 204       
PG16 -15712.014577   5957.172854  20270.768429    325.630872  6  5  3 236       
PG17  13148.427141  10707.256864 -20007.474484   -195.423348  5  4  3 212       
PG18 -11542.939005 -10692.255071  21502.124869   -267.298246  5  3  3 179       
PG19  15532.829471  -1514.441240 -21465.739849    704.905519  5  5  5 197       
PG20  10934.507553 -18917.521804  15167.525759    274.588781  6  5  4 220       
PG21  19318.098056  -2278.506006  18105.232419    372.616953  6  1  4 219       
PG22  22758.306928   8741.062103  -9832.235935     70.515311  6  3  4 195       
PG23 -20403.587519 -16463.144820   5237.583284    684.590135  7  4  4 173       
PG24  10184.436491 -19915.642765 -14622.346696    186.368555  5  5  4 235       
PG25 -13834.973602 -19074.137779 -12887.475347    392.946496  5  4  4 202       
PG26 -23238.554042   -708.129194  12951.205534   -391.225916  7  3  5 224       
PG27 -12655.903458  15115.942831  17223.475075      0.464542  4  4  3 206       
PG28 -22858.349920   2046.201680 -13387.611417   -427.221688  8  6  7 231       
PG29  -5132.130095 -23493.889840  11055.030697   -251.946097  5  3  3 221       
PG30  20781.172760   2695.715202  16671.372927    348.388069  8  3  6 190       
PG31 -24891.477552   8742.631252  -4507.504600   -124.072056  8  3  4 241       
PG32 -14504.030445  -5173.047659 -21378.832997    244.774268  3  5  3 204       
*  2026  8 31 13 15  0.00000000
PG01  -9100.884100  18197.519410 -17032.484917    183.575722  8  6  4 196       
PG02 -14881.180824  19262.523190  -9485.603877    167.394192  9  4  5 202       
PG03   2306.535054  16765.612078 -20708.662049    293.518645  5  3  3 214       
PG04   -536.266850  26452.729380   -234.849976     64.602421  4  4  3 194       
PG05  11620.101873 -10237.083700  21406.581403   -236.421465  8  5  1 192       
PG06  22767.527966  -2763.968173 -13464.301468   -536.339647  6  4  5 228       
PG07   7969.343296  13541.451148  22047.264552   -220.486822  6  4  2 246       
PG08  -6250.006638  23008.782400  10978.450410    359.258485  5  3  3 182       
PG09   7919.118417  23318.661621   9727.568944    689.268097  6  3  4 214       
PG10 -23973.584911 -11458.104699  -2814.921495   -541.691710  6  5  5 224       
PG11  23831.157188 -11380.737115  -2276.823785   -224.720106  8  4  5 215       
PG12    441.644605 -16976.238787 -20704.711361   -603.100980  7  4  4 189       
PG13   1782.348555 -15815.419771 -21332.148507    436.168121 12 10 10 291       
PG14  23245.001231  13212.169019    196.133444    750.066579  6  4  2 193       
PG15   2396.314866 -24283.638514   9912.618248    440.961976  6  2  2 198       
PG16 -17552.151629   4532.859631  19158.057811    325.636812  5  5  3 238       
PG17  12869.678795  12995.004757 -18794.162250   -195.427191  5  4  3 214       
PG18  -9384.342137 -11880.774091  21899.873284   -267.290219  5  3  3 177       
PG19  15312.442518    944.655111 -21706.225550    704.905773  5  5  6 196       
PG20  11126.751588 -17084.970453  17087.337100    274.597199  6  6  4 217       
PG21  20918.571084  -1122.453231  16353.620433    372.609996  6  2  5 220       
PG22  23430.167619   9559.105826  -7199.098785     70.523370  6  3  3 199       
PG23 -19690.443274 -16222.541752   8001.154783    684.593404  6  4  4 169       
PG24  11537.509566 -20575.368479 -12424.852483    186.384215  5  5  4 234       
PG25 -12396.675137 -18505.848077 -15042.424266    392.943331  5  4  4 203       
PG26 -24381.492566  -1524.505743  10654.746666   -391.227248  7  3  5 224       
PG27 -12862.662036  12974.293619  18756.470338      0.464395  4  4  4 205       
PG28 -21536.063552   1036.191606 -15523.157560   -427.212019  8  6  7 188       
PG29  -4797.398944 -24598.509565   8500.815906   -251.939504  5  3  4 224       
PG30  19171.727903   3831.332027  18295.432955    348.399208  7  2  6 190       
PG31 -24445.398675   8236.641830  -7230.931356   -124.069416  8  3  4 239       
PG32 -14454.079953  -7634.233124 -20689.113274    244.791258  3  5  4 205       
*  2026  8 31 13 30  0.00000000
PG01 -10799.407982  18934.759514 -15120.736923    183.567458  8  6  4 196       
PG02 -15836.670786  19655.361099  -6806.771707    167.400410  9  5  5 195       
PG03    189.985551  15700.441380 -21651.442239    293.500132  5  3  3 216       
PG04   -775.791024  26261.518951  -3116.111085     64.602705  4  5  3 194       
PG05  13815.028161  -9187.065269  20570.969720   -236.421504  8  5  2 193       
PG06  21419.222750  -1777.121668 -15642.009847   -536.330109  5  4  5 230       
PG07   5962.537734  14822.147710  21817.090616   -220.489762  6  4  3 249       
PG08  -6699.214720  21610.730549  13312.335029    359.249290  5  4  4 181       
PG09   7773.517819  24311.087042   7077.623113    689.260306  6  3  4 215       
PG10 -24076.269557 -11660.566745     80.898031   -541.685481  6  5  5 225       
PG11  23592.461126 -10941.767430  -5099.611510   -224.709297  8  4  5 216       
PG12   2499.658526 -15830.010167 -21463.921610   -603.100196  7  4  4 188       
PG13   4026.167555 -14832.724592 -21732.386124    436.172533 12 10 10 291       
PG14  22964.700641  13385.085259   2987.549534    750.066391  6  3  2 191       
PG15   2971.846235 -23030.396489  12320.961851    440.964704  6  2  2 198       
PG16 -19334.580967   3286.348742  17708.698985    325.642510  5  5  4 240       
PG17  12706.977137  15135.093747 -17244.898949   -195.431813  5  4  3 214       
PG18  -7270.308679 -13197.986767  21923.483700   -267.282221  5  4  3 173       
PG19  15218.538566   3412.281407 -21574.074998    704.906085  5  5  6 200       
PG20  11429.233737 -15065.452924  18714.488014    274.605615  6  6  4 219       
PG21  22388.907068   -153.746782  14321.081350    372.603001  6  2  5 221       
PG22  23881.678610  10174.986222  -4438.465203     70.531430  6  3  3 205       
PG23 -18691.746019 -15890.205737  10629.735218    684.596624  6  4  3 169       
PG24  12663.407743 -21136.016768 -10015.992571    186.399866  6  6  4 206       
PG25 -10729.288356 -17913.574888 -16947.559100    392.940232  4  5  4 234       
PG26 -25310.585604  -2185.287667   8176.758846   -391.228543  7  3  5 226       
PG27 -13184.374656  10689.892717  19952.630254      0.464073  3  4  4 207       
PG28 -20081.313863   -169.715535 -17391.787736   -427.202406  8  6  7 190       
PG29  -4526.351192 -25420.273805   5798.705501   -251.932968  5  3  4 220       
PG30  17482.730976   5135.783624  19612.192110    348.410347  7  2  7 194       
PG31 -23772.075768   7554.175919  -9833.090455   -124.066844  8  4  4 239       
PG32 -14528.542117  -9992.253109 -19635.546954    244.808256  3  5  4 207       
*  2026  8 31 13 45  0.00000000
PG01 -12263.251284  19633.898379 -12947.858890    183.559223  8  6  5 197       
PG02 -16533.177670  19886.185450  -4005.083665    167.406744  9  5  5 196       
PG03  -2063.061348  14725.090291 -22229.343890    293.481600  5  4  2 216       
PG04  -1050.705339  25759.238894  -5943.109977     64.602987  4  5  3 196       
PG05  15955.058824  -8300.810363  19376.052347   -236.421815  8  5  2 192       
PG06  19938.374534   -581.444477 -17551.191097   -536.320629  5  5  5 230       
PG07   4057.595815  16181.693183  21231.150498   -220.492843  6  4  3 249       
PG08  -7256.357443  19986.136688  15408.956686    359.240061  5  3  4 183       
PG09   7637.065641  25004.218072   4304.840616    689.252422  6  2  4 213       
PG10 -23893.773567 -11721.779858   2975.383295   -541.679310  5  6  5 224       
PG11  23116.176285 -10313.074684  -7834.040438   -224.698537  7  4  5 237       
PG12   4671.845673 -14764.037765 -21863.080491   -603.099441  7  5  4 186       
PG13   6340.375206 -13959.532825 -21761.107360    436.176894 12 11 10 290       
PG14  22410.991969  13444.559227   5728.624802    750.066180  6  2  2 191       
PG15   3686.860295 -21551.787543  14510.574990    440.967389  6  3  2 194       
PG16 -21013.684828   2223.938832  15949.851169    325.648327  5  5  4 241       
PG17  12640.394335  17084.600107 -15387.500517   -195.436021  5  4  4 214       
PG18  -5242.810686 -14617.868118  21571.653178   -267.274235  5  4  3 182       
PG19  15251.475780   5840.255863 -21073.241327    704.906485  4  5  6 211       
PG20  11859.972311 -12900.679212  20021.222163    274.613990  7  7  4 220       
PG21  23686.065895    635.053705  12042.568764    372.596029  5  3  5 221       
PG22  24082.984104  10611.897820  -1599.446873     70.539145  5  3  3 194       
PG23 -17410.729210 -15507.632851  13078.967348    684.599866  5  4  3 168       
PG24  13561.853137 -21557.948528  -7435.518657    186.415497  6  6  4 205       
PG25  -8852.929335 -17333.922024 -18571.720124    392.937094  4  5  4 233       
PG26 -25996.717414  -2712.219631   5560.021480   -391.229850  7  4  5 226       
PG27 -13632.623530   8310.119841  20790.972858      0.463810  4  4  4 209       
PG28 -18538.519598  -1570.438782 -18961.331935   -427.192756  7  5  7 190       
PG29  -4284.234517 -25942.246269   2995.693426   -251.926631  6  3  4 223       
PG30  15756.768013   6600.349026  20599.338885    348.421525  6  2  7 192       
PG31 -22905.327586   6676.423237 -12270.733631   -124.064357  8  4  4 239       
PG32 -14710.503299 -12200.954815 -18237.564957    244.825209  3  5  4 234       
*  2026  8 31 14  0  0.00000000
PG01 -13480.969200  20254.050084 -10551.241195    183.551002  8  6  5 193       
PG02 -16985.618804  19919.828901  -1131.307176    167.412958  9  6  6 195       
PG03  -4410.666741  13866.960278 -22432.557800    293.463071  4  5  2 219       
PG04  -1397.393953  24959.520145  -8666.619400     64.603269  4  6  4 197       
PG05  17990.638164  -7579.674717  17843.032672   -236.421827  8  5  3 196       
PG06  18370.961368    822.070365 -19158.642536   -536.311093  5  5  5 228       
PG07   2285.333253  17587.144700  20297.463561   -220.495759  5  4  3 249       
PG08  -7941.307504  18172.828181  17231.208679    359.230886  5  4  4 182       
PG09   7471.867014  25390.751018   1457.421019    689.244655  6  2  4 210       
PG10 -23413.613029 -11679.907575   5819.928832   -541.672990  5  6  5 226       
PG11  22434.636130  -9473.666173 -10432.668405   -224.687686  6  4  5 222       
PG12   6918.859123 -13804.199054 -21895.693802   -603.098976  7  5  4 187       
PG13   8679.794410 -13213.366878 -21417.898600    436.181270 12 11 10 290       
PG14  21578.564193  13426.304184   8373.237168    750.065972  5  2  3 197       
PG15   4558.555105 -19885.204144  16441.262615    440.970049  6  4  1 200       
PG16 -22545.352326   1343.389671  13913.834758    325.654292  6  6  5 245       
PG17  12643.588147  18806.463054 -13255.445470   -195.440139  5  4  4 217       
PG18  -3339.011262 -16107.735640  20849.484395   -267.266168  5  4  4 174       
PG19  15403.696210   8181.744484 -20213.871094    704.906230  4  5  6 202       
PG20  12429.598526 -10636.061920  20985.255650    274.622422  7  7  4 218       
PG21  24770.720773   1259.126120   9557.242660    372.589004  5  2  5 224       
PG22  24011.238388  10899.029847   1267.742065     70.547088  5  3  3 197       
PG23 -15859.509780 -15115.857183  15307.444663    684.603148  5  4  2 163       
PG24  14240.280320 -21803.600248  -4726.720917    186.431167  6  6  4 206       
PG25  -6794.674179 -16800.022755 -19888.314610    392.933996  4  5  4 201       
PG26 -26417.048127  -3132.228911   2849.290449   -391.231078  6  4  5 206       
PG27 -14211.080566   5884.651025  21257.252074      0.463714  4  3  4 212       
PG28 -16952.545355  -3156.506660 -20204.751100   -427.183136  7  5  7 195       
PG29  -4034.279979 -26156.210055    140.554804   -251.920079  6  3  5 227       
PG30  14035.169146   8208.714348  21239.939355    348.432671  6  2  6 190       
PG31 -21883.145781   5591.607721 -14503.473985   -124.061999  8  5  4 244       
PG32 -14975.975799 -14219.131056 -16520.626252    244.842199  3  5  5 233       
*  2026  8 31 14 15  0.00000000
PG01 -14449.672957  20754.424533  -7972.200791    183.542771  8  7  5 192       
PG02 -17216.820945  19726.602787   1762.783199    167.419412  9  7  5 205       
PG03  -6806.543044  13146.102746 -22257.453841    293.444543  4  5  2 219       
PG04  -1848.948757  23884.557888 -11239.244078     64.603571  4  6  4 198       
PG05  19874.115256  -7016.454249  15999.038917   -236.422340  8  5  3 193       
PG06  16763.436328   2423.607963 -20436.255806   -536.301583  5  6  5 229       
PG07    670.558492  19000.900303  19029.571176   -220.498572  5  4  4 254       
PG08  -8767.024039  16213.479950  18747.119135    359.221694  4  4  4 186       
PG09   7240.049037  25472.442224  -1415.244231    689.236882  5  1  4 211       
PG10 -22631.993499 -11575.391574   8567.033649   -541.666777  5  6  5 226       
PG11  21585.189440  -8409.913496 -12850.385224   -224.676919  6  4  5 223       
PG12   9197.457188 -12969.496557 -21561.253808   -603.098101  7  5  4 185       
PG13  10997.128243 -12604.010017 -20708.656031    436.185681 12 12  9 290       
PG14  20470.220929  13367.093036  10876.908031    750.065794  5  2  3 197       
PG15   5596.675156 -18072.861795  18077.246775    440.972802  6  4  2 201       
PG16 -23888.597867    634.296258  11637.436084    325.660115  6  6  5 248       
PG17  12685.014155  20270.801319 -10887.189886   -195.444632  5  4  4 219       
PG18  -1589.985012 -17629.379224  19768.462853   -267.258143  5  4  4 180       
PG19  15660.111600  10392.830341 -19012.028781    704.906370  4  4  6 207       
PG20  13140.835760  -8319.135424  21590.145938    274.630829  7  7  4 219       
PG21  25608.727354   1740.603093   6907.799254    372.582036  5  3  5 225       
PG22  23651.535194  11070.162027   4112.743652     70.554636  5  3  3 192       
PG23 -14058.793294 -14753.793405  17277.374363    684.606420  5  4  2 170       
PG24  14713.472336 -21839.063127  -1935.770548    186.446832  7  7  3 206       
PG25  -4587.733466 -16340.286794 -20875.685841    392.930884  4  5  4 200       
PG26 -26555.816810  -3476.173275     90.549741   -391.232410  5  4  5 205       
PG27 -14915.296401   3463.622943  21344.186311      0.463978  4  3  4 212       
PG28 -15367.032265  -4910.228243 -21100.603656   -427.173468  6  4  7 190       
PG29  -3739.345677 -26062.937204  -2717.031585   -251.913847  6  4  5 233       
PG30  12356.559660   9937.402132  21522.723662    348.443803  5  2  6 189       
PG31 -20746.250802   4295.585939 -16494.377876   -124.059662  7  5  4 248       
PG32 -15294.960894 -16011.921936 -14515.682104    244.859215  4  5  5 207       
*  2026  8 31 14 30  0.00000000
PG01 -15174.959745  21095.986859  -5255.265452    183.534567  8  7  5 193       
PG02 -17256.349331  19283.594698   4625.462472    167.425534  8  7  5 192       
PG03  -9201.605898  12574.510783 -21706.651811    293.426059  5  5  3 221       
PG04  -2433.668735  22564.275210 -13616.273452     64.603818  4  6  4 196       
PG05  21561.475150  -6595.842928  13876.606036   -236.422317  7  5  3 200       
PG06  15160.991368   4204.694412 -21361.530257   -536.292113  5  6  5 230       
PG07   -768.721127  20381.952326  17446.462624   -220.501763  5  5  4 252       
PG08  -9738.874177  14154.003229  19930.442865    359.212486  4  3  4 184       
PG09   6905.428208  25259.946612  -4263.449325    689.229116  5  1  4 212       
PG10 -21553.999266 -11449.273021  11171.021819   -541.660543  4  6  5 226       
PG11  20608.697130  -7116.290073 -15045.216429   -224.666106  5  4  5 224       
PG12  11461.938549 -12271.424645 -20865.244540   -603.097275  7  5  4 188       
PG13  13244.587111 -12133.214515 -19645.485229    436.190097 11 12  9 289       
PG14  19096.890794  13303.226576  13197.499358    750.065626  5  2  3 194       
PG15   6802.846926 -16160.219391  19387.965970    440.975576  6  5  2 197       
PG16 -25007.038976     78.779918   9161.158948    325.666249  5  6  5 243       
PG17  12729.360918  21455.931917  -8325.378677   -195.449014  5  4  5 219       
PG18    -19.668686 -19140.425893  18346.324494   -267.250154  4  5  5 178       
PG19  15998.777946  12433.954318 -17489.338031    704.906658  4  4  6 211       
PG20  13988.291851  -5997.902716  21825.564161    274.639195  7  7  4 219       
PG21  26172.406011   2107.519395   4139.741221    372.575056  5  3  5 226       
PG22  22997.517664  11162.097233   6885.991841     70.562716  4  4  2 191       
PG23 -12037.267674 -14456.665275  18955.189976    684.609729  5  4  2 163       
PG24  15002.903073 -21635.571103    889.032268    186.462545  7  7  3 207       
PG25  -2270.414459 -15977.329494 -21517.420171    392.927777  4  6  4 200       
PG26 -26404.886473  -3777.459720  -2669.732884   -391.233780  5  4  5 204       
PG27 -15732.845164   1095.799102  21051.526492      0.463843  5  3  4 213       
PG28 -13822.787736  -6806.185952 -21633.416723   -427.163803  6  4  6 187       
PG29  -3363.577385 -25672.115004  -5527.376944   -251.907404  6  4  5 232       
PG30  10755.515683  11756.472582  21442.294888    348.454956  5  3  6 190       
PG31 -19536.570325   2792.167756 -18210.502494   -124.056953  7  5  5 245       
PG32 -15632.752891 -17551.954754 -12258.546623    244.876232  4  5  5 209       
*  2026  8 31 14 45  0.00000000
PG01 -15670.515914  21243.063490  -2447.397483    183.526311  8  7  5 229       
PG02 -17139.078415  18575.673751   7406.079400    167.431717  8  7  5 181       
PG03 -11545.636904  12155.718888 -20789.002241    293.407534  5  5  3 221       
PG04  -3173.753964  21035.194215 -15756.481705     64.604122  5  6  4 204       
PG05  23013.928792  -6295.218368  11513.060841   -236.422939  7  5  3 191       
PG06  13605.874336   6138.700208 -21917.994614   -536.282517  5  6  4 231       
PG07  -2021.862945  21687.296117  15572.430078   -220.504946  5  5  4 250       
PG08 -10854.282088  12041.821596  20761.121315    359.203363  4  3  4 186       
PG09   6435.108654  24772.321390  -7038.048629    689.221334  5  2  4 212       
PG10 -20193.469525 -11341.513472  13588.722725   -541.654362  4  5  5 225       
PG11  19547.902576  -5595.793340 -16979.071201   -224.655245  5  4  5 223       
PG12  13665.672709 -11713.620851 -19819.065451   -603.096480  7  5  4 192       
PG13  15375.540420 -11794.726969 -18246.500237    436.194498 11 12  9 288       
PG14  17477.348678  13269.028560  15295.875849    750.065454  5  3  3 190       
PG15   8170.257989 -14194.251302  20348.776578    440.978192  6  5  2 201       
PG16 -25870.180536   -347.541844   6528.442985    325.672150  5  6  6 244       
PG17  12739.142510  22349.049990  -5615.976374   -195.452942  5  4  5 219       
PG18   1355.914853 -20595.890337  16606.811411   -267.242160  4  5  5 179       
PG19  16391.827304  14271.178866 -15672.550656    704.906937  4  4  5 218       
PG20  14958.572398  -3719.171737  21687.466951    274.647568  7  7  3 220       
PG21  26441.588240   2392.530833   1300.600521    372.568159  5  3  5 227       
PG22  22051.650178  11213.000132   9539.604613     70.570633  4  4  2 191       
PG23  -9830.705649 -14254.577471  20312.105627    684.613038  5  4  2 177       
PG24  15135.801393 -21170.832616   3698.096846    186.478260  6  8  4 208       
PG25    115.094495 -15727.118426 -21802.590914    392.924667  4  6  4 199       
PG26 -25964.016530  -4070.586543  -5385.336772   -391.235139  4  4  4 204       
PG27 -16643.813504  -1173.182464  20385.967300      0.463829  5  3  4 216       
PG28 -12356.296069  -8812.032156 -21793.955568   -427.154163  5  3  6 184       
PG29  -2874.018404 -25001.932599  -8241.673971   -251.900958  6  5  5 241       
PG30   9261.372824  13630.474466  20999.255975    348.466092  4  3  5 191       
PG31 -18295.692821   1093.149970 -19623.375954   -124.054659  6  5  5 249       
PG32 -15951.426833 -18820.181539  -9789.191141    244.893211  4  5  5 209       
*  2026  8 31 15  0  0.00000000
PG01 -15957.408955  21164.830927    402.829038    183.518079  8  7  6 229       
PG02 -16903.574513  17596.166113  10056.021013    167.438038  7  7  5 180       
PG03 -13788.998871  11884.726330 -19519.475877    293.389046  5  5  4 221       
PG04  -4084.247270  19339.060598 -17622.859123     64.604383  5  6  4 204       
PG05  24199.299338  -6085.720271   8949.824745   -236.423063  7  5  3 192       
PG06  12135.824838   8191.668155 -22095.527476   -536.273041  4  7  3 232       
PG07  -3085.895990  22873.452565  13436.844518   -220.507676  5  5  4 254       
PG08 -12102.717561   9924.109373  21225.602567    359.194160  4  3  4 184       
PG09   5800.947932  24036.217208  -9691.311821    689.213613  5  2  4 214       
PG10 -18572.569419 -11289.373799  15780.105939   -541.648101  3  5  5 227       
PG11  18445.740433  -3860.033615 -18618.419799   -224.644437  4  4  5 221       
PG12  15762.673151 -11291.814112 -18439.873590   -603.095853  6  5  4 190       
PG13  17346.131434 -11574.629571 -16535.525001    436.198856 11 12  9 288       
PG14  15637.657488  13295.421673  17136.524837    750.065231  5  3  3 193       
PG15   9683.702455 -12221.646159  20941.530659    440.980986  6  6  2 202       
PG16 -26454.462703   -674.353887   3784.867020    325.677797  5  6  6 250       
PG17  12676.376629  22946.545195  -2807.342550   -195.457394  4  4  5 218       
PG18   2529.125870 -21949.853648  14579.315498   -267.234194  4  6  5 181       
PG19  16806.617562  15877.234173 -13593.054030    704.907086  4  4  5 218       
PG20  16030.711089  -1526.943260  21178.165302    274.655899  7  7  3 221       
PG21  26404.387061   2631.454655  -1560.873142    372.561238  5  4  6 227       
PG22  20825.148409  11260.712540  12028.214919     70.578784  4  4  1 202       
PG23  -7480.806157 -14171.283580  21324.604135    684.616283  5  4  3 174       
PG24  15143.965705 -20430.143170   6441.453879    186.493931  6  8  4 209       
PG25   2524.077847 -15598.365986 -21725.937358    392.921617  4  6  4 197       
PG26 -25240.857773  -4389.662092  -8010.997913   -391.236529  4  4  4 202       
PG27 -17621.606555  -3302.406436  19360.910772      0.463473  5  4  4 215       
PG28 -10998.407092 -10889.559926 -21579.386570   -427.144457  5  3  5 190       
PG29  -2242.103123 -24078.345486 -10812.868238   -251.894574  6  5  5 243       
PG30   7897.231488  15519.614726  20200.250529    348.477239  4  3  4 193       
PG31 -17063.349108   -781.937336 -20709.417111   -124.052078  6  5  5 241       
PG32 -16211.446498 -19806.387279  -7150.980608    244.910195  4  5  5 210       
*  2026  8 31 15 15  0.00000000
PG01 -16063.096390  20836.627833   3246.082249    183.509824  8  8  6 228       
PG02 -16590.366579  16347.180406  12529.595030    167.444764  6  6  5 206       
PG03 -15884.342823  11748.248869 -17918.961075    293.370569  5  5  4 223       
PG04  -5172.266071  17521.277659 -19183.260750     64.604694  6  6  4 204       
PG05  25093.151670  -5933.575230   6231.649869   -236.423210  6  5  4 200       
PG06  10782.690694  10323.436741 -21890.568672   -536.263496  5  7  3 233       
PG07  -3965.551657  23898.056584  11073.844460   -220.510903  5  6  4 251       
PG08 -13466.020309   7846.067508  21317.018366    359.184958  4  3  3 185       
PG09   4980.833207  23084.791143 -12177.744220    689.205845  4  3  4 214       
PG10 -16721.073380 -11325.906570  17708.866599   -541.641833  3  5  5 228       
PG11  17343.651398  -1928.985139 -19934.887364   -224.633565  4  5  5 220       
PG12  17709.158880 -10994.072741 -16750.344565   -603.095295  6  5  3 186       
PG13  19116.795268 -11451.984357 -14541.701300    436.203239 10 12  9 287       
PG14  13610.349275  13408.635733  18688.126745    750.065033  4  3  4 193       
PG15  11319.997660 -10287.013334  21155.007934    440.983496  5  6  2 210       
PG16 -26744.040921   -935.263877    977.353331    325.683984  4  6  7 246       
PG17  12504.274069  23253.947521     50.722309   -195.462067  3  4  5 219       
PG18   3500.848119 -23157.206099  12298.412239   -267.226212  5  6  5 175       
PG19  17207.054894  17232.314860 -11286.326788    704.906905  4  3  5 208       
PG20  17176.901214    539.089569  20306.289343    274.664250  6  6  2 222       
PG21  26057.661889   2861.688325  -4395.544620    372.554313  5  4  5 228       
PG22  19337.578302  11341.114429  14309.726322     70.586439  4  4  1 195       
PG23  -5033.814265 -14223.196813  21974.851232    684.619583  5  4  3 174       
PG24  15062.370849 -19407.221491   9069.722481    186.509618  6  8  5 211       
PG25   4910.741144 -15592.189505 -21287.976560    392.918538  5  6  4 198       
PG26 -24250.674082  -4766.952808 -10503.090489   -391.237900  4  4  4 204       
PG27 -18634.029686  -5257.058497  17996.095786      0.463564  5  4  4 215       
PG28  -9773.253127 -12996.007695 -20993.330683   -427.134717  5  3  5 182       
PG29  -1444.973951 -22934.048621 -13196.492128   -251.888287  6  5  4 245       
PG30   6679.196685  17381.107692  19057.913649    348.488379  4  3  4 196       
PG31 -15875.973430  -2806.363045 -21450.292309   -124.049549  5  5  5 241       
PG32 -16373.326376 -20509.356066  -4389.870087    244.927206  4  5  5 210       
*  2026  8 31 15 30  0.00000000
PG01 -16020.190909  20241.037672   6033.141686    183.501590  7  8  6 227       
PG02 -16240.182744  14839.579612  14784.812961    167.451102  6  6  5 208       
PG03 -17788.245456  11725.292261 -16013.968972    293.352076  5  4  4 224       
PG04  -6436.554650  15629.213043 -20410.960436     64.604986  6  6  4 203       
PG05  25679.623159  -5801.612087   3405.805171   -236.423716  5  5  4 192       
PG06   9571.280368  12489.017858 -21306.215360   -536.253995  5  7  3 234       
PG07  -4673.006250  24721.457970   8521.930140   -220.513808  5  6  4 254       
PG08 -14919.041210   5849.308302  21035.219799    359.175732  4  3  3 187       
PG09   3959.718897  21956.386310 -14454.858249    689.198031  4  3  4 215       
PG10 -14675.386921 -11478.612853  19342.957663   -541.635594  2  4  5 228       
PG11  16279.970061    169.591500 -20905.752807   -224.622714  4  5  5 219       
PG12  19465.049813 -10801.345064 -14778.352812   -603.094529  6  6  3 187       
PG13  20653.623278 -11399.756213 -12299.008599    436.207609 10 12  8 287       
PG14  11433.373452  13629.095239  19924.069032    750.064851  4  3  4 189       
PG15  13048.758056  -8431.179542  20985.184854    440.986471  5  6  2 204       
PG16 -26731.277827  -1166.301785  -1846.613837    325.690082  4  5  7 244       
PG17  12188.866876  23285.512483   2907.935252   -195.466261  3  4  5 219       
PG18   4280.291031 -24175.385540   9803.289610   -267.218276  6  6  4 176       
PG19  17555.039349  18324.604436  -8791.351895    704.907098  3  3  5 212       
PG20  18363.501264   2444.874046  19086.649316    274.672622  6  6  1 222       
PG21  25407.159929   3120.568167  -7154.732368    372.547362  5  5  5 229       
PG22  17616.147721  11486.594795  16345.982822     70.594563  5  4  1 200       
PG23  -2538.967401 -14418.682081  22251.028429    684.622839  4  4  3 172       
PG24  14927.621494 -18104.721542  11535.109282    186.525288  6  8  5 211       
PG25   7229.706621 -15702.052596 -20495.044987    392.915441  5  6  4 198       
PG26 -23015.803794  -5231.510897 -12820.274905   -391.239236  4  4  4 203       
PG27 -19644.593957  -7009.533035  16317.110360      0.463535  4  4  4 216       
PG28  -8697.435831 -15085.548462 -20045.806173   -427.125091  5  4  5 224       
PG29   -466.568886 -21607.200558 -15351.445266   -251.881577  6  6  4 240       
PG30   5615.882680  19170.657710  17590.729489    348.499561  3  3  4 195       
PG31 -14765.392989  -4946.988610 -21833.206103   -124.046934  5  4  5 239       
PG32 -16399.281303 -20936.696326  -1553.578743    244.944199  4  5  5 211       
*  2026  8 31 15 45  0.00000000
PG01 -15865.031101  19368.698312   8715.766168    183.493355  7  7  6 194       
PG02 -15892.227722  13092.611909  16784.062226    167.457251  5  6  4 199       
PG03 -19462.717110  11788.029508 -13836.247240    293.333545  5  3  5 224       
PG04  -7867.373807  13710.446153 -21285.100859     64.605245  6  6  4 200       
PG05  25951.926350  -5650.905186    521.229573   -236.423601  5  6  4 211       
PG06   8518.497864  14640.177103 -20352.198785   -536.244423  5  7  4 235       
PG07  -5227.333065  25308.276454   5823.457413   -220.516829  5  7  4 255       
PG08 -16430.568225   3970.413303  20386.677552    359.166516  4  3  3 187       
PG09   2730.386805  20693.031342 -16483.883609    689.190138  4  4  4 217       
PG10 -12477.340788 -11768.308756  20655.065648   -541.629310  3  4  5 229       
PG11  15288.449817   2401.033115 -21514.343555   -224.611842  4  5  5 219       
PG12  20995.342901 -10688.275826 -12556.572155   -603.093695  6  6  3 192       
PG13  21929.522590 -11385.979915  -9845.702542    436.211899  9 12  8 308       
PG14   9148.847881  13970.527631  20822.896592    750.064654  4  3  4 190       
PG15  14833.493653  -6689.654655  20435.329911    440.989212  4  6  2 204       
PG16 -26416.937998  -1404.356928  -4639.744745    325.695601  4  5  7 250       
PG17  11700.507513  23063.471413   5714.470117   -195.470671  3  5  5 220       
PG18   4884.458088 -24966.041566   7137.079901   -267.210366  6  7  4 178       
PG19  17811.981345  19150.514106  -6149.995226    704.907174  3  3  5 212       
PG20  19552.277222   4163.113255  17539.994463    274.681011  6  5  1 222       
PG21  24467.328496   3443.731743  -9791.040140    372.540308  4  6  5 230       
PG22  15694.725550  11724.689544  18103.345837     70.602248  5  4  1 195       
PG23    -46.822547 -14757.658696  22147.577364    684.626125  4  4  3 191       
PG24  14776.316696 -16534.385635  13792.412190    186.540947  6  8  6 212       
PG25   9437.506703 -15913.993071 -19359.266441    392.912381  4  6  4 227       
PG26 -21564.881549  -5807.928447 -14924.107582   -391.240591  5  4  4 202       
PG27 -20613.985382  -8540.232785  14354.805886      0.463420  4  5  5 218       
PG28  -7779.514071 -17110.906971 -18753.061273   -427.115441  5  5  4 223       
PG29    701.563206 -20139.950759 -17240.706954   -251.875024  6  6  4 229       
PG30   4708.204176  20844.023019  15822.793082    348.510727  3  3  4 195       
PG31 -13757.691075  -7165.297599 -21851.122706   -124.044219  5  3  5 236       
PG32 -16254.800050 -21104.339491   1309.242447    244.961170  4  5  5 212       
*  2026  8 31 16  0  0.00000000
PG01 -15636.115094  18218.806068  11247.543860    183.485138  7  7  5 195       
PG02 -15582.570106  11133.226740  18494.660937    167.463530  5  5  3 196       
PG03 -20876.523712  11902.952677 -11422.304354    293.314991  5  3  5 224       
PG04  -9446.730883  11811.025756 -21791.032666     64.605546  6  5  4 201       
PG05  25912.507833  -5442.478913  -2372.331056   -236.423753  4  6  4 217       
PG06   7632.795778  16727.156057 -19044.739962   -536.234847  5  7  4 236       
PG07  -5653.672492  25628.849807   3024.028215   -220.520078  5  7  4 252       
PG08 -17964.493470   2239.718969  19384.256165    359.157262  4  3  3 189       
PG09   1293.901094  19338.819082 -18230.405442    689.182326  4  4  4 212       
PG10 -10172.798214 -12208.240333  21623.026498   -541.623032  3  4  5 229       
PG11  14396.983036   4724.929060 -21750.319284   -224.601016  4  5  5 219       
PG12  22271.318866 -10624.271761 -10121.998318   -603.093187  6  6  3 185       
PG13  22925.126778 -11375.127193  -7223.680089    436.216296  9 12  8 285       
PG14   6801.655636  14439.326585  21368.691585    750.064458  4  4  4 190       
PG15  16632.983379  -5091.337649  19515.921441    440.991856  4  6  2 200       
PG16 -25810.086975  -1685.610278  -7355.667322    325.701942  4  4  7 244       
PG17  11015.179433  22616.986320   8421.856605   -195.475109  4  5  5 222       
PG18   5337.299724 -25496.557074   4346.105249   -267.202397  6  7  4 180       
PG19  17940.335872  19714.631806  -3406.356929    704.907514  3  3  5 220       
PG20  20701.835104   5674.122089  15692.672951    274.689291  6  5  1 223       
PG21  23260.805277   3863.547663 -12259.167299    372.533346  4  6  5 231       
PG22  13612.632003  12076.934557  19553.174466     70.610314  6  5  1 197       
PG23   2392.475743 -15231.532285  21665.348940    684.629385  4  5  3 190       
PG24  14643.397957 -14716.820029  15799.998342    186.556602  6  7  6 213       
PG25  11494.024947 -16207.134034 -17898.442334    392.909318  4  6  3 225       
PG26 -19931.848612  -6515.260151 -16779.608352   -391.241940  5  5  4 202       
PG27 -21501.633685  -9838.037761  12144.633504      0.463478  3  5  5 219       
PG28  -7019.812373 -19025.043169 -17137.299181   -427.105818  5  6  4 179       
PG29   2059.751067 -18576.829659 -18831.968100   -251.868782  6  6  4 233       
PG30   3949.465849  22358.604365  13783.475152    348.521887  3  4  4 194       
PG31 -12872.283830  -9418.628211 -21502.914539   -124.041813  5  4  4 239       
PG32 -15910.084158 -21035.738326   4149.834617    244.978133  4  4  5 213       
*  2026  8 31 16 15  0.00000000
PG01 -15372.459656  16799.293733  13584.708389    183.476898  7  7  5 194       
PG02 -15342.699887   8995.113867  19889.293768    167.470099  5  5  3 209       
PG03 -22006.271604  12032.259479  -8812.847734    293.296475  5  3  5 224       
PG04 -11148.939473   9973.806114 -21920.538434     64.605877  6  5  4 207       
PG05  25572.861365  -5139.005672  -5225.186828   -236.424628  4  6  4 192       
PG06   6913.969625  18700.469574 -17406.285018   -536.225299  5  7  5 237       
PG07  -5982.140516  25660.513022    171.778054   -220.523093  5  7  3 251       
PG08 -19481.169225    680.373058  18046.874484    359.148012  5  3  3 189       
PG09   -340.257523  17938.227525 -19664.921578    689.174533  4  4  4 211       
PG10  -7810.121743 -12803.477799  22230.177929   -541.616660  3  4  5 223       
PG11  13626.566522   7096.502262 -21609.840062   -224.590244  5  5  5 218       
PG12  23271.534132 -10574.780600  -7515.396017   -603.092327  5  6  3 192       
PG13  23629.422762 -11329.621993  -4477.780603    436.220651  8 12  8 285       
PG14   4437.936187  15034.196276  21551.375771    750.064285  3  4  4 190       
PG15  18402.859603  -3657.521287  18244.391462    440.994776  4  6  2 197       
PG16 -24927.705636  -2044.017169  -9949.610944    325.707781  4  2  7 248       
PG17  10115.569821  21980.859737  10983.821467   -195.479214  4  5  4 219       
PG18   5668.582733 -25741.363443   1479.050508   -267.194405  7  8  3 179       
PG19  17905.101575  20029.386441   -606.102053    704.907208  3  4  5 196       
PG20  21769.189958   6966.391615  13576.197436    274.697647  5  5  1 224       
PG21  21817.605765   4407.674000 -14516.684091    372.526349  4  6  5 232       
PG22  11413.250514  12557.971974  20672.207905     70.618119  6  5  1 191       
PG23   4730.923234 -15823.462870  20811.651300    684.632696  4  5  3 201       
PG24  14560.557012 -12680.892820  17520.724200    186.572234  6  7  6 213       
PG25  13363.834149 -16554.465528 -16135.860228    392.906246  4  6  3 195       
PG26 -18154.785905  -7366.151078 -18355.781529   -391.243340  5  5  5 204       
PG27 -22267.315049 -10900.435746   9725.922821      0.463325  3  5  5 205       
PG28  -6410.557128 -20782.837519 -15226.299748   -427.096159  5  7  4 181       
PG29   3600.012211 -16963.065783 -20098.172241   -251.862456  6  6  3 237       
PG30   3325.751316  23674.999147  11506.990180    348.533065  3  4  4 194       
PG31 -12121.244528 -11661.568879 -20793.433890   -124.039020  5  4  4 233       
PG32 -15341.300297 -20760.801408   6920.133620    244.995156  4  4  4 213       
*  2026  8 31 16 30  0.00000000
PG01 -15111.950331  15126.675317  15686.905706    183.468651  6  7  5 195       
PG02 -15198.305964   6717.511818  20946.331357    167.476468  5  6  3 211       
PG03 -22837.211619  12135.425175  -6052.140832    293.277867  4  3  5 223       
PG04 -12941.485031   8236.925859 -21671.939748     64.606210  6  5  4 204       
PG05  24953.006741  -4706.431038  -7988.551389   -236.424679  3  6  4 204       
PG06   6353.302849  20512.707273 -15465.123604   -536.215759  5  7  5 237       
PG07  -6246.508633  25388.648506  -2683.434512   -220.526167  5  8  3 255       
PG08 -20938.894819   -692.308238  16399.066412    359.138785  4  3  3 191       
PG09  -2154.381632  16534.447256 -20763.311798    689.166742  4  5  4 211       
PG10  -5438.550651 -13550.611564  22465.644274   -541.610370  3  4  5 224       
PG11  12990.552125   9468.161771 -21095.616827   -224.579468  5  4  5 219       
PG12  23982.558914 -10502.739319  -4780.674588   -603.091813  5  6  3 186       
PG13  24040.069365 -11211.446165  -1655.033382    436.225009  8 12  7 284       
PG14   2103.524177  15746.093221  21366.928546    750.064126  3  5  4 187       
PG15  20097.329782  -2401.238292  16644.706176    440.997587  4  6  3 197       
PG16 -23794.039533  -2509.891585 -12379.046624    325.713977  5  2  7 243       
PG17   8991.867219  21194.058019  13357.057611   -195.483878  4  6  4 223       
PG18   5912.520780 -25682.993186  -1413.920265   -267.186460  7  8  3 180       
PG19  17675.233721  20114.440965   2204.223670    704.907225  3  4  5 195       
PG20  22711.412057   8036.840290  11226.722359    274.705982  5  5  1 225       
PG21  20174.038745   5097.801575 -16524.758773    372.519376  4  6  5 233       
PG22   9142.515857  13174.936845  21442.851122     70.625982  6  4  1 188       
PG23   6924.315365 -16508.963737  19600.191710    684.635990  4  4  3 199       
PG24  14554.779304 -10462.773475  18922.765969    186.587877  5  6  6 214       
PG25  15017.382990 -16923.874803 -14100.016760    392.903195  4  7  3 196       
PG26 -16274.609243  -8366.199532 -19626.086815   -391.244680  5  5  5 204       
PG27 -22872.725047 -11733.320598   7141.122339      0.463308  3  6  5 210       
PG28  -5936.334973 -22342.713441 -13052.943962   -427.086508  6  8  4 178       
PG29   5306.192630 -15342.896314 -21017.957568   -251.855797  6  6  2 231       
PG30   2816.601301  24758.461379   9031.869918    348.544253  3  4  4 195       
PG31 -11508.901887 -13847.471099 -19733.503441   -124.036657  5  4  4 242       
PG32 -14531.602795 -20314.608571   9573.540265    245.012171  4  3  4 212       
*  2026  8 31 16 45  0.00000000
PG01 -14889.748303  13225.563546  17517.897511    183.460427  6  6  5 195       
PG02 -15168.311817   4343.838076  21650.038805    167.482684  5  6  2 206       
PG03 -23363.728153  12170.902163  -3187.286133    293.259258  4  4  5 222       
PG04 -14786.160803   6632.487332 -21050.087976     64.606503  6  4  4 204       
PG05  24080.658498  -4115.463884 -10615.360053   -236.424707  3  5  4 215       
PG06   5934.057627  22120.267651 -13254.896406   -536.206219  5  7  5 238       
PG07  -6482.700761  24807.452423  -5490.926132   -220.529239  5  8  3 255       
PG08 -22295.473306  -1871.165688  14470.457142    359.129567  5  4  4 193       
PG09  -4123.042094  15167.778416 -21507.213726    689.158975  4  5  4 212       
PG10  -3106.543315 -14437.763384  22324.549366   -541.604035  3  3  5 225       
PG11  12494.210699  11791.165953 -20216.844451   -224.568658  5  4  5 220       
PG12  24399.430350 -10370.140156  -1964.197625   -603.091026  4  6  3 188       
PG13  24163.394447 -10983.773913   1196.136647    436.229352  7 12  7 283       
PG14   -157.608092  16558.472009  20817.514253    750.063954  3  5  4 185       
PG15  21670.955469  -1326.973854  14746.800007    441.000010  4  6  3 197       
PG16 -22439.710221  -3108.638044 -14604.280874    325.720067  5  2  7 241       
PG17   7642.259451  20298.111431  15501.910660   -195.487891  4  6  4 220       
PG18   6106.221525 -25312.824322  -4282.085277   -267.178488  6  8  3 182       
PG19  17224.923088  19995.836164   4977.887397    704.907491  3  5  4 199       
PG20  23487.287705   8890.742182   8684.440528    274.714328  5  5  2 225       
PG21  18371.391054   5948.631363 -18248.824305    372.512457  4  6  5 233       
PG22   6847.335279  13927.140266  21853.366527     70.634047  6  4  1 192       
PG23   8933.774628 -17256.813046  18050.908719    684.639276  4  5  2 197       
PG24  14647.094060  -8104.652728  19980.330815    186.603510  5  5  6 215       
PG25  16431.985813 -17279.393904 -11824.251764    392.900107  4  7  3 223       
PG26 -14333.670526  -9513.577724 -20568.855949   -391.245996  6  5  5 203       
PG27 -23282.962302 -12350.477318   4435.019371      0.463666  3  5  5 227       
PG28  -5574.855259 -23668.134402 -10654.649109   -427.076856  6  9  4 219       
PG29   7154.427830 -13757.936793 -21575.994151   -251.849446  6  6  2 234       
PG30   2395.959196  25580.209399   6400.346839    348.555430  4  4  5 194       
PG31 -11031.730553 -15930.028624 -18339.821387   -124.034083  5  4  4 241       
PG32 -13471.892552 -19735.958504  12065.648918    245.029150  4  3  4 213       
*  2026  8 31 17  0  0.00000000
PG01 -14736.817159  11127.879195  19046.188559    183.452046  6  7  5 193       
PG02 -15264.195599   1920.196693  21990.680979    167.489100  5  6  2 220       
PG03 -23589.490056  12097.883184   -267.443202    293.240625  3  4  5 226       
PG04 -16640.428331   5185.485389 -20066.241624     64.606822  6  4  4 210       
PG05  22990.119803  -3342.875659 -13061.045958   -236.424965  4  5  4 208       
PG06   5632.292288  23484.955386 -10814.000497   -536.196685  5  7  5 239       
PG07  -6727.164567  23920.371022  -8200.158639   -220.532142  5  8  3 258       
PG08 -23509.776536  -2857.201392  12295.170399    359.120338  5  4  4 195       
PG09  -6213.887661  13874.156788 -21884.301670    689.151294  4  5  3 213       
PG10   -860.140893 -15444.916213  21808.152547   -541.597747  3  2  4 226       
PG11  12134.624884  14017.331409 -18989.019971   -224.557830  5  5  6 217       
PG12  24525.799062 -10139.657030    885.966039   -603.090389  4  6  3 189       
PG13  24014.069626 -10612.571746   4026.732394    436.233726  7 12  7 282       
PG14  -2304.847271  17447.830413  19911.512899    750.063722  3  6  4 191       
PG15  23080.407846   -430.750346  12585.885155    441.002677  4  5  3 197       
PG16 -20900.621842  -3859.671148 -16589.001570    325.725883  6  3  7 246       
PG17   6073.120187  19335.456203  17382.975981   -195.492163  4  6  3 224       
PG18   6288.014468 -24631.483474  -7075.104292   -267.170495  6  8  3 220       
PG19  16534.697076  19704.914556   7668.666761    704.907487  3  5  4 196       
PG20  24058.931049   9541.334597   5992.908023    274.722659  5  5  3 226       
PG21  16454.431686   6967.126280 -19659.173296    372.505506  4  5  5 234       
PG22   4573.999526  14806.054285  21897.975532     70.642234  6  4  1 202       
PG23  10727.085998 -18030.247695  16189.692762    684.642580  5  5  2 191       
PG24  14851.592435  -5653.199168  20674.223468    186.619128  5  5  6 212       
PG25  17592.575033 -17582.624274  -9346.291559    392.897074  4  6  3 199       
PG26 -12374.311783 -10798.925201 -21167.650662   -391.247300  6  5  5 223       
PG27 -23467.869629 -12772.783664   1653.955191      0.463360  3  5  6 216       
PG28  -5297.986590 -24728.917849  -8072.724167   -427.067250  6 10  4 184       
PG29   9113.905534 -12245.672383 -21763.212800   -251.842605  6  6  2 231       
PG30   2033.350984  26118.527402   3657.654553    348.566595  4  4  5 196       
PG31 -10678.542572 -17864.868502 -16634.777056   -124.031407  5  4  4 239       
PG32 -12161.288696 -19065.803977  14354.926869    245.046135  4  3  4 214       
*  2026  8 31 17 15  0.00000000
PG01 -14678.627619   8871.783472  20245.566869    183.443853  6  7  4 194       
PG02 -15489.609202   -506.180003  21964.533665    167.495398  5  6  2 219       
PG03 -23527.252634  11878.059874   2657.006923    293.221983  3  5  5 225       
PG04 -18458.948657   3913.024279 -18737.834991     64.607106  6  3  4 211       
PG05  21720.946377  -2372.561175 -15284.263201   -236.425550  4  5  4 197       
PG06   5417.972544  24575.377629  -8184.903715   -536.187164  5  8  5 239       
PG07  -7015.184574  22740.172832 -10761.758868   -220.535435  5  8  3 254       
PG08 -24543.259350  -3659.270961   9911.181927    359.111081  5  4  4 196       
PG09  -8388.708147  12683.863016 -21888.466142    689.143474  4  5  3 214       
PG10   1258.590889 -16544.556083  20923.902528   -541.591454  3  2  4 226       
PG11  11900.913016  16100.721336 -17433.650682   -224.546991  5  6  6 216       
PG12  24373.758260  -9776.270902   3720.840645   -603.089679  2  5  3 188       
PG13  23614.473921 -10068.101452   6788.023608    436.238086  6 12  7 282       
PG14  -4302.318320  18384.538198  18663.449292    750.063508  2  7  4 191       
PG15  24286.122585    299.428349  10201.662174    441.005607  4  5  3 195       
PG16 -19216.701339  -4775.556246 -18300.774734    325.731906  6  4  7 245       
PG17   4298.884789  18347.782881  18969.602377   -195.496490  5  6  3 224       
PG18   6495.729320 -23648.889215  -9743.954696   -267.162511  6  8  3 219       
PG19  15592.304652  19277.060640  10231.546015    704.907567  3  6  4 194       
PG20  24393.284686  10009.119690   3198.307892    274.730976  4  5  4 227       
PG21  14469.792230   8152.067200 -20731.471036    372.498568  4  5  5 234       
PG22   2366.638963  15795.593546  21576.874514     70.649924  6  4  1 193       
PG23  12279.786393 -18788.397077  14047.995395    684.645851  5  6  3 191       
PG24  15174.761719  -3157.823440  20992.248677    186.634755  5  5  5 212       
PG25  18492.182397 -17794.289698  -6707.701149    392.893988  3  6  3 198       
PG26 -10437.420930 -12205.521624 -21411.557060   -391.248616  6  5  6 202       
PG27 -23403.187286 -13027.166939  -1154.951117      0.463098  3  5  6 210       
PG28  -5073.026676 -25502.315116  -5351.656495   -427.057608  6 10  4 181       
PG29  11147.898971 -10838.127475 -21576.924150   -251.836184  6  7  2 231       
PG30   1695.255952  26359.613409    851.254969    348.577736  5  4  5 197       
PG31 -10430.978518 -19611.097145 -14646.173600   -124.028854  4  5  5 232       
PG32 -10607.299738 -18345.632449  16403.338393    245.063188  3  2  3 214       
*  2026  8 31 17 30  0.00000000
PG01 -14734.090884   6500.375421  21095.547799    183.435611  6  7  4 194       
PG02 -15840.299876  -2888.499934  21573.810042    167.501560  5  6  3 213       
PG03 -23198.313548  11477.306743   5535.337490    293.203375  4  5  6 225       
PG04 -20195.224489   2823.849539 -17088.144605     64.607417  6  3  4 209       
PG05  20316.432968  -1196.322982 -17247.547518   -236.425680  5  5  3 208       
PG06   5256.331420  25368.083051  -5413.381538   -536.177632  5  8  5 240       
PG07  -7379.211836  21288.638513 -13128.561073   -220.538186  5  9  4 258       
PG08 -25361.367851  -4293.483569   7359.633646    359.101791  5  4  4 199       
PG09 -10604.720814  11620.461701 -21519.893245    689.135665  4  5  3 215       
PG10   3212.986062 -17702.608895  19685.403704   -541.585162  3  2  4 227       
PG11  11774.773347  17999.248349 -15577.858780   -224.536169  5  7  6 215       
PG12  23963.356256  -9248.830656   6491.379610   -603.088809  2  5  2 197       
PG13  22993.769701  -9326.266816   9432.387210    436.242437  6 12  7 281       
PG14  -6120.093122  19333.922847  17093.816865    750.063321  2  7  4 190       
PG15  25253.784423    882.802386   7637.459044    441.008485  4  4  4 197       
PG16 -17430.514640  -5861.397571 -19711.491408    325.738044  6  4  6 242       
PG17   2341.627527  17374.452018  20236.301373   -195.500531  5  5  2 223       
PG18   6764.997309 -22383.932727 -12241.843034   -267.154498  5  8  4 219       
PG19  14393.353121  18750.299718  12623.404955    704.907762  3  6  3 197       
PG20  24463.450615  10320.886525    348.664373    274.739313  4  5  4 228       
PG21  12464.285384   9493.931355 -21447.177804    372.491625  5  5  5 235       
PG22    265.776811  16872.679078  20896.169941     70.658005  6  4  1 198       
PG23  13575.962480 -19487.903718  11662.329811    684.649106  5  6  4 190       
PG24  15615.167025   -668.831265  20929.437037    186.650203  4  5  4 215       
PG25  19132.123809 -17875.861696  -3953.247368    392.890933  3  6  3 199       
PG26  -8561.038850 -13709.736713 -21295.411005   -391.249923  6  5  6 201       
PG27 -23071.481688 -13145.361307  -3944.559073      0.463188  3  5  6 218       
PG28  -4864.155504 -25973.815444  -2538.342224   -427.047908  6 11  5 174       
PG29  13215.029688  -9560.762753 -21020.828520   -251.829714  5  7  2 231       
PG30   1346.615489  26298.135200  -1969.995205    348.588883  5  6  6 222       
PG31 -10264.286242 -21132.744199 -12406.855316   -124.026309  4  5  5 232       
PG32  -8825.691404 -17615.850267  18176.908649    245.080217  3  3  3 214       
*  2026  8 31 17 45  0.00000000
PG01 -14914.761891   4060.205342  21581.714964    183.427418  6  7  4 194       
PG02 -16304.327873  -5181.936943  20826.511827    167.508011  4  6  3 218       
PG03 -22631.639337  10867.221860   8317.376398    293.184764  4  6  6 224       
PG04 -21803.290077   1918.209450 -15145.861326     64.607767  5  3  4 207       
PG05  18821.980319    185.647848 -18917.906624   -236.425825  5  5  3 214       
PG06   5109.422371  25848.397966  -2547.691865   -536.168122  5  9  5 241       
PG07  -7847.288455  19595.868084 -15256.640285   -220.541058  5  8  4 258       
PG08 -25934.792695  -4782.339646   4684.121754    359.092553  5  4  5 199       
PG09 -12816.031836  10700.008277 -20785.044239    689.127848  3  5  3 217       
PG10   4973.015949 -18879.644440  18112.289615   -541.578811  2  3  4 228       
PG11  11731.325284  19676.130560 -13453.890969   -224.525342  4  8  6 216       
PG12  23321.805602  -8531.486501   9149.325814   -603.088149  1  4  3 196       
PG13  22186.725618  -8369.750361  11914.134240    436.246786  6 12  7 280       
PG14  -7735.179948  20257.574839  15228.794047    750.063095  3  7  4 191       
PG15  25955.582809   1344.795194   4939.326485    441.011018  3  4  4 194       
PG16 -15585.804145  -7114.492860 -20797.763616    325.744190  7  4  6 238       
PG17    230.362385  16451.033042  21163.063188   -195.504918  5  5  2 223       
PG18   7127.646895 -20863.808622 -14525.071334   -267.146521  5  7  5 218       
PG19  12941.672006  18163.802519  14803.694216    704.907746  3  6  3 194       
PG20  24249.799155  10508.490987  -2506.979380    274.747615  4  5  5 229       
PG21  10483.225720  10975.098966 -21793.873066    372.484689  4  5  5 235       
PG22  -1692.972977  18008.061011  19867.737316     70.665917  6  4  1 197       
PG23  14608.721669 -20084.668861   9073.668005    684.652368  5  6  4 191       
PG24  16163.493484   1764.448166  20488.089497    186.665828  4  5  3 215       
PG25  19521.872642 -17791.195798  -1130.177871    392.887915  3  5  3 199       
PG26  -6779.066795 -15281.746248 -20819.948668   -391.251200  6  5  6 202       
PG27 -22462.822341 -13162.515618  -6668.434726      0.462904  4  5  6 211       
PG28  -4634.014612 -26137.642931    318.726080   -427.038243  6 11  5 173       
PG29  15270.710628  -8431.639445 -20104.918828   -251.823382  5  7  2 233       
PG30    952.419946  25937.466806  -4756.723375    348.600025  6  6  6 221       
PG31 -10148.364159 -22400.048354  -9954.238764   -124.023550  5  6  5 226       
PG32  -6840.058350 -16914.227239  19646.223522    245.097258  2  3  3 215       
*  2026  8 31 18  0  0.00000000
PG01 -15224.342829   1599.662009  21695.953066    183.419185  6  7  5 194       
PG02 -16862.564673  -7345.064438  19736.213753    167.514325  4  6  3 223       
PG03 -21862.693116  10026.459609  10954.413840    293.166130  4  6  5 226       
PG04 -23239.384557   1188.047938 -12944.577148     64.608028  5  4  4 213       
PG05  17283.403940   1764.610339 -20267.333725   -236.426379  5  5  3 196       
PG06   4937.802018  26010.926279    362.295452   -536.158619  5 10  5 241       
PG07  -8441.644423  17699.225520 -17106.302120   -220.544167  5  8  4 255       
PG08 -26240.525535  -5153.644066   1929.970663    359.083270  5  4  5 202       
PG09 -14975.218787   9930.551593 -19696.536781    689.120038  3  5  2 218       
PG10   6516.291643 -20032.309722  16229.998854   -541.572497  2  4  4 229       
PG11  11740.212877  21101.145961 -11098.542974   -224.514547  4  9  6 213       
PG12  22482.414580  -7604.935919  11648.080401   -603.087465  1  3  2 197       
PG13  21232.331326  -7188.894115  14190.308659    436.251089  6 12  7 280       
PG14  -9132.252445  21114.825394  13099.853118    750.062903  3  7  4 193       
PG15  26371.193117   1715.721242   2155.116123    441.013534  3  5  4 200       
PG16 -13725.994717  -8524.265770 -21541.267962    325.750025  7  4  6 242       
PG17  -1999.901713  15608.015439  21735.582058   -195.509272  5  4  2 227       
PG18   7610.261259 -19123.023965 -16553.838845   -267.138496  5  7  5 218       
PG19  11249.387509  17556.346687  16735.089768    704.907903  4  6  3 196       
PG20  23740.811636  10607.440593  -5319.406142    274.755937  4  5  5 229       
PG21   8568.816821  12570.381304 -21765.475740    372.477736  4  6  5 236       
PG22  -3480.021253  19167.369350  18509.008266     70.673847  5  5  1 198       
PG23  15380.313675 -20535.654380   6326.742846    684.655586  5  7  4 189       
PG24  16802.943024   4095.471954  19677.643716    186.681442  4  5  3 216       
PG25  19678.618119 -17508.113566   1712.575874    392.884840  3  5  3 203       
PG26  -5120.121037 -16886.493843 -19991.876109   -391.252452  6  5  6 222       
PG27 -21575.189157 -13115.704466  -9281.543420      0.462939  4  5  6 212       
PG28  -4345.350182 -25996.927138   3170.300090   -427.028598  5 11  5 178       
PG29  17268.714024  -7460.879899 -18845.280484   -251.817075  5  7  2 241       
PG30    479.308630  25289.591116  -7459.947729    348.611266  6  6  7 221       
PG31 -10049.035104 -23390.532888  -7329.748840   -124.021075  5  7  5 213       
PG32  -4681.116475 -16274.455489  20786.862227    245.114254  2  3  3 216       
*  2026  8 31 18 15  0.00000000
PG01 -15658.505263   -832.703963  21436.569800    183.410939  6  8  5 193       
PG02 -17489.448568  -9341.152647  18321.789002    167.520422  4  7  3 215       
PG03 -20932.007062   8941.798030  13400.098584    293.147623  3  5  5 227       
PG04 -24463.545865    617.518304 -10522.196688     64.608339  5  4  4 213       
PG05  15745.247059   3523.435804 -21273.239069   -236.426151  5  5  4 216       
PG06   4702.273653  25859.694031   3265.996395   -536.149126  5  9  4 241       
PG07  -9177.538449  15641.960534 -18642.993600   -220.547102  5  8  4 256       
PG08 -26262.685011  -5439.238932   -856.496831    359.074069  5  4  5 202       
PG09 -17034.975976   9311.949310 -18272.930300    689.112249  2  5  3 218       
PG10   7828.789730 -21114.943891  14069.449685   -541.566190  2  5  4 229       
PG11  11766.925926  22251.638321  -8552.510136   -224.503705  4  9  6 213       
PG12  21483.278810  -6457.427902  13943.562789   -603.086734  1  1  2 199       
PG13  20172.257217  -5782.288040  16221.443349    436.255458  6 12  7 279       
PG14 -10304.085986  21864.341369  10743.263836    750.062721  3  7  3 193       
PG15  26488.452437   2029.324663   -666.434303    441.016203  3  5  4 201       
PG16 -11892.716344 -10072.479643 -21929.034684    325.756065  7  5  6 241       
PG17  -4309.313347  14869.733557  21945.394659   -195.513665  5  3  2 227       
PG18   8232.957531 -17202.127329 -18292.961829   -267.130495  5  7  5 218       
PG19   9336.699962  16964.788840  18384.118469    704.907797  4  6  3 195       
PG20  22933.622718  10655.339204  -8040.077352    274.764249  5  5  5 231       
PG21   6758.666494  14247.851001 -21362.356408    372.470797  4  6  5 236       
PG22  -5072.697104  20312.355417  16842.689669     70.681720  5  5  2 197       
PG23  15901.893941 -20800.668417   3469.266292    684.658868  5  6  5 188       
PG24  17509.961783   6282.150111  18514.372744    186.697055  4  6  3 217       
PG25  19626.518155 -16999.864214   4525.259848    392.881770  3  5  3 201       
PG26  -3606.578162 -18484.869323 -18823.851705   -391.253740  6  6  6 221       
PG27 -20414.601727 -13042.396093 -11740.902566      0.462406  4  5  6 192       
PG28  -3962.655166 -25563.540870   5967.229714   -427.018943  6 11  6 179       
PG29  19162.804652  -6650.442134 -17263.793452   -251.810402  5  8  2 236       
PG30   -102.884073  24374.667790 -10031.992044    348.622597  6  7  7 222       
PG31  -9929.506343 -24089.824558  -4578.163557   -124.018519  5  8  5 212       
PG32  -2385.741318 -15724.872047  21579.759918    245.131312  2  3  3 216       
*  2026  8 31 18 30  0.00000000
PG01 -16205.036670  -3189.856263  20808.306040    183.402747  6  7  5 194       
PG02 -18153.967742 -11139.290689  16607.082006    167.526999  5  7  3 224       
PG03 -19883.554891   7608.893110  15611.303381    293.129116  3  5  5 227       
PG04 -25441.065976    183.795393  -7920.284038     64.608606  5  4  4 214       
PG05  14249.159183   5437.086346 -21918.795503   -236.427181  5  6  4 192       
PG06   4365.620458  25407.933992   6113.019558   -536.139625  5  9  4 241       
PG07 -10062.403893  13471.566338 -19838.100947   -220.549951  5  7  4 258       
PG08 -25993.087419  -5673.604637  -3628.684168    359.064814  5  4  5 203       
PG09 -18949.762397   8836.001904 -16538.418943    689.104427  2  5  3 219       
PG10   8905.268064 -22081.318451  11666.611229   -541.559863  3  5  5 230       
PG11  11774.285999  23113.237787  -5859.676293   -224.492913  4  9  6 215       
PG12  20365.781799  -5085.479605  15995.043219   -603.086017  2  1  2 200       
PG13  19049.218877  -4157.041002  17972.259165    436.259798  6 12  7 278       
PG14 -11251.680059  22465.775576   8199.496874    750.062507  3  6  3 194       
PG15  26303.713646   2321.214842  -3476.587719    441.019010  3  5  4 198       
PG16 -10124.391565 -11733.728167 -21953.679136    325.762310  7  5  5 236       
PG17  -6654.495427  14253.537829  21789.935886   -195.517899  5  2  2 226       
PG18   9008.437723 -15146.211401 -19712.496657   -267.122497  5  6  5 219       
PG19   7231.366248  16422.601993  19721.745510    704.908197  5  6  2 199       
PG20  21834.239642  10690.252440 -10621.978545    274.772544  5  5  5 232       
PG21   5084.486890  15969.943708 -20591.339047    372.463846  3  7  5 236       
PG22  -6455.890855  21402.281112  14896.418218     70.689920  5  6  2 205       
PG23  16192.935077 -20844.061294    551.077853    684.662087  5  6  5 190       
PG24  18255.258193   8288.297519  17020.932783    186.712691  4  6  4 217       
PG25  19395.669419 -16246.401601   7258.207670    392.878660  4  5  2 200       
PG26  -2253.849229 -20035.065898 -17334.375554   -391.255046  6  6  6 221       
PG27 -18994.971028 -12978.930183 -14006.190965      0.461832  5  5  6 178       
PG28  -3453.745640 -24857.611611   8661.315141   -427.009296  6 10  6 179       
PG29  20908.377120  -5994.214158 -15387.742922   -251.804013  4  8  2 237       
PG30   -819.702553  23220.280597 -12427.387733    348.633868  6  8  7 223       
PG31  -9751.962041 -24492.177646  -1746.874208   -124.015714  5  9  6 201       
PG32      4.214036 -15287.388993  22011.497755    245.148334  2  4  3 217       
*  2026  8 31 18 45  0.00000000
PG01 -16844.304484  -5427.884709  19822.235443    183.394518  6  7  6 195       
PG02 -18820.835490 -12715.300757  14620.533693    167.533227  5  8  4 222       
PG03 -18762.989041   6032.684765  17548.939829    293.110543  3  5  5 227       
PG04 -26143.753922   -141.847025  -5183.356152     64.608883  5  5  4 215       
PG05  12832.398693   7473.391350 -22193.195018   -236.427204  5  6  4 202       
PG06   3894.258114  24677.520548   8854.063620   -536.130145  5  8  4 241       
PG07 -11095.345921  11237.948129 -20669.603978   -220.553052  5  6  4 256       
PG08 -25431.546244  -5892.380646  -6340.432831    359.055666  5  4  5 202       
PG09 -20677.391999   8486.899630 -14522.436445    689.096635  2  5  3 220       
PG10   9749.348742 -22886.439146   9061.971205   -541.553539  3  5  5 230       
PG11  11724.038767  23680.270588  -3066.353845   -224.482123  5  9  6 216       
PG12  19172.962646  -3494.270325  17765.928485   -603.085586  2  1  2 187       
PG13  17905.310044  -2328.721429  19412.293710    436.264173  6 12  6 277       
PG14 -11984.057713  22881.406789   5512.535042    750.062289  3  6  3 196       
PG15  25821.875669   2627.265549  -6227.449342    441.021655  3  5  4 202       
PG16  -8454.934592 -13476.190489 -21613.571638    325.768245  7  6  5 241       
PG17  -8989.979171  13769.236267  21272.516409   -195.521855  5  1  3 225       
PG18   9941.349169 -13003.251770 -20788.254430   -267.114460  5  6  5 204       
PG19   4967.899181  15958.532676  20723.913528    704.908203  5  5  2 198       
PG20  20457.428279  10749.058124 -13020.442174    274.780850  6  6  5 233       
PG21   3571.029398  17694.789595 -19465.591716    372.456932  3  7  5 237       
PG22  -7622.426095  22395.408895  12702.353387     70.697543  4  6  3 198       
PG23  16280.307531 -20636.260601  -2376.759978    684.665369  5  6  5 189       
PG24  19005.058945  10084.813038  15225.781645    186.728353  5  6  4 217       
PG25  19020.830714 -15235.417461   9862.780849    392.875545  4  5  2 198       
PG26  -1069.914224 -21494.070450 -15547.580728   -391.256304  6  7  6 221       
PG27 -17337.682494 -12959.056593 -16040.312326      0.461984  6  5  6 180       
PG28  -2791.209180 -23906.725877  11206.141737   -426.999716  6  9  6 182       
PG29  22464.036350  -5478.421977 -13249.345975   -251.797484  4  8  2 234       
PG30  -1690.825785  21860.392364 -14603.741648    348.645069  6  7  7 211       
PG31  -9479.226758 -24600.675325   1114.929143   -124.013297  5 10  6 205       
PG32   2443.281276 -14976.668165  22074.517948    245.165386  2  4  3 218       
*  2026  8 31 19  0  0.00000000
PG01 -17550.018549  -7507.491798  18495.556464    183.386249  6  7  6 194       
PG02 -19451.817754 -14052.418139  12394.762998    167.539340  5  8  4 214       
PG03 -17615.814089   4227.433537  19178.703513    293.092025  3  5  4 227       
PG04 -26550.960609   -392.736270  -2358.134302     64.609158  5  5  5 216       
PG05  11526.513075   9594.093473 -22091.814107   -236.427603  5  7  4 199       
PG06   3259.740390  23698.079433  11441.787844   -536.120724  5  8  3 241       
PG07 -12267.017609   8991.488718 -21122.562560   -220.555938  5  5  4 248       
PG08 -24585.893822  -6130.858691  -8946.714904    359.046413  5  4  5 202       
PG09 -22180.507999   8241.965524 -12259.178221    689.088800  2  5  3 226       
PG10  10373.257411 -23488.340691   6299.902844   -541.547244  4  5  5 231       
PG11  11578.490451  23955.844257   -220.488392   -224.471330  5 10  6 225       
PG12  17947.816257  -1697.690614  19224.481437   -603.084849  2  2  2 190       
PG13  16780.369496   -320.967854  20516.447606    436.268477  7 12  6 277       
PG14 -12517.746267  23077.702341   2729.103280    750.062113  3  5  2 195       
PG15  25056.100722   2982.041607  -8872.749986    441.023990  4  4  3 211       
PG16  -6912.606859 -15262.630237 -20912.940716    325.774043  7  6  5 239       
PG17 -11269.705675  13418.821011  20402.226208   -195.526135  5  1  3 224       
PG18  11027.978583 -10822.350523 -21502.198603   -267.106451  5  5  5 205       
PG19   2586.506096  15595.429822  21372.022212    704.908393  5  4  3 200       
PG20  18826.268859  10865.846995 -15193.932638    274.789179  6  6  5 234       
PG21   2235.295192  19377.724142 -18004.407447    372.449933  1  8  5 238       
PG22  -8573.148436  23250.542279  10296.711481     70.705648  4  6  3 201       
PG23  16197.065217 -20155.080112  -5262.900391    684.668607  5  6  5 189       
PG24  19722.540779  11650.543384  13162.492704    186.744013  5  6  5 218       
PG25  18539.948251 -13963.080197  12292.317280    392.872419  5  5  2 202       
PG26    -55.139918 -22819.234397 -13492.922492   -391.257584  6  7  6 221       
PG27 -15470.927089 -13012.582967 -17809.911219      0.461680  6  5  6 176       
PG28  -1953.668132 -22744.857702  13557.882925   -426.990126  5  9  6 181       
PG29  23793.062930  -5082.333767 -10885.202505   -251.790933  4  8  2 232       
PG30  -2729.059847  20334.049294 -16522.548463    348.656211  6  7  7 212       
PG31  -9076.433058 -24427.092808   3957.133504   -124.010669  6 10  6 202       
PG32   4883.873293 -14799.569643  21767.261182    245.182414  3  5  3 219       
*  2026  8 31 19 15  0.00000000
PG01 -18290.261476  -9395.298300  16851.281476    183.378012  5  7  6 204       
PG02 -20007.169592 -15141.717578   9966.107297    167.545804  6  8  5 220       
PG03 -16485.571648   2216.382653  20471.731432    293.073534  3  5  4 228       
PG04 -26650.328481   -605.328564    507.234708     64.609437  5  5  5 215       
PG05  10356.243924  11756.126349 -21616.286475   -236.427932  5  7  5 196       
PG06   2440.057822  22505.809736  13831.639002   -536.111236  5  7  3 241       
PG07 -13559.882243   6781.103991 -21189.418123   -220.558691  5  5  4 252       
PG08 -23471.727256  -6422.500742 -11404.300834    359.037176  6  4  5 204       
PG09 -23427.886909   8072.666827  -9787.046890    689.080965  2  5  2 228       
PG10  10797.221394 -23849.802713   3427.936826   -541.540987  4  6  5 231       
PG11  11302.125032  23951.607208   2629.158444   -224.460501  5  9  6 224       
PG12  16731.595883    281.961233  20344.455506   -603.084259  2  1  2 191       
PG13  15710.446224   1835.217419  21265.437454    436.272828  7 12  5 276       
PG14 -12875.957075  23026.737861   -102.168621    750.061908  2  5  2 200       
PG15  24027.240587   3417.312131 -11368.561789    441.026892  4  5  3 204       
PG16  -5519.070286 -17051.609940 -19861.903879    325.780079  7  6  5 237       
PG17 -13448.544462  13196.485629  19193.767869   -195.530530  5  2  3 223       
PG18  12256.289475  -8651.956174 -21842.720393   -267.098441  6  5  5 202       
PG19    131.799015  15349.293241  21653.336484    704.908435  5  2  3 196       
PG20  16971.397311  11070.437285 -17104.778847    274.797544  6  7  5 236       
PG21   1086.051750  20972.920487 -16232.878518    372.443030  1  8  5 238       
PG22  -9316.727296  23928.564780   7719.243336     70.713728  3  6  3 206       
PG23  15980.985055 -19386.746099  -8056.664500    684.671883  5  6  5 187       
PG24  20369.370860  12972.806245  10868.990652    186.759653  5  6  5 218       
PG25  17992.542259 -12434.439986  14503.063847    392.869307  5  5  2 201       
PG26    797.605592 -23969.867273 -11204.763466   -391.258858  6  7  6 221       
PG27 -13428.804145 -13164.175057 -19285.840013      0.460935  6  5  6 223       
PG28   -926.807930 -21411.063211  15676.056882   -426.980516  5  8  7 182       
PG29  24864.709596  -4779.231989  -8335.679349   -251.784509  4  7  1 233       
PG30  -3939.611901  18683.887898 -18149.927577    348.667401  6  7  7 214       
PG31  -8512.623536 -23991.420610   6729.623503   -124.008111  6 10  7 213       
PG32   7277.864055 -14754.894594  21094.223787    245.199519  3  5  4 218       
*  2026  8 31 19 30  0.00000000
PG01 -19028.746308 -11064.919404  14917.829244    183.369799  5  7  6 205       
PG02 -20447.134635 -15982.273431   7374.123497    167.552234  6  8  5 223       
PG03 -15412.112264     31.056269  21405.155656    293.055046  3  5  5 228       
PG04 -26438.239343   -817.620901   3363.975802     64.609687  5  5  5 215       
PG05   9338.695922  13913.078360 -20774.482354   -236.428391  6  8  5 192       
PG06   1420.678644  21142.066881  15982.619627   -536.101785  6  7  4 241       
PG07 -14948.848042   4652.381192 -20870.101856   -220.561739  4  4  4 251       
PG08 -22111.889233  -6797.532470 -13672.397574    359.027931  6  4  5 205       
PG09 -24395.523831   7945.857391  -7148.028472    689.073111  2  5  2 229       
PG10  11048.543236 -23939.915387    495.947540   -541.534740  5  6  5 231       
PG11  10863.140080  23687.193860   5433.834416   -224.449596  5  9  5 221       
PG12  15562.189018   2414.627785  21105.627023   -603.083502  2  1  2 191       
PG13  14726.423624   4102.465579  21646.146359    436.277172  7 12  4 275       
PG14 -13087.495434  22707.413370  -2931.633932    750.061704  3  4  2 198       
PG15  22763.003192   3960.702588 -13673.940634    441.029429  5  5  2 212       
PG16  -4288.674810 -18798.884567 -18476.419435    325.786072  7  6  5 239       
PG17 -15483.778696  13088.930033  17667.222858   -195.534693  5  3  3 225       
PG18  13606.298178  -6538.131054 -21804.790004   -267.090470  6  5  5 200       
PG19  -2348.681481  15228.583356  21561.310920    704.908432  5  1  3 196       
PG20  14929.960649  11387.062479 -18719.840528    274.805859  7  7  5 236       
PG21    123.673882  22435.080623 -14181.469152    372.436063  1  8  5 239       
PG22  -9869.175890  24393.924711   5012.658386     70.721660  3  6  4 204       
PG23  15672.920577 -18326.596282 -10708.985682    684.675099  6  5  5 209       
PG24  20907.287120  14047.564073   8386.735284    186.775300  5  6  5 219       
PG25  17418.022766 -10663.475189  16455.067666    392.866177  5  6  2 201       
PG26   1502.539441 -24908.791603  -8721.855037   -391.260178  6  6  5 221       
PG27 -11250.225960 -13432.348640 -20443.575221      0.460959  6  4  6 207       
PG28    295.870093 -19947.992233  17524.223842   -426.970838  5  7  7 178       
PG29  25655.281522  -4537.615659  -5644.237237   -251.777903  3  7  1 229       
PG30  -5319.678087  16954.506814 -19457.266438    348.678539  6  6  7 214       
PG31  -7762.217905 -23321.060977   9383.227010   -124.005564  6 10  7 212       
PG32   9578.198028 -14833.433706  20065.931891    245.216514  4  4  4 218       
*  2026  8 31 19 45  0.00000000
PG01 -19726.252426 -12497.771987  12728.528418    183.361553  5  7  6 205       
PG02 -20733.459822 -16581.048334   4661.050879    167.558492  6  8  5 221       
PG03 -14430.026617  -2289.779410  21962.539653    293.036580  3  5  4 229       
PG04 -25919.944709  -1067.507123   6163.489651     64.609927  5  5  5 217       
PG05   8482.799819  16016.790238 -19580.394281   -236.428976  6  8  5 193       
PG06    195.292045  19651.764183  17857.984315   -536.092326  6  6  4 241       
PG07 -16402.241661   2645.887417 -20171.950253   -220.564503  4  3  4 255       
PG08 -20535.702409  -7281.659974 -15713.252628    359.018555  6  4  4 209       
PG09 -25067.458171   7825.204979  -4387.007455    689.065264  3  5  2 230       
PG10  11160.380739 -23735.426606  -2444.733290   -541.528493  5  6  6 232       
PG11  10234.842505  23189.377900   8145.616928   -224.438764  6  9  5 211       
PG12  14472.635694   4663.463243  21494.210340   -603.082873  2  1  2 188       
PG13  13852.857292   6438.291874  21651.864804    436.281543  8 12  3 274       
PG14 -13185.443966  22106.412640  -5709.548607    750.061447  3  4  1 199       
PG15  21296.897974   4634.529861 -15751.492617    441.031980  5  6  2 218       
PG16  -3228.010662 -20458.930533 -16778.152635    325.792197  7  6  5 233       
PG17 -17336.508239  13075.941285  15847.753418   -195.539140  5  4  3 224       
PG18  15050.769973  -4522.933878 -21389.984715   -267.082495  6  5  5 202       
PG19  -4806.077745  15233.825602  21095.818140    704.908701  6  1  4 200       
PG20  12744.326231  11833.284919 -20011.095596    274.814181  7  8  5 237       
PG21   -659.684809  23721.120191 -11885.493533    372.429067  1  7  4 239       
PG22 -10253.103563  24616.013982   2221.998267     70.729555  3  6  4 203       
PG23  15315.038221 -16979.420660 -13173.324413    684.678401  5  5  5 183       
PG24  21299.652104  14879.255773   5759.878076    186.790928  6  7  4 220       
PG25  16854.007651  -8672.771212  18113.000360    392.863057  5  6  2 201       
PG26   2080.261370 -25603.796499  -6086.718294   -391.261487  6  6  5 210       
PG27  -8977.659718 -13828.686171 -21263.581359      0.460867  6  4  6 217       
PG28   1712.601160 -18400.274871  19070.611987   -426.961192  4  6  7 179       
PG29  26148.961082  -4322.586790  -2856.710647   -251.771797  3  7  1 237       
PG30  -6858.363855  15190.772042 -20421.754885    348.689605  6  6  7 213       
PG31  -6806.279572 -22449.725530  11870.663796   -124.003118  6 10  7 217       
PG32  11740.473436 -15018.322574  18698.829881    245.233522  4  4  4 219       
*  2026  8 31 20  0  0.00000000
PG01 -20342.184094 -13683.583918  10321.040963    183.353265  5  7  6 204       
PG02 -20830.876876 -16952.512415   1871.236437    167.564851  7  8  5 222       
PG03 -13567.301680  -4701.450593  22134.186780    293.018113  4  6  4 230       
PG04 -25109.374548  -1391.140073   8858.151846     64.610216  4  5  5 215       
PG05   7789.089323  18019.029458 -18053.929900   -236.429200  6  8  6 193       
PG06  -1233.773793  18081.656994  19425.852835   -536.082866  5  6  4 241       
PG07 -17883.069548    795.724714 -19109.437267   -220.567285  4  2  4 271       
PG08 -18777.983427  -7894.953488 -17492.719677    359.009328  6  4  4 211       
PG09 -25436.308000   7672.750269  -1551.030036    689.057458  3  5  2 237       
PG10  11170.278384 -23221.809268  -5342.258918   -541.522232  5  6  6 235       
PG11   9396.851296  22490.967470  10718.215204   -224.427913  6  8  5 208       
PG12  13489.852705   6986.088741  21503.143713   -603.082131  2  2  2 191       
PG13  13107.072597   8796.551516  21282.416762    436.285900  9 12  1 273       
PG14 -13205.673363  21218.863126  -8387.002030    750.061237  3  4  1 203       
PG15  19667.003708   5454.855781 -17567.864356    441.034741  6  6  2 210       
PG16  -2335.748310 -21986.559901 -14794.249575    325.797956  7  6  5 236       
PG17 -18972.924340  13131.230385  13765.242162   -195.543497  5  5  3 230       
PG18  16556.204157  -2642.979111 -20606.397595   -267.074461  6  6  5 198       
PG19  -7191.903448  15357.532730  20263.269503    704.909181  6  1  4 211       
PG20  10460.594620  12419.179036 -20956.137400    274.822553  7  8  5 237       
PG21  -1279.596970  24791.781538  -9384.507873    372.422110  1  7  4 240       
PG22 -10496.723480  24570.391351   -606.036124     70.737548  3  6  4 204       
PG23  14949.010316 -15359.428979 -15406.532660    684.681643  5  5  4 180       
PG24  21512.919026  15480.307514   3034.413859    186.806561  6  7  4 220       
PG25  16334.717614  -6492.840303  19446.890881    392.859914  5  6  2 200       
PG26   2556.783998 -26028.928789  -3344.931091   -391.262761  6  5  5 210       
PG27  -6655.746997 -14357.304911 -21731.619733      0.461049  6  4  6 212       
PG28   3313.232573 -16812.845650  20288.661299   -426.951556  4  6  7 180       
PG29  26338.347082  -4097.368487    -20.551140   -251.765255  2  6  2 236       
PG30  -8536.940360  13436.126918 -21026.798417    348.700678  6  5  6 213       
PG31  -5633.523291 -21416.076427  14147.473499   -124.000690  5  9  7 227       
PG32  13724.443427 -15285.695124  17015.080753    245.250531  5  3  4 217       
*  2026  8 31 20 15  0.00000000
PG01 -20836.191610 -14620.587712   7736.715538    183.344972  6  8  6 203       
PG02 -20708.502069 -17118.002714   -949.476410    167.571157  7  8  5 222       
PG03 -12844.257788  -7154.951454  21917.313920    292.999652  4  6  4 231       
PG04 -24028.631883  -1821.361298  11402.095847     64.610530  4  5  5 213       
PG05   7249.800921  19873.181263 -16220.613096   -236.429603  7  8  6 193       
PG06  -2855.473265  16478.577133  20659.730965   -536.073392  5  6  5 241       
PG07 -19350.502678   -871.607141 -17703.739951   -220.570074  4  2  4 273       
PG08 -16877.869342  -8650.936604 -18980.781320    359.000119  6  4  4 212       
PG09 -25503.491733   7450.539010   1311.474168    689.049584  3  6  2 239       
PG10  11118.507671 -22393.997435  -8145.245796   -541.515950  5  6  6 236       
PG11   8336.061756  21629.485086  13107.741977   -224.417064  6  8  4 206       
PG12  12633.618728   9336.081429  21132.237468   -603.081253  3  3  3 199       
PG13  12498.557899  11129.044662  20544.168157    436.290263  9 12  1 272       
PG14 -13185.242641  20048.666414 -10916.837338    750.061059  4  4  1 200       
PG15  17914.605804   6430.785499 -19094.158718    441.037544  7  7  2 208       
PG16  -1602.780069 -23338.563847 -12557.013120    325.803870  7  6  5 238       
PG17 -20365.413469  13223.497438  11453.871094   -195.547287  5  5  3 229       
PG18  18084.066088   -928.226267 -19468.432896   -267.066475  6  6  5 198       
PG19  -9459.744726  15584.456416  19076.617779    704.909352  6  2  4 214       
PG20   8126.973621  13146.817349 -21538.572366    274.830991  8  8  5 237       
PG21  -1758.562690  25613.112314  -6721.626883    372.415288  1  7  4 239       
PG22 -10632.647367  24239.804278  -3423.799120     70.745626  4  6  4 208       
PG23  14614.240622 -13489.845876 -17369.648311    684.684894  5  6  4 181       
PG24  21517.956047  15870.355538    257.346637    186.822223  6  8  4 221       
PG25  15889.520331  -4161.108171  20432.744773    392.856785  5  6  1 202       
PG26   2962.330345 -26165.564769   -544.331472   -391.264030  6  5  4 213       
PG27  -4329.845010 -15014.596243 -21838.998852      0.461444  7  3  6 179       
PG28   5079.427511 -15229.270022  21157.476331   -426.941911  3  5  7 180       
PG29  26224.688767  -3824.897489   2815.954872   -251.758612  2  6  2 231       
PG30 -10329.425622  11730.977510 -21262.301968    348.711780  6  5  6 214       
PG31  -4241.015958 -20262.166143  16172.898554   -123.998119  3  8  6 226       
PG32  15495.380672 -15605.615779  15042.276438    245.267555  5  3  3 218       
*  2026  8 31 20 30  0.00000000
PG01 -21169.792889 -15315.392831   5019.881769    183.336783  6  8  6 203       
PG02 -20341.106916 -17104.840128  -3754.394437    167.577510  7  8  6 223       
PG03 -12272.810173  -9598.695857  21316.086848    292.981178  4  6  4 232       
PG04 -22707.191991  -2386.257240  13751.968569     64.610844  4  4  5 212       
PG05   6849.294324  21535.894979 -14111.195656   -236.429853  7  7  6 192       
PG06  -4650.305474  14887.686143  21538.932170   -536.063899  5  5  5 242       
PG07 -20761.511281  -2337.997298 -15982.160453   -220.573091  5  3  4 273       
PG08 -14877.495109  -9555.913508 -20152.024122    358.990934  7  4  3 211       
PG09 -25279.127059   7122.265460   4151.500590    689.041800  3  5  2 239       
PG10  11046.284298 -21256.753309 -10803.764835   -541.509688  5  6  6 236       
PG11   7047.334854  20645.682954  15273.443032   -224.406295  5  7  4 202       
PG12  11915.863861  11664.635734  20388.179919   -603.080990  3  4  3 181       
PG13  12028.677423  13387.208017  19449.917168    436.294628 10 12  1 272       
PG14 -13160.756398  18608.483465 -13254.539679    750.060896  4  4  1 197       
PG15  16082.751772   7564.028159 -20306.278771    441.039833  7  6  2 223       
PG16  -1012.667055 -24475.325256 -10103.476572    325.810003  7  6  5 236       
PG17 -21493.452613  13317.690462   8951.641543   -195.551647  5  5  3 229       
PG18  19592.215412    598.957949 -17996.496121   -267.058468  7  6  6 199       
PG19 -11566.906640  15892.166295  17555.233536    704.908928  6  3  5 197       
PG20   5792.076669  14010.080321 -21748.310448    274.839396  8  8  5 237       
PG21  -2124.938435  26157.751877  -3942.776570    372.408245  2  7  4 240       
PG22 -10696.507139  23614.968893  -6183.449945     70.753444  4  6  4 205       
PG23  14346.196561 -11402.150905 -19028.602283    684.688159  5  6  4 179       
PG24  21291.183806  16075.222847  -2524.114957    186.837839  6  8  3 222       
PG25  15541.689649  -1720.609669  21053.031371    392.853584  5  6  1 202       
PG26   3329.944364 -26003.212911   2265.848547   -391.265364  6  5  4 213       
PG27  -2044.536670 -15789.248186 -21582.762229      0.462001  7  3  6 208       
PG28   6985.189625 -13690.137708  21662.180518   -426.932422  3  5  6 176       
PG29  25817.805965  -3469.431201   5604.482666   -251.752331  2  5  2 234       
PG30 -12203.464888  10111.220107 -21124.819705    348.722888  5  4  5 214       
PG31  -2634.535872 -19031.741350  17910.698095   -123.995679  1  8  6 229       
PG32  17025.254154 -15943.260827  12813.057111    245.284563  5  3  3 218       
*  2026  8 31 20 45  0.00000000
PG01 -21307.933482 -15782.542969   2217.097139    183.328512  7  9  6 201       
PG02 -19710.214679 -16945.228907  -6496.654276    167.583800  8  8  5 221       
PG03 -11856.084260 -11980.372931  20341.517735    292.962693  4  5  4 233       
PG04 -21180.835535  -3107.896324  15867.647791     64.611137  4  5  4 212       
PG05   6564.779806  22968.625114 -11761.182694   -236.430490  7  7  6 201       
PG06  -6590.904704  13350.814177  22048.895390   -536.054392  5  5  5 242       
PG07 -22072.571959  -3594.136667 -13977.431336   -220.576161  6  4  4 272       
PG08 -12820.565777 -10608.559615 -20986.060663    358.981723  7  4  4 211       
PG09 -24781.608992   6654.864087   6920.296077    689.034027  3  5  2 239       
PG10  10993.937634 -19824.642824 -13270.320919   -541.503470  5  5  5 236       
PG11   5533.885676  19581.950099  17178.373723   -224.395401  5  6  4 200       
PG12  11340.293504  13922.327262  19284.400733   -603.080136  4  4  3 187       
PG13  11690.714951  15523.827018  18018.668181    436.298994 10 12  3 271       
PG14 -13166.748794  16919.374093 -15359.071418    750.060720  4  4  1 196       
PG15  14214.773849   8848.728579 -21185.203295    441.042645  7  6  2 221       
PG16   -542.383765 -25362.338005  -7474.873024    325.815898  7  6  6 236       
PG17 -22344.264126  13376.416663   6299.836628   -195.556073  5  4  3 228       
PG18  21036.473197   1924.433289 -16216.588166   -267.050501  7  6  6 201       
PG19 -13475.936898  16251.940510  15724.649782    704.909218  6  3  5 202       
PG20   3503.211767  14994.798214 -21581.742946    274.847812  7  8  4 237       
PG21  -2411.636127  26405.975164  -1095.896581    372.401200  3  6  4 241       
PG22 -10725.450549  22695.074480  -8837.729522     70.761210  4  5  4 202       
PG23  14174.917169  -9134.995880 -20354.823641    684.691392  6  6  4 181       
PG24  20815.491008  16125.698012  -5263.320723    186.853575  6  8  3 225       
PG25  15307.435664    781.549909  21297.025000    392.850474  5  6  1 201       
PG26   3693.970132 -25540.007921   5035.901335   -391.266662  6  5  4 214       
PG27    157.841459 -16662.554944 -20965.808515      0.462363  7  3  6 225       
PG28   8997.688522 -12231.584519  21794.166421   -426.922810  3  5  5 175       
PG29  25135.698007  -2998.108693   8297.468540   -251.746003  2  5  3 237       
PG30 -14121.471820   8606.970340 -20617.570254    348.734001  4  3  4 214       
PG31   -828.571194 -17768.483650  19329.870427   -123.992975  1  7  5 224       
PG32  18293.672014 -16260.309614  10364.639670    245.301538  4  3  3 220       
*  2026  8 31 21  0  0.00000000
PG01 -21220.425529 -16043.776513   -623.641195    183.320214  8  9  6 202       
PG02 -18804.981054 -16674.971383  -9129.931521    167.590257  8  7  5 226       
PG03 -11588.398440 -14248.830182  19011.228825    292.944181  5  4  4 237       
PG04 -19490.354601  -4001.294899  17712.910938     64.611449  4  5  4 209       
PG05   6367.327431  24139.009622  -9210.276276   -236.430912  7  7  6 208       
PG06  -8642.934691  11904.946930  22181.396201   -536.044885  5  5  6 243       
PG07 -23241.370173  -4639.553149 -11726.933298   -220.579046  6  4  4 265       
PG08 -10750.871004 -11799.793234 -21467.892663    358.972552  7  4  4 211       
PG09 -24036.880994   6019.987693   9570.190020    689.026234  3  4  2 238       
PG10  10999.111874 -18121.615157 -15500.794884   -541.497199  4  5  5 235       
PG11   3807.356108  18480.671518  18790.012498   -224.384594  5  5  4 201       
PG12  10902.361427  16060.905265  17840.795652   -603.079453  4  4  4 190       
PG13  11470.246170  17494.701676  16275.293610    436.303324 11 12  4 270       
PG14 -13234.162815  15010.105421 -17193.634911    750.060486  5  4  1 192       
PG15  12352.826815  10271.570498 -21717.197310    441.045298  8  6  3 220       
PG16   -163.340301 -25971.570386  -4716.001266    325.821746  7  6  6 238       
PG17 -22913.205086  13361.459391   3542.428266   -195.560208  5  4  3 229       
PG18  22372.266691   3042.596359 -14159.814029   -267.042600  7  7  6 201       
PG19 -15155.961399  16629.937543  13616.173020    704.909436  6  3  5 200       
PG20   1304.727521  16079.219851 -21041.804371    274.856189  7  8  4 238       
PG21  -2654.643849  26346.453105   1769.893613    372.394203  4  6  3 242       
PG22 -10756.564310  21487.987347 -11340.754560     70.769295  3  5  3 209       
PG23  14123.757508  -6732.845478 -21325.731195    684.694665  6  7  4 175       
PG24  20080.903019  16056.168217  -7914.892138    186.869302  6  8  4 225       
PG25  15195.248395   3295.900092  21160.991478    392.847383  5  6  1 204       
PG26   4088.463104 -24782.869142   7716.593439   -391.267981  6  4  4 214       
PG27   2238.603454 -17609.008573 -19996.938116      0.463074  7  3  6 242       
PG28  11078.354710 -10883.999135  21551.238087   -426.913160  3  5  5 179       
PG29  24203.855404  -2382.406536  10848.900215   -251.739494  3  5  3 225       
PG30 -16041.981427   7241.543784 -19750.320515    348.745123  3  3  3 212       
PG31   1154.044956 -16514.263563  20405.264245   -123.990329  2  6  5 215       
PG32  19288.551278 -16516.497204   7738.257314    245.318557  4  4  3 220       
*  2026  8 31 21 15  0.00000000
PG01 -20883.210789 -16127.019404  -3453.706904    183.311968  8  8  6 201       
PG02 -17622.822241 -16332.037947 -11609.173847    167.596534  8  7  5 224       
PG03 -11455.612097 -16355.907381  17349.089706    292.925704  5  3  5 238       
PG04 -17680.078913  -5073.651907  19256.045228     64.611744  4  5  4 209       
PG05   6223.122493  25022.032643  -6501.743066   -236.431294  7  6  6 210       
PG06 -10766.251004  10580.916563  21934.650508   -536.035376  5  4  6 243       
PG07 -24228.425694  -5482.283560  -9271.854523   -220.581594  7  5  4 270       
PG08  -8710.792283 -13112.937250 -21588.208626    358.963360  7  4  4 209       
PG09 -23077.424910   5195.313611  12055.416436    689.018483  2  4  3 237       
PG10  11095.078268 -16180.199931 -17455.322428   -541.490953  4  5  5 235       
PG11   1887.568546  17382.601079  20080.802426   -224.373751  5  4  4 201       
PG12  10589.591104  18035.038657  16083.320532   -603.079029  4  4  4 180       
PG13  11345.824265  19260.200937  14250.090037    436.307693 11 12  5 269       
PG14 -13388.988963  12916.158570 -18726.345646    750.060282  5  4  2 193       
PG15  10536.487140  11812.144207 -21893.960686    441.048009  8  6  3 221       
PG16    157.350278 -26282.612830  -1874.492794    325.828012  7  6  6 234       
PG17 -23203.873897  13235.349393    725.431494   -195.564465  5  4  2 229       
PG18  23556.288767   3956.361235 -11861.817208   -267.034580  8  7  6 199       
PG19 -16583.771968  16988.605448  11266.362961    704.909962  5  3  5 213       
PG20   -763.519502  17234.790105 -20137.917364    274.864569  7  8  4 239       
PG21  -2891.426810  25976.699720   4605.149647    372.387210  5  5  3 243       
PG22 -10825.282843  20010.138860 -13648.817082     70.777303  3  4  3 211       
PG23  14208.419398  -4244.398218 -21925.103413    684.697924  6  7  4 176       
PG24  19084.988431  15903.160354 -10435.380514    186.885104  6  9  4 223       
PG25  15205.582408   5772.401725  20648.216866    392.844320  5  6  2 203       
PG26   4545.601667 -23747.310898  10260.123701   -391.269283  6  4  4 216       
PG27   4164.001156 -18597.158711 -18690.819934      0.462225  7  3  6 223       
PG28  13184.202258  -9670.964000  20937.643546   -426.903516  2  5  4 179       
PG29  23054.299101  -1599.433972  13215.086533   -251.732933  4  5  3 222       
PG30 -17921.157418   6030.726076 -18539.144584    348.756226  3  3  3 211       
PG31   3282.848350 -15307.483852  21118.062373   -123.987667  3  6  5 210       
PG32  20006.484120 -16671.272371   4978.514143    245.335549  4  4  3 221       
*  2026  8 31 21 30  0.00000000
PG01 -20279.399585 -16065.149576  -6224.664323    183.303731  8  8  6 200       
PG02 -16169.760043 -15955.039096 -13891.350583    167.602576  8  7  5 213       
PG03 -11435.821096 -18258.147448  15384.738669    292.907237  6  2  5 239       
PG04 -15796.276214  -6323.882580  20470.389650     64.612011  4  5  4 210       
PG05   6094.921782  25600.926016  -3681.713384   -236.431277  7  6  6 197       
PG06 -12916.286253   9402.344042  21313.311583   -536.025862  5  4  6 244       
PG07 -24998.576646  -6138.212166  -6656.319438   -220.584774  7  5  4 268       
PG08  -6739.854815 -14524.170590 -21343.608866    358.954226  7  5  5 208       
PG09 -21941.006524   4165.625481  14332.912728    689.010675  2  2  3 238       
PG10  11309.233583 -14040.353955 -19099.085831   -541.484649  3  5  4 235       
PG11   -198.030843  16325.309243  21028.612689   -224.362917  5  3  3 206       
PG12  10382.228937  19803.943233  14043.466308   -603.078333  5  3  4 181       
PG13  11289.950732  20786.644933  11978.237300    436.312049 12 11  6 268       
PG14 -13651.120037  10678.475833 -19930.801466    750.060047  5  4  2 195       
PG15   8801.456808  13443.564308 -21712.717253    441.050729  8  6  4 222       
PG16    455.404268 -26283.555660   1000.011403    325.833686  7  5  6 237       
PG17 -23227.925553  12962.935580  -2103.789963   -195.568628  6  4  2 231       
PG18  24548.109899   4676.816107  -9362.151281   -267.026579  8  7  6 201       
PG19 -17744.615810  17288.272253   8716.387802    704.909572  5  3  5 198       
PG20  -2667.516768  18427.205611 -18885.821909    274.872943  6  7  5 240       
PG21  -3159.271867  25303.188361   7360.962794    372.380227  5  5  3 243       
PG22 -10963.843760  18286.093608 -15721.175620     70.785201  3  4  3 210       
PG23  14436.305423  -1720.853298 -22143.321924    684.701234  6  7  4 171       
PG24  17832.997787  15703.843436 -12783.867412    186.900851  6  9  5 223       
PG25  15330.893154   8162.255890  19768.881001    392.841265  5  6  2 203       
PG26   5094.168778 -22456.908160  12621.065002   -391.270615  6  4  4 216       
PG27   5906.346564 -19590.716957 -17067.871658      0.462633  6  3  6 239       
PG28  15269.328720  -8608.470347  19963.997259   -426.893984  2  6  4 182       
PG29  21724.382224   -633.017410  15355.394631   -251.726673  4  5  3 226       
PG30 -19714.391316   4982.357571 -17006.067213    348.767343  2  3  4 211       
PG31   5520.775702 -14181.584016  21456.126073   -123.985289  3  5  4 216       
PG32  20452.780764 -16685.498695   2132.661140    245.352532  4  5  3 221       
*  2026  8 31 21 45  0.00000000
PG01 -19400.045968 -15894.580672  -8889.084518    183.295441  8  8  6 199       
PG02 -14460.461555 -15581.652308 -15936.208697    167.608935  8  6  5 215       
PG03 -11500.368461 -19918.316833  13153.001133    292.888762  6  2  6 240       
PG04 -13885.485707  -7742.470783  21334.799857     64.612348  5  5  3 209       
PG05   5943.656878  25867.772699   -798.420691   -236.431170  7  5  6 193       
PG06 -15045.605180   8384.870414  20328.362765   -536.016290  6  4  7 245       
PG07 -25522.268141  -6630.118354  -3926.511829   -220.587681  7  5  5 269       
PG08  -4873.375980 -16003.259598 -20736.750369    358.945015  7  5  5 208       
PG09 -20669.223485   2923.626040  16363.080632    689.002925  3  2  3 237       
PG10  11661.851838 -11748.006096 -20402.996946   -541.478389  4  5  3 234       
PG11  -2415.219406  15341.763912  21617.113075   -224.352072  6  3  3 206       
PG12  10254.198431  21332.823860  11757.629597   -603.077474  5  3  4 185       
PG13  11270.291965  22047.461467   9499.171066    436.316387 12 11  7 267       
PG14 -14033.468711   8342.001477 -20786.536847    750.059862  6  4  3 194       
PG15   7178.411673  15133.316782 -21176.245854    441.053625  8  6  4 217       
PG16    767.755298 -25971.551421   3856.761045    325.839690  7  5  6 236       
PG17 -23004.596440  12512.898580  -4897.261480   -195.572911  7  4  2 231       
PG18  25311.683431   5222.573425  -6703.600218   -267.018592  8  7  6 203       
PG19 -18632.648364  17488.851277   6011.266658    704.909612  6  4  5 197       
PG20  -4380.215102  19617.707138 -17307.292312    274.881341  6  7  5 240       
PG21  -3493.641211  24341.132566   9989.810486    372.373272  6  5  3 244       
PG22 -11199.851959  16347.805743 -17520.822492     70.792945  3  4  2 205       
PG23  14806.219009    785.905987 -21977.487252    684.704504  7  7  4 172       
PG24  16337.737385  15494.543962 -14922.506691    186.916523  6  9  5 219       
PG25  15556.018967  10419.647310  18539.783599    392.838288  5  6  3 206       
PG26   5758.171516 -20942.437133  14757.264512   -391.271937  6  5  4 217       
PG27   7444.925475 -20549.873023 -15154.047314      0.462559  6  3  6 240       
PG28  17286.535153  -7704.436732  18647.094142   -426.884311  2  5  4 180       
PG29  20255.398207    525.468335  17232.942925   -251.720269  5  4  3 227       
PG30 -21377.928217   4096.243731 -15178.603586    348.778446  3  4  4 212       
PG31   7825.469578 -13163.769791  21414.192747   -123.982579  3  5  4 210       
PG32  20641.181093 -16523.132515   -750.197424    245.369504  4  5  4 222       
*  2026  8 31 22  0  0.00000000
PG01 -18244.629244 -15653.719396 -11401.344633    183.287009  8  8  6 199       
PG02 -12517.960554 -15247.061199 -17707.022560    167.615326  8  6  4 217       
PG03 -11615.125366 -21306.676932  10693.220124    292.870262  7  2  6 241       
PG04 -11992.846344  -9311.648097  21834.027721     64.612634  5  5  2 209       
PG05   5730.124015  25823.785771   2098.607741   -236.431945  7  5  6 200       
PG06 -17105.570942   7535.703358  18996.909406   -536.006737  6  4  7 246       
PG07 -25776.603381  -6986.485088  -1129.813606   -220.590468  7  6  5 272       
PG08  -3141.260816 -17514.549373 -19776.403816    358.935811  7  5  6 208       
PG09 -19305.910560   1470.446261  18110.494963    688.995232  3  2  3 236       
PG10  12165.144530  -9353.363175 -21344.253544   -541.472066  4  5  3 235       
PG11  -4724.105266  14459.097747  21836.055584   -224.341218  6  3  3 204       
PG12  10174.311751  22594.074503   9266.396056   -603.076807  5  3  5 185       
PG13  11251.092423  23024.072215   6855.881139    436.320727 12 11  8 266       
PG14 -14541.382533   5954.077396 -21279.354715    750.059676  6  3  3 193       
PG15   5692.030026  16844.308564 -20292.853759    441.056211  7  5  4 222       
PG16   1130.863389 -25353.028074   6644.856000    325.845614  7  4  6 236       
PG17 -22559.949644  11859.150043  -7607.171403   -195.576997  7  4  2 235       
PG18  25816.689844   5618.841720  -3931.458836   -267.010651  9  7  5 201       
PG19 -19251.025927  17551.588037   3199.015394    704.910090  6  4  5 209       
PG20  -5882.372649  20764.557680 -15429.747567    274.889755  5  6  5 241       
PG21  -3926.600333  23113.940172  12446.381458    372.366355  6  4  2 244       
PG22 -11555.012500  14233.584219 -19015.210045     70.801154  4  3  2 212       
PG23  15308.418579   3225.139505 -21431.408505    684.707776  7  7  4 171       
PG24  14619.189012  15309.322873 -16817.009085    186.932176  7  9  6 220       
PG25  15858.886686  12503.349119  16983.935327    392.835242  5  6  4 207       
PG26   6555.660717 -19240.725840  16630.677998   -391.273287  5  5  4 217       
PG27   8766.663563 -21432.780668 -12980.526575      0.462623  5  4  6 243       
PG28  19189.004490  -6958.548710  17009.618508   -426.874606  3  6  4 180       
PG29  18691.046657   1876.555673  18815.238450   -251.713697  5  4  3 240       
PG30 -22870.454586   3364.388822 -13089.208887    348.789554  3  4  5 212       
PG31  10150.798732 -12274.020411  20993.924801   -123.979740  3  5  4 207       
PG32  20593.239980 -16152.809992  -3619.955323    245.386503  4  5  4 222       
*  2026  8 31 22 15  0.00000000
PG01 -16821.223047 -15381.355586 -13718.397781    183.278781  8  7  6 198       
PG02 -10373.058778 -14982.467402 -19171.322215    167.621784  8  6  4 225       
PG03 -11741.987178 -22401.959433   8048.515110    292.851758  7  2  7 244       
PG04 -10160.482477 -11005.895721  21959.008135     64.612943  6  4  2 207       
PG05   5416.695531  25479.248563   4959.396521   -236.432020  7  5  6 192       
PG06 -19048.060451   6853.493616  17341.874828   -535.997151  6  4  8 247       
PG07 -25746.127472  -7240.125638   1686.023632   -220.593900  8  6  5 267       
PG08  -1566.991587 -19018.185210 -18477.415303    358.926599  7  5  6 214       
PG09 -17895.463494   -184.172333  19544.546150    688.987496  4  2  3 234       
PG10  12822.669968  -6909.050794 -21906.755515   -541.465691  4  5  3 234       
PG11  -7080.454317  13697.608587  21681.458379   -224.330391  6  4  3 202       
PG12  10107.684730  23568.190459   6613.755259   -603.076291  5  3  5 180       
PG13  11194.727456  23706.475051   4094.149145    436.325119 13 10  8 265       
PG14 -15172.377704   3562.760087 -21401.531903    750.059487  6  3  3 191       
PG15   4360.232288  18536.087369 -19076.291730    441.059138  7  5  5 212       
PG16   1579.017208 -24443.533889   9314.242938    325.851602  6  4  6 238       
PG17 -21925.862066  10982.062344 -10186.671674   -195.581651  8  4  2 229       
PG18  26039.672284   5896.256629  -1092.784528   -267.002724  9  7  5 200       
PG19 -19611.630857  17440.771992    329.716239    704.910121  6  4  4 196       
PG20  -7163.091809  21824.648046 -13285.762745    274.898132  5  6  5 241       
PG21  -4485.382387  21652.362161  14688.360733    372.359382  6  3  2 244       
PG22 -12044.088035  11986.800332 -20176.917726     70.808819  4  3  2 206       
PG23  15925.019188   5549.016540 -20515.471590    684.711078  7  7  3 188       
PG24  12703.893159  15178.658609 -18437.071019    186.947816  7  8  6 220       
PG25  16211.504611  14378.124212  15130.029954    392.832220  5  6  4 207       
PG26   7497.803919 -17393.263778  18208.115660   -391.274617  5  5  4 218       
PG27   9866.513143 -22197.162898 -10583.301844      0.462538  5  4  6 241       
PG28  20931.974288  -6362.424974  15079.752974   -426.864975  4  5  4 182       
PG29  17075.814056   3412.449964  20074.747539   -251.707328  5  5  3 246       
PG30 -24154.586637   2771.537457 -10774.652305    348.800706  4  4  5 211       
PG31  12448.527404 -11524.412758  20203.812294   -123.977333  3  5  4 212       
PG32  20337.404875 -15549.276836  -6426.398748    245.403560  4  5  5 223       
*  2026  8 31 22 30  0.00000000
PG01 -15146.344771 -15115.046627 -15800.501201    183.270502  8  7  6 200       
PG02  -8063.417533 -14813.736487 -20301.582449    167.628220  8  6  4 228       
PG03 -11840.521664 -23192.011471   5264.986310    292.833222  8  3  7 244       
PG04  -8426.007923 -12792.753236  21707.046639     64.613255  6  5  2 206       
PG05   4968.985658  24853.114360   7734.390122   -236.432716  7  4  6 205       
PG06 -20827.165287   6328.543672  15391.605995   -535.987575  6  4  8 248       
PG07 -25423.326474  -7426.688772   4473.661353   -220.596685  8  6  4 269       
PG08   -166.853339 -20471.524571 -16860.566038    358.917389  7  5  6 211       
PG09 -16481.146665  -2022.032742  20640.003371    688.979793  5  2  4 232       
PG10  13629.115666  -4468.170012 -22081.372315   -541.459383  5  6  2 235       
PG11  -9437.188468  13070.031057  21155.688493   -224.319566  6  4  3 202       
PG12  10017.293890  24244.360418   3846.266681   -603.075692  5  4  5 180       
PG13  11063.333570  24093.501139   1261.740272    436.329454 13 10  9 264       
PG14 -15916.199048   1215.127382 -21151.897764    750.059275  5  3  4 190       
PG15   3193.657271  20166.194598 -17545.608957    441.061719  7  5  5 217       
PG16   2142.705075 -23267.211398  11816.723631    325.857451  6  5  6 239       
PG17 -21138.785129   9869.477017 -12590.693604   -195.585359  8  4  1 239       
PG18  25964.923736   6089.516594   1764.368984   -266.994764  9  7  5 200       
PG19 -19734.439492  17125.336904  -2545.465070    704.910169  7  4  4 194       
PG20  -8220.029727  22755.166796 -10912.490849    274.906532  4  6  6 242       
PG21  -5191.145576  19993.369585  16677.160517    372.352451  6  3  2 244       
PG22 -12674.129447   9654.383022 -20984.241409     70.816754  4  3  2 205       
PG23  16630.721189   7714.253438 -19246.392816    684.714300  7  7  3 169       
PG24  10624.119191  15128.276147 -19756.749778    186.963502  7  8  6 221       
PG25  16581.194707  16015.869625  13011.816348    392.829164  6  6  5 210       
PG26   8588.253006 -15444.631070  19461.879879   -391.275936  4  5  3 219       
PG27  10747.537800 -22801.978580  -8002.661246      0.463002  5  4  6 251       
PG28  22474.340120  -5900.102681  12890.693998   -426.855352  5  5  4 184       
PG29  15453.330158   5117.117190  20989.389391   -251.700806  5  4  3 244       
PG30 -25198.203445   2295.996725  -8275.330606    348.811829  5  4  6 212       
PG31  14670.061783 -10918.786405  19058.936410   -123.974733  2  5  4 209       
PG32  19907.817708 -14694.598573  -9120.126424    245.420584  5  6  5 224       
*  2026  8 31 22 45  0.00000000
PG01 -13244.490135 -14889.558040 -17611.890997    183.262346  8  7  6 202       
PG02  -5632.363246 -14760.237593 -21075.852984    167.634467  8  6  4 226       
PG03 -11869.701723 -23674.090467   2390.881712    292.814679  8  4  7 244       
PG04  -6821.205712 -14633.906517  21081.902598     64.613553  6  4  3 206       
PG05   4357.403939  23972.277492  10375.327730   -236.432689  6  4  6 193       
PG06 -22400.815624   5943.339082  13179.395546   -535.978021  7  5  8 249       
PG07 -24808.835651  -7583.102524   7186.902333   -220.599710  8  6  4 269       
PG08   1050.569763 -21830.691087 -14952.324550    358.908176  7  5  7 214       
PG09 -15103.451103  -4016.972166  21377.486168    688.972087  5  3  4 231       
PG10  14570.460207  -2082.353627 -21866.058227   -541.453013  5  6  2 236       
PG11 -11746.000059  12581.107590  20267.441003   -224.308696  6  5  3 201       
PG12   9865.609581  24620.720166   1012.196461   -603.075184  4  4  6 189       
PG13  10820.451172  24192.738436  -1592.435555    436.333793 13 10  9 263       
PG14 -16755.199790  -1044.357642 -20535.788688    750.059086  5  3  4 191       
PG15   2195.394404  21691.609829 -15724.945226    441.064714  6  5  5 208       
PG16   2847.129649 -21855.915596  14106.946761    325.863665  5  5  6 235       
PG17 -20238.320798   8517.446309 -14776.764864   -195.589951  8  5  2 234       
PG18  25585.095294   6235.874850   4591.725536   -266.986796  9  7  5 201       
PG19 -19646.559974  16580.278245  -5375.288500    704.910251  7  4  4 193       
PG20  -9059.275854  23515.269027  -8351.006195    274.914922  4  5  6 243       
PG21  -6057.972473  18178.802485  18378.584267    372.345452  6  3  2 244       
PG22 -13444.018510   7285.158253 -21421.686727     70.824762  5  3  3 208       
PG23  17393.832966   9683.561634 -17646.866770    684.717606  7  7  3 169       
PG24   8416.851061  15178.156794 -20754.787015    186.979144  7  8  6 221       
PG25  16932.007083  17396.463538  10667.390700    392.826155  6  6  5 211       
PG26   9822.833991 -13440.815874  20370.279137   -391.277264  3  5  3 219       
PG27  11420.682720 -23209.086861  -5282.568577      0.462408  5  5  6 242       
PG28  23780.128463  -5548.822485  10480.082209   -426.845740  6  5  4 185       
PG29  13864.762467   6966.693393  21542.942833   -251.694329  5  5  3 243       
PG30 -25975.576454   1910.701477  -5634.536450    348.823005  6  5  6 212       
PG31  16768.200007 -10452.757723  17580.604686   -123.972065  3  5  4 205       
PG32  19342.885864 -13579.096633 -11653.475920    245.437627  5  6  5 225       
*  2026  8 31 23  0  0.00000000
PG01 -11147.369454 -14735.420090 -19121.392479    183.254094  9  6  6 260       
PG02  -3127.444105 -14833.931817 -21478.308783    167.640697  8  7  4 261       
PG03 -11789.653216 -23854.802801   -524.256287    292.796154  8  5  7 234       
PG04  -5370.934895 -16486.516118  20093.764067     64.613880  6  4  4 203       
PG05   3558.532658  22870.540946  12836.108360   -236.432768  6  5  5 197       
PG06 -23732.267663   5673.381178  10742.927601   -535.968431  7  5  9 250       
PG07 -23911.361269  -7746.014489   9781.359154   -220.602766  8  6  4 270       
PG08   2084.601471 -23052.214323 -12784.487851    358.899011  7  5  7 264       
PG09 -13798.568088  -6135.670051  21743.833970    688.964358  5  3  5 233       
PG10  15624.503439    200.095742 -21265.816988   -541.446677  5  6  2 237       
PG11 -13959.022651  12227.476058  19031.613661   -224.297849  6  5  4 199       
PG12   9616.237948  24704.264179  -1839.356048   -603.074121  4  5  6 189       
PG13  10432.614729  24020.126466  -4419.177390    436.338142 13  9  9 262       
PG14 -17665.021696  -3175.362076 -19564.884048    750.058934  5  3  4 193       
PG15   1360.984546  23070.241721 -13643.256961    441.067226  5  4  5 205       
PG16   3710.936580 -20248.009418  16143.353906    325.869614  5  6  5 238       
PG17 -19265.663784   6930.670479 -16705.811610   -195.594185  9  5  2 233       
PG18  24901.505015   6373.543737   7341.558148   -266.978849  9  7  5 194       
PG19 -19380.982999  15787.824588  -8109.448096    704.910452  7  4  3 194       
PG20  -9694.903226  24067.678768  -5645.581772    274.923347  3  5  6 243       
PG21  -7092.150521  16253.843391  19763.412567    372.338523  5  4  2 245       
PG22 -14344.349122   4928.097624 -21480.349374     70.832765  5  3  4 211       
PG23  18177.544031  11426.853807 -15745.118733    684.720902  7  7  4 179       
PG24   6122.621428  15341.757980 -21414.882088    186.994824  7  8  6 221       
PG25  17226.254115  18508.288861   8138.429909    392.823139  6  6  6 215       
PG26  11189.571044 -11427.493315  20918.006796   -391.278578  3  5  3 218       
PG27  11904.230717 -23384.842328  -2469.944751      0.462393  6  5  5 263       
PG28  24819.782931  -5280.082261   7889.357139   -426.836106  7  5  4 192       
PG29  12347.310438   8930.203440  21725.357648   -251.687855  4  5  3 231       
PG30 -26468.256185   1584.477118  -2897.696199    348.834181  7  5  6 211       
PG31  18698.813986 -10114.075633  15795.872011   -123.969564  4  5  5 199       
PG32  18683.678309 -12201.965843 -13981.434905    245.454685  5  6  5 261       
*  2026  8 31 23 15  0.00000000
PG01  -8892.873362 -14677.655985 -20302.956053    183.245853  9  6  6 263       
PG02   -598.787973 -15038.756849 -21499.699125    167.647069  8  7  4 259       
PG03 -11563.349526 -23749.694478  -3430.448496    292.777568  9  5  8 234       
PG04  -4092.307777 -18304.737669  18759.112052     64.614191  6  4  5 202       
PG05   2556.270655  21587.318362  15073.629020   -236.432784  6  5  5 194       
PG06 -24791.400115   5488.289119   8123.655519   -535.958848  8  6  9 251       
PG07 -22747.329280  -7950.282610  12215.060757   -220.605659  8  6  4 271       
PG08   2942.368758 -24094.693020 -10393.710518    358.889887  7  5  7 262       
PG09 -12597.039522  -8338.745214  21732.364718    688.956642  5  4  5 232       
PG10  16761.737501   2335.909127 -20292.521996   -541.440315  6  6  2 239       
PG11 -16030.495839  11997.879432  17469.077503   -224.287020  5  5  4 200       
PG12   9235.505990  24510.425296  -4659.324166   -603.073477  5  6  6 188       
PG13   9870.827835  23599.240112  -7169.846229    436.342532 13  9 10 261       
PG14 -18615.544384  -5143.020867 -18256.931483    750.058753  4  3  4 193       
PG15    678.694536  24262.417249 -11333.973541    441.069994  4  4  6 204       
PG16   4745.218444 -18486.886346  17889.050688    325.875598  4  6  5 237       
PG17 -18261.968476   5122.604030 -18342.927744   -195.598322  9  6  2 236       
PG18  23924.137229   6540.069945   9967.448861   -266.970862  9  6  5 194       
PG19 -18975.102018  14738.311802 -10699.552506    704.910496  8  4  3 193       
PG20 -10148.212863  24380.162624  -2842.914039    274.931685  3  5  6 244       
PG21  -8291.761934  14265.374631  20807.900998    372.331496  4  4  2 246       
PG22 -15357.659425   2630.547617 -21158.167474     70.840926  6  3  4 218       
PG23  18941.396156  12922.166405 -13574.372993    684.724137  7  7  4 180       
PG24   3784.230552  15625.466479 -21725.915885    187.010424  7  7  6 222       
PG25  17426.099117  19348.421893   5469.386613    392.820041  7  6  6 215       
PG26  12669.041300  -9448.339977  21096.378256   -391.279907  2  5  3 219       
PG27  12222.957186 -23301.552982    386.140688      0.461880  5  5  5 259       
PG28  25571.214770  -5060.918193   5163.047218   -426.826480  8  4  4 191       
PG29  10932.857920  10970.564603  21532.962998   -251.681429  4  5  4 231       
PG30 -26665.687071   1283.448118   -111.591167    348.845358  8  5  7 212       
PG31  20422.396351  -9883.297068  13736.963661   -123.967134  5  4  5 203       
PG32  17972.212041 -10571.541767 -16062.515194    245.471708  5  6  5 259       
*  2026  8 31 23 30  0.00000000
PG01  -6523.806016 -14734.730939 -21136.109568    183.237601  9  6  5 255       
PG02   1902.676282 -15370.344503 -21137.674868    167.653417  9  7  4 257       
PG03 -11158.188170 -23382.515026  -6278.125855    292.758976  9  6  8 234       
PG04  -2994.171093 -20041.377657  17100.473714     64.614487  6  4  6 201       
PG05   1342.694421  20166.119725  17048.578355   -236.433037  6  6  5 196       
PG06 -25555.772185   5353.129577   5366.120513   -535.949270  8  6  9 252       
PG07 -21340.281852  -8227.565372  14448.997256   -220.608709  8  6  4 270       
PG08   3638.382373 -24920.415644  -7820.923780    358.880624  7  5  8 254       
PG09 -11522.639565 -10582.100757  21343.015968    688.948897  5  4  6 231       
PG10  17946.516693   4288.328641 -18964.602332   -541.433917  7  5  3 240       
PG11 -17918.361339  11873.690794  15606.345447   -224.276232  6  5  5 199       
PG12   8693.928246  24062.345488  -7399.516137   -603.072944  5  6  6 193       
PG13   9111.865657  22960.292176  -9797.202036    436.346886 13  9 10 260       
PG14 -19572.062615  -6919.048233 -16635.371252    750.058540  4  4  5 192       
PG15    130.062482  25232.319261  -8834.580375    441.072648  3  4  6 208       
PG16   5952.842677 -16619.284473  19312.576010    325.881744  4  6  5 234       
PG17 -17266.704877   3115.216512 -19658.091922   -195.602622  9  6  3 236       
PG18  22671.332884   6770.739913  12425.027626   -266.962890  9  6  5 193       
PG19 -18469.069794  13430.723304 -13100.052165    704.910636  8  4  3 195       
PG20 -10446.702596  24426.817633      8.690536    274.940022  3  5  7 244       
PG21  -9646.598992  12260.282894  21494.181925    372.324482  4  5  3 247       
PG22 -16459.011535    436.513946 -20460.034132     70.848904  6  2  5 219       
PG23  19642.893850  14156.268360 -11172.249032    684.727372  7  7  4 181       
PG24   1445.389222  16028.302368 -21682.124687    187.026042  7  7  6 223       
PG25  17495.135016  19922.488708   2706.665158    392.816916  7  6  7 214       
PG26  14235.041886  -7543.454888  20903.424850   -391.281194  2  5  4 220       
PG27  12407.011016 -22938.735554   3235.355084      0.461560  5  6  5 224       
PG28  26020.577518  -4855.363144   2348.007012   -426.816853  8  4  4 189       
PG29   9646.836953  13045.839101  20968.567033   -251.674844  4  5  4 228       
PG30 -26565.532132    972.536552   2676.424723    348.856544  9  5  7 212       
PG31  21905.413753  -9734.747396  11440.618016   -123.964424  6  4  6 197       
PG32  17249.700339  -8705.201279 -17859.567324    245.488695  5  7  5 257       
*  2026  8 31 23 45  0.00000000
PG01  -4086.432661 -14917.763167 -21606.319205    183.229343  9  6  4 253       
PG02   4327.062190 -15816.094239 -20396.975457    167.659706  9  7  5 257       
PG03 -10547.390872 -22784.187672  -9018.952092    292.740408 10  7  7 257       
PG04  -2076.913272 -21649.621749  15146.066095     64.614802  6  4  7 201       
PG05    -81.401735  18652.879750  18726.168548   -236.433425  6  7  5 195       
PG06 -26011.404056   5229.924139   2517.220684   -535.939686  9  7  9 253       
PG07 -19720.048879  -8605.054309  16447.604867   -220.611693  8  6  4 270       
PG08   4193.812803 -25496.870942  -5110.650336    358.871369  8  6  8 252       
PG09 -10591.533015 -12818.464967  20582.364209    688.941146  6  5  6 231       
PG10  19138.472326   6028.303191 -17306.608085   -541.427597  7  5  3 241       
PG11 -19585.729613  11829.734914  13475.142588   -224.265400  7  6  5 202       
PG12   7967.500138  23389.872036 -10013.419713   -603.071909  7  7  6 191       
PG13   8139.354443  22138.895126 -12256.210326    436.351238 14  9 10 259       
PG14 -20496.642460  -8482.584365 -14728.870776    750.058506  5  3  5 193       
PG15   -309.297939  25949.321531  -6186.125927    441.075462  3  4  6 206       
PG16   7328.136478 -14693.467492  20388.545727    325.887413  3  7  4 238       
PG17 -16316.071016    938.407644 -20626.812171   -195.606380  9  7  3 245       
PG18  21169.182030   7097.073436  14672.681318   -266.954928  9  6  5 195       
PG19 -17904.064918  11872.875813 -15269.090282    704.910723  8  4  2 196       
PG20 -10622.802170  24189.123837   2860.152484    274.948393  4  6  7 245       
PG21 -11138.408104  10283.776238  21810.563876    372.317522  3  5  4 247       
PG22 -17616.899483  -1614.925062 -19397.762177     70.856765  6  1  5 216       
PG23  20239.191611  15124.938157  -8580.097815    684.730644  6  6  5 181       
PG24   -850.672867  16541.884664 -21283.222433    187.041660  7  7  6 223       
PG25  17399.891747  20244.204852   -102.204016    392.813868  8  6  7 215       
PG26  15855.536893  -5747.951500  20343.847411   -391.282474  3  5  4 222       
PG27  12490.561993 -22284.108444   6027.047978      0.461677  5  6  5 231       
PG28  26162.736292  -4626.025384   -507.385370   -426.807190  8  5  4 188       
PG29   8507.348376  15110.689499  20041.443466   -251.668310  4  4  5 226       
PG30 -26173.700100    616.993207   5419.199158    348.867751  9  5  7 213       
PG31  23121.417694  -9637.720481   8947.367127   -123.961949  6  4  6 199       
PG32  16554.837307  -6628.895914 -19340.514301    245.505699  5  7  5 255       
EOF
