#cP2026  9  2  0  0  0.00000000      96 ORBIT IGc20 HLM  IGS
## 2434 259200.00000000   900.00000000 61285 0.0000000000000
+   32   G01G02G03G04G05G06G07G08G09G10G11G12G13G14G15G16G17
+        G18G19G20G21G22G23G24G25G26G27G28G29G30G31G32  0  0
+          0  0  0  0  0  0  0  0  0  0  0  0  0  0  0  0  0
+          0  0  0  0  0  0  0  0  0  0  0  0  0  0  0  0  0
+          0  0  0  0  0  0  0  0  0  0  0  0  0  0  0  0  0
++         2  2  2  1  2  2  2  2  1  1  2  2  3  1  2  2  1
++         2  2  2  2  1  2  2  2  1  1  2  1  2  2  1  0  0
++         0  0  0  0  0  0  0  0  0  0  0  0  0  0  0  0  0
++         0  0  0  0  0  0  0  0  0  0  0  0  0  0  0  0  0
++         0  0  0  0  0  0  0  0  0  0  0  0  0  0  0  0  0
%c G  cc GPS ccc cccc cccc cccc cccc ccccc ccccc ccccc ccccc
%c cc cc ccc ccc cccc cccc cccc cccc ccccc ccccc ccccc ccccc
%f  1.2500000  1.025000000  0.00000000000  0.000000000000000
%f  0.0000000  0.000000000  0.00000000000  0.000000000000000
%i    0    0    0    0      0      0      0      0         0
%i    0    0    0    0      0      0      0      0         0
/* RAPID ORBIT COMBINATION FROM WEIGHTED AVERAGE OF:
/* cod emr esa gfz grg jgx jpl ngs sio usn whu              
/* REFERENCED TO IGS TIME (IGST) AND TO WEIGHTED MEAN POLE:       
/* PCV:IGS20_2425 OL/AL:FES2014b NONE     YN ORB:CMB CLK:CMB 
*  2026  9  2  0  0  0.00000000
PG01   -946.246857 -15339.870423 -21666.018761    182.432733  9  8  6 256       
PG02   7219.715885 -16515.911112 -18928.689340    168.273617 10  8  3 232       
PG03  -9453.108493 -21748.569479 -12268.360110    290.942372  8  8  8 204       
PG04  -1155.575541 -23441.691635  12282.145544     64.645861  5  4  6 178       
PG05  -2198.935849  16657.107560  20391.705752   -236.456282  3  3  4 229       
PG06 -26136.825443   5036.702139  -1150.966262   -535.009686  7  5  7 183       
PG07 -17418.017755  -9255.814390  18593.581008   -220.899547  8  7  7 198       
PG08   4729.109651 -25831.139585  -1550.892619    357.978552  6  5  5 188       
PG09  -9624.476896 -15578.338085  19098.449854    688.187302  6  7  2 216       
PG10  20596.714711   7906.947104 -14766.127348   -540.812255  8  8  4 200       
PG11 -21341.762365  11841.433668  10431.834740   -223.212132  7  6  7 180       
PG12   6750.977129  22266.253026 -13086.288726   -603.000606  5  5  5 199       
PG13   6563.216626  20888.864422 -15088.702831    436.777681 11  7  9 284       
PG14 -21564.625069 -10147.772973 -11941.662999    750.042647  6  5  3 192       
PG15   -746.492661  26457.976646  -2683.114664    441.340978  4  5  7 196       
PG16   9288.763828 -12242.639588  21224.725930    326.467785  6  5  7 242       
PG17 -15220.804026  -2013.432422 -21330.159409   -196.015688  4  8  2 201       
PG18  18941.990952   7697.956532  17175.379498   -266.177380  5  5  3 207       
PG19 -17163.001453   9539.039491 -17645.493000    704.924368  5  7  6 201       
PG20 -10731.275588  23455.342274   6420.629139    275.759101  4  6  6 186       
PG21 -13199.510189   7867.488371  21670.096423    371.641602  4  4  5 190       
PG22 -19111.033448  -3960.207520 -17554.242804     71.631982  6  6  5 228       
PG23  20783.214546  15975.293417  -5088.573582    685.050187  8  5  3 194       
PG24  -3637.915855  17330.214185 -20272.741902    188.560574  3  5  7 200       
PG25  16993.410675  20324.022049  -3671.787647    392.517221  7  6  8 220       
PG26  17946.217979  -3654.786670  19114.578559   -391.405732  6  4  2 192       
PG27  12508.981483 -21024.486936   9419.083768      0.455809  6  6  4 265       
PG28  25906.089389  -4237.849137  -4126.805692   -425.869791  8  5  6 255       
PG29   7283.481116  17650.287280  18361.440748   -251.039820  5  7  5 205       
PG30 -25274.648198     45.520518   8775.316009    349.950927  8  6  6 203       
PG31  24256.350262  -9532.072769   5554.128465   -123.710399  8  6  6 200       
PG32  15762.325370  -3719.854032 -20732.030201    247.156783  5  6  6 209       
*  2026  9  2  0 15  0.00000000
PG01   1466.976761 -15808.522455 -21288.726345    182.424518  9  7  6 257       
PG02   9301.841427 -17134.515971 -17383.210013    168.279845 10  7  3 235       
PG03  -8314.824772 -20769.428817 -14599.650785    290.923722  8  8  7 203       
PG04   -607.740694 -24597.816763   9786.989233     64.646172  5  4  6 181       
PG05  -4051.928482  15105.431172  21290.370361   -236.456122  3  3  4 237       
PG06 -25887.792070   4795.057633  -4026.182826   -535.000033  6  5  7 185       
PG07 -15450.924738  -9931.260870  19947.743308   -220.902283  7  6  7 208       
PG08   5071.863285 -25758.190598   1292.859375    357.969304  6  5  4 188       
PG09  -9035.783107 -17618.016109  17552.460700    688.179575  6  6  2 213       
PG10  21641.095176   9102.278707 -12477.615796   -540.805900  8  7  4 202       
PG11 -22406.665746  11859.436376   7832.302653   -223.201289  8  6  7 181       
PG12   5551.395440  21221.540855 -15254.487037   -603.000024  5  5  5 204       
PG13   5085.087853  19802.637775 -17012.878249    436.782122 11  8  9 284       
PG14 -22268.733513 -11193.310027  -9517.827172    750.042446  6  4  3 193       
PG15  -1051.897582  26523.252480    136.659141    441.343531  4  4  6 200       
PG16  10979.911298 -10359.207607  21453.205228    326.473421  5  5  6 244       
PG17 -14479.134180  -4429.027926 -21453.820169   -196.019544  4  8  2 215       
PG18  17004.068318   8329.918584  18809.344142   -266.169362  4  4  3 206       
PG19 -16610.044875   7485.611942 -19155.720875    704.924488  5  7  5 201       
PG20 -10765.319663  22545.558885   9090.680457    275.767454  4  5  6 188       
PG21 -14896.396259   6104.258424  21135.204342    371.634624  3  4  5 191       
PG22 -20254.709931  -5577.950527 -15744.272232     71.640013  6  6  5 230       
PG23  20992.069574  16372.630565  -2233.301473    685.053484  7  5  4 195       
PG24  -5688.272433  18027.405716 -19095.865616    188.576167  4  5  6 197       
PG25  16424.963429  20160.134252  -6408.320960    392.514116  6  5  8 218       
PG26  19548.524082  -2204.559419  17771.770525   -391.406940  5  4  1 193       
PG27  12501.580221 -19708.472754  11896.848084      0.455643  5  6  4 267       
PG28  25377.091775  -3819.055828  -6891.502583   -425.860150  8  5  6 256       
PG29   6502.061343  19516.094084  16677.378324   -251.034076  5  6  4 199       
PG30 -24282.877450   -528.769550  11245.903704    349.962051  8  5  6 201       
PG31  24809.507125  -9420.971131   2778.778690   -123.708087  8  5  5 188       
PG32  15249.723847  -1301.668947 -21404.490387    247.173766  5  6  5 211       
*  2026  9  2  0 30  0.00000000
PG01   3792.584143 -16384.191627 -20544.992640    182.416315  8  6  6 255       
PG02  11172.660166 -17776.302453 -15523.295267    168.286335 10  7  4 231       
PG03  -6936.417728 -19693.323572 -16684.012401    290.905094  8  7  7 205       
PG04   -186.959217 -25495.717990   7121.872546     64.646494  4  3  6 179       
PG05  -6051.836595  13607.499925  21816.737883   -236.456526  4  4  3 234       
PG06 -25346.921042   4440.183047  -6832.668578   -534.990363  6  5  6 180       
PG07 -13398.491303 -10752.795919  20979.274143   -220.905104  6  6  6 213       
PG08   5375.858472 -25380.598041   4113.633477    357.960085  5  5  3 185       
PG09  -8585.909931 -19494.745610  15700.984204    688.171793  6  6  2 212       
PG10  22547.809523  10052.202739  -9974.983020   -540.799565  8  7  4 201       
PG11 -23180.507997  11844.339818   5097.575340   -223.190449  9  6  7 175       
PG12   4138.065476  20080.637838 -17164.801249   -602.999089  5  4  5 195       
PG13   3395.756844  18670.026025 -18645.522584    436.786533 10  8  9 284       
PG14 -22812.710494 -12014.671620  -6932.340642    750.042239  5  4  4 185       
PG15  -1355.011083  26284.744289   2954.023504    441.346131  3  3  6 206       
PG16  12763.797233  -8563.470994  21298.555652    326.479369  5  4  5 245       
PG17 -13861.115505  -6874.068635 -21195.519476   -196.023923  4  7  2 207       
PG18  14943.970136   9119.027106  20124.293613   -266.161401  4  4  3 204       
PG19 -16119.245947   5264.957774 -20331.690080    704.924839  5  7  4 201       
PG20 -10799.095716  21349.862012  11604.738596    275.775778  5  5  6 188       
PG21 -16623.126559   4487.228913  20236.963695    371.627627  4  4  5 191       
PG22 -21322.327729  -6974.856878 -13653.777393     71.648133  6  6  4 233       
PG23  20973.554750  16550.637834    659.757107    685.056759  7  4  4 193       
PG24  -7574.363595  18760.866660 -17601.613003    188.591808  4  5  6 195       
PG25  15618.901245  19834.459936  -9037.295960    392.510970  6  5  8 216       
PG26  21075.276305   -931.238546  16121.424257   -391.408169  5  4  2 192       
PG27  12514.107921 -18123.675736  14161.225732      0.456021  5  6  4 262       
PG28  24584.543654  -3264.111507  -9537.744590   -425.850511  8  5  6 255       
PG29   5870.179535  21219.501547  14703.779169   -251.027120  4  6  4 199       
PG30 -23071.261394  -1241.252844  13527.364419    349.973185  8  5  6 198       
PG31  25066.703210  -9243.515279    -43.773924   -123.705373  7  5  5 195       
PG32  14855.498342   1193.584842 -21698.228417    247.190736  5  6  4 208       
*  2026  9  2  0 45  0.00000000
PG01   5987.829160 -17044.891657 -19447.351010    182.408108  8  6  6 252       
PG02  12805.617484 -18402.523883 -13382.268592    168.292398 10  6  4 239       
PG03  -5325.683426 -18565.360758 -18486.577974    290.886481  8  7  6 208       
PG04    136.975809 -26108.520719   4332.964024     64.646755  4  3  6 183       
PG05  -8162.752709  12199.991168  21961.517595   -236.456709  5  4  3 236       
PG06 -24537.679659   3939.717866  -9522.394785   -534.980743  6  5  6 186       
PG07 -11304.245128 -11719.006549  21671.494618   -220.908236  6  5  6 208       
PG08   5676.767174 -24699.841132   6861.205929    357.950868  5  5  2 189       
PG09  -8256.652049 -21166.946231  13576.321628    688.164007  6  5  2 215       
PG10  23275.214680  10766.065375  -7301.908468   -540.793262  8  6  5 201       
PG11 -23659.741225  11757.650885   2274.775507   -223.179646  9  7  7 178       
PG12   2519.164431  18886.312221 -18785.619624   -602.998150  5  4  5 197       
PG13   1513.600617  17532.368401 -19958.883378    436.790937 10  9  9 284       
PG14 -23161.902771 -12625.195235  -4229.369226    750.042039  5  3  4 188       
PG15  -1691.541383  25744.536574   5720.057462    441.348927  3  2  6 207       
PG16  14603.265444  -6890.141844  20764.986142    326.485362  5  3  4 246       
PG17 -13375.199653  -9298.445859 -20559.122032   -196.028130  4  7  2 208       
PG18  12808.207710  10068.006041  21097.327352   -266.153396  4  4  3 205       
PG19 -15717.691615   2916.676875 -21154.443255    704.924584  5  6  3 205       
PG20 -10868.684027  19886.210868  13919.782141    275.784150  6  5  6 198       
PG21 -18336.820769   3038.401660  18990.908572    371.620664  4  4  4 200       
PG22 -22270.386238  -8144.997853 -11320.236910     71.655788  6  6  4 224       
PG23  20701.418846  16538.988114   3541.678529    685.060035  6  4  4 195       
PG24  -9269.647424  19496.354302 -15813.088935    188.607451  5  5  5 200       
PG25  14567.437236  19384.037889 -11515.128069    392.507922  5  5  7 215       
PG26  22484.683573    161.199634  14193.321596   -391.409425  5  4  2 196       
PG27  12579.715660 -16296.091359  16171.267809      0.456207  5  5  3 260       
PG28  23558.214854  -2547.488471 -12020.033508   -425.840855  8  5  6 252       
PG29   5371.962674  22719.315417  12474.699686   -251.021009  4  5  3 196       
PG30 -21674.660660  -2109.620173  15581.526145    349.984335  8  5  7 201       
PG31  25037.323277  -8964.262790  -2865.615049   -123.703305  7  5  5 250       
PG32  14592.091958   3716.088377 -21608.482364    247.207720  5  5  3 208       
*  2026  9  2  1  0  0.00000000
PG01   8014.906316 -17762.227982 -18014.458460    182.399929  8  5  6 254       
PG02  14182.841047 -18972.007745 -10998.845652    168.298952  9  6  4 233       
PG03  -3499.106294 -17429.554285 -19977.232390    290.867891  8  6  5 197       
PG04    398.532674 -26417.392836   1468.684764     64.647005  4  3  6 176       
PG05 -10342.914092  10913.353102  21722.194892   -236.456918  6  4  3 200       
PG06 -23490.844029   3266.738848 -12049.209420   -534.971100  5  5  5 184       
PG07  -9211.337615 -12820.870047  22012.859434   -220.911123  5  4  6 210       
PG08   6009.554335 -23726.433021   9486.539583    357.941659  4  5  2 185       
PG09  -8023.147825 -22598.639042  11215.552073    688.156221  6  4  3 214       
PG10  23785.799717  11261.532822  -4504.581089   -540.786969  7  6  5 198       
PG11 -23849.646358  11561.937696   -587.357667   -223.168838  9  7  7 179       
PG12    710.867667  17680.199127 -20090.243951   -602.997599  5  5  5 195       
PG13   -535.330234  16428.094270 -20930.680064    436.795389 10  9  8 284       
PG14 -23286.261275 -13045.137456  -1454.855212    750.041845  5  3  3 190       
PG15  -2095.843840  24913.392486   8386.092854    441.351446  3  2  5 213       
PG16  16456.696430  -5366.933319  19863.603604    326.491196  6  3  4 243       
PG17 -13021.625017 -11651.694978 -19555.496688   -196.032348  4  7  2 207       
PG18  10644.141980  11171.287005  21711.204357   -266.145362  5  4  3 200       
PG19 -15425.768127    484.814884 -21611.358638    704.924740  4  6  3 199       
PG20 -11006.812920  18180.487788  15996.239407    275.792474  7  4  6 195       
PG21 -19992.405179   1771.811666  17418.532101    371.613624  5  4  4 197       
PG22 -23057.071888  -9091.248136  -8785.499051     71.663676  5  5  4 220       
PG23  20156.745302  16372.633258   6363.817229    685.063273  6  4  4 193       
PG24 -10754.241663  20196.225617 -13758.497636    188.623074  5  5  5 195       
PG25  13270.594810  18847.762041 -13800.979966    392.504794  5  6  7 216       
PG26  23736.687893   1076.679790  12021.753817   -391.410692  5  3  2 193       
PG27  12727.075859 -14259.403832  17890.709356      0.456072  5  5  3 261       
PG28  22333.824687  -1650.051407 -14295.679123   -425.831233  8  5  6 254       
PG29   4984.747083  23979.560815  10028.730577   -251.014532  4  5  3 193       
PG30 -20131.946369  -3144.773539  17373.995594    349.995452  8  5  7 198       
PG31  24738.718469  -8550.738091  -5639.186435   -123.700679  6  4  5 253       
PG32  14463.664752   6214.697211 -21137.445316    247.224696  4  5  3 197       
*  2026  9  2  1 15  0.00000000
PG01   9842.219070 -18502.500201 -16270.791309    182.391734  8  5  6 255       
PG02  15295.675137 -19442.934580  -8416.332132    168.305137  9  5  5 232       
PG03  -1481.411475 -16327.168680 -21131.069900    290.849283  7  6  4 197       
PG04    634.890465 -26412.273563  -1421.155007     64.647322  4  4  6 182       
PG05 -12546.175261   9770.709707  21103.075972   -236.457198  6  4  4 203       
PG06 -22243.335661   2401.003000 -14369.622562   -534.961499  5  5  5 188       
PG07  -7161.148159 -14041.950388  21997.130128   -220.914258  4  3  5 216       
PG08   6406.851057 -22479.589260  11942.754071    357.932404  4  5  1 194       
PG09  -7855.024114 -23760.726210   8659.858849    688.148372  7  4  3 214       
PG10  24047.622008  11563.660982  -1630.895703   -540.780738  7  6  5 194       
PG11 -23764.039433  11222.464654  -3439.319038   -223.157991  8  7  6 184       
PG12  -1263.096616  16501.263208 -21057.269126   -602.996917  6  5  4 195       
PG13  -2718.120297  15391.276735 -21544.464707    436.799807 10  9  8 284       
PG14 -23161.530091 -13300.700089   1344.234403    750.041658  4  3  4 183       
PG15  -2599.335331  23810.481888  10904.617501    441.354354  4  2  5 206       
PG16  18279.582165  -4013.677425  18612.081920    326.496979  7  3  4 244       
PG17 -12792.469389 -13884.846151 -18202.337471   -196.036648  5  6  3 213       
PG18   8498.329330  12415.056110  21954.671700   -266.137309  5  4  4 198       
PG19 -15256.411221  -1983.682687 -21696.258174    704.924850  5  6  3 202       
PG20 -11241.452773  16265.625955  17798.650885    275.800754  7  4  6 186       
PG21 -21544.261171    693.170180  15546.913978    371.606573  5  4  4 194       
PG22 -23643.961882  -9824.926802  -6094.940371     71.671723  5  5  4 223       
PG23  19328.777271  16090.334552   9078.580380    685.066491  6  4  4 203       
PG24 -12015.562296  20820.842529 -11470.830732    188.638767  6  5  5 208       
PG25  11736.326580  18264.843265 -15857.344635    392.501672  5  6  7 215       
PG26  24794.430245   1826.609832   9644.859409   -391.411983  5  3  3 196       
PG27  12979.061604 -12053.785446  19288.714379      0.455721  5  5  3 263       
PG28  20951.680640   -559.998404 -16325.532104   -425.821494  8  4  6 193       
PG29   4680.140800  24970.802295   7408.317128   -251.007945  3  4  2 193       
PG30 -18484.603730  -4350.240058  18874.686270    350.006579  7  4  7 204       
PG31  24195.436342  -7974.814460  -8318.035386   -123.698150  7  5  5 254       
PG32  14465.981462   8638.779060 -20294.180538    247.241660  4  5  3 197       
*  2026  9  2  1 30  0.00000000
PG01  11445.411573 -19228.026791 -14246.237409    182.383532  8  6  6 257       
PG02  16144.820506 -19774.656588  -5681.710906    168.311090  9  5  4 241       
PG03    695.185740 -15295.181917 -21928.772508    290.830694  7  5  3 201       
PG04    884.276452 -26092.269376  -4286.249982     64.647532  4  4  6 194       
PG05 -14723.662448   8787.070976  20115.200653   -236.457284  7  4  4 211       
PG06 -20836.831233   1329.940021 -16443.555229   -534.951934  5  5  5 194       
PG07  -5191.948198 -15358.854088  21623.501833   -220.917273  4  3  5 216       
PG08   6897.424848 -20986.544106  14186.055118    357.923164  4  4  1 196       
PG09  -7717.764590 -24632.007265   5953.782126    688.140516  7  3  3 218       
PG10  24035.527448  11703.705383   1270.351324   -540.774470  6  6  5 197       
PG11 -23424.654456  10708.733057  -6231.707519   -223.147170  8  7  6 192       
PG12  -3372.168454  15384.381253 -21670.881883   -602.996070  6  5  4 195       
PG13  -4996.060027  14450.368130 -21789.885623    436.804233  9 10  8 284       
PG14 -22770.225170 -13422.847084   4120.664030    750.041394  4  3  4 190       
PG15  -3228.994798  22462.777245  13230.200185    441.357001  5  3  5 212       
PG16  20026.205935  -2841.787153  17034.203506    326.502932  7  3  4 246       
PG17 -12672.058854 -15952.224476 -16523.830232   -196.040910  6  6  3 214       
PG18   6414.895073  13777.622720  21822.703400   -266.129356  5  4  4 203       
PG19 -15214.670467  -4440.604455 -21409.396690    704.924986  5  6  2 205       
PG20 -11594.603601  14180.478591  19296.260276    275.809008  8  4  6 189       
PG21 -22947.905707   -200.166209  13408.253853    371.599498  6  5  4 196       
PG22 -23997.590597 -10365.092685  -3296.559298     71.679578  5  5  4 220       
PG23  18215.448014  15733.063924  11640.182857    685.069745  6  4  4 207       
PG24 -13048.707010  21330.096603  -8987.463161    188.654364  6  6  4 206       
PG25   9980.353024  17673.286315 -17650.570408    392.498540  5  6  7 213       
PG26  25625.586570   2429.181638   7103.919698   -391.413271  5  3  4 200       
PG27  13351.683284  -9724.427631  20340.495615      0.455394  4  5  3 267       
PG28  19455.152905    726.482045 -18074.656687   -425.811857  8  4  6 197       
PG29   4425.320824  25671.219700   4659.004287   -251.001560  2  4  2 198       
PG30 -16775.253424  -5721.860356  20058.285176    350.017692  6  4  7 205       
PG31  23438.207501  -7213.924450 -10857.527902   -123.695613  7  5  5 256       
PG32  14586.655480  10940.021716 -19094.397016    247.258536  4  5  3 198       
*  2026  9  2  1 45  0.00000000
PG01  12808.123469 -19898.641248 -11975.590870    182.375281  8  6  6 256       
PG02  16740.075519 -19929.471240  -2844.647430    168.317673  9  6  4 236       
PG03   2992.006057 -14364.921665 -22356.906023    290.812132  7  5  2 200       
PG04   1184.259086 -25465.699940  -7076.706336     64.647804  4  4  6 195       
PG05 -16825.542879   7968.879638  18776.125755   -236.457367  7  4  4 216       
PG06 -19316.196916     49.353859 -18235.038787   -534.942331  4  5  5 194       
PG07  -3337.666303 -16741.934792  20896.680793   -220.920104  4  3  5 220       
PG08   7504.815494 -19281.543130  16176.597703    357.913937  4  4  2 196       
PG09  -7574.245196 -25199.892603   3144.413412    688.132706  7  3  3 219       
PG10  23732.114707  11717.721211   4150.255095   -540.768193  6  6  6 197       
PG11 -22860.226166   9995.865097  -8916.099284   -223.136332  7  7  6 190       
PG12  -5579.925720  14359.093369 -21921.078018   -602.995396  6  5  4 194       
PG13  -7325.938087  13627.164373 -21662.850744    436.808623  9 10  7 283       
PG14 -22102.369091 -13445.957390   6827.680376    750.041137  4  3  3 189       
PG15  -4006.017666  20904.130619  15320.414976    441.359596  5  3  4 216       
PG16  21651.354430  -1854.075528  15159.292772    326.508660  7  4  4 248       
PG17 -12637.715705 -17813.120455 -14550.172587   -196.045005  6  5  4 217       
PG18   4433.995182  15230.100855  21316.642741   -266.121332  5  5  5 202       
PG19 -15297.596442  -6838.131038 -20757.340553    704.924809  5  5  3 210       
PG20 -12081.322290  11968.472751  20463.525301    275.817370  8  4  6 191       
PG21 -24161.639631   -918.900397  11039.318520    371.592477  6  5  4 198       
PG22 -24090.812597 -10737.529478   -440.029647     71.687370  5  5  4 212       
PG23  16823.597961  15342.334198  14005.373583    685.073027  6  4  4 207       
PG24 -13856.560294  21685.001530  -6349.652520    188.669998  6  6  4 205       
PG25   8025.729931  17108.433389 -19151.326474    392.495365  5  6  7 211       
PG26  26203.526951   2908.424111   4442.627051   -391.414556  5  4  4 200       
PG27  13853.330741  -7319.869602  21027.791709      0.455520  4  4  3 265       
PG28  17889.043319   2204.864341 -19512.931680   -425.802181  7  3  6 196       
PG29   4184.512828  26067.396110   1828.621215   -250.995136  2  3  2 197       
PG30 -15046.142588  -7247.762915  20904.653480    350.028836  6  4  7 205       
PG31  22502.729096  -6252.058311 -13215.518939   -123.693060  7  5  5 255       
PG32  14805.734690  13074.136765 -17560.094370    247.275494  4  5  4 198       
*  2026  9  2  2  0  0.00000000
PG01  13922.437959 -20473.301664  -9497.957218    182.367053  8  6  6 256       
PG02  17099.694801 -19874.268240     43.554819    168.323834  9  6  3 235       
PG03   5365.171445 -13560.923087 -22408.131147    290.793631  7  5  1 197       
PG04   1570.066449 -24549.791487  -9743.942190     64.648082  3  5  5 201       
PG05 -18802.837076   7313.911204  17109.584629   -236.457644  7  5  5 216       
PG06 -17727.805789  -1436.196440 -19712.852323   -534.932692  4  5  5 196       
PG07  -1626.794006 -18156.229386  19826.908324   -220.923362  3  3  4 216       
PG08   8246.197377 -17404.556055  17879.259961    357.904700  4  4  2 199       
PG09  -7386.373817 -25460.787459    280.548497    688.124886  7  3  3 218       
PG10  23128.413786  11645.008827   6960.573697   -540.761883  6  6  6 197       
PG11 -22105.308301   9065.774939 -11445.907406   -223.125505  6  7  6 190       
PG12  -7845.267261  13448.565080 -21803.797861   -602.994656  7  5  4 194       
PG13  -9661.507066  12936.036389 -21165.588988    436.813030  9 10  7 284       
PG14 -21155.956998 -13406.363830   9419.749126    750.040978  4  4  3 188       
PG15  -4944.688496  19174.060446  17136.739481    441.362604  5  4  4 203       
PG16  23111.991073  -1044.927813  13021.562455    326.514626  7  4  5 252       
PG17 -12660.811806 -19433.257508 -12316.960113   -196.049371  6  4  4 216       
PG18   2590.424801  16737.382165  20444.242009   -266.113288  5  5  6 199       
PG19 -15494.446693  -9130.454367 -19752.745762    704.925215  5  5  3 204       
PG20 -12709.026362   9676.098677  21280.540846    275.825698  8  4  6 190       
PG21 -25148.100839  -1481.185894   8480.812225    371.585472  5  5  5 199       
PG22 -23903.906886 -10973.469351   2424.260769     71.695282  5  5  4 211       
PG23  15168.870421  14958.518905  16134.124668    685.076329  6  4  4 212       
PG24 -14449.605764  21849.295525  -3601.939890    188.685642  6  6  4 212       
PG25   5902.161735  16601.622554 -20335.007868    392.492272  5  6  6 213       
PG26  26508.259313   3293.050133   1706.339052   -391.415881  5  4  4 196       
PG27  14484.353868  -4890.200010  21339.190043      0.454859  4  4  3 270       
PG28  16297.911382   3862.263729 -20615.569554   -425.792489  7  3  6 197       
PG29   3920.593153  26154.785904  -1033.578361   -250.988538  3  3  2 198       
PG30 -13337.658229  -8908.626473  21399.156607    350.039930  5  4  7 208       
PG31  21428.290674  -5080.518021 -15352.974565   -123.690636  7  5  5 184       
PG32  15096.600043  15002.390671 -15719.089475    247.292449  4  5  4 200       
*  2026  9  2  2 15  0.00000000
PG01  14789.005237 -20911.750771  -6856.078849    182.358787  8  7  5 257       
PG02  17249.400719 -19581.976075   2931.016085    168.330049  9  7  3 239       
PG03   7767.065103 -12900.048684 -22081.327334    290.775090  7  4  1 201       
PG04   2072.999065 -23370.029733 -12241.563388     64.648329  3  5  5 208       
PG05 -20609.201000   6811.529107  15145.031353   -236.458063  7  5  5 216       
PG06 -16117.802032  -3113.354538 -20851.085901   -534.923107  4  6  5 202       
PG07    -81.469676 -19562.601659  18429.925469   -220.926299  3  3  4 219       
PG08   9131.518207 -15399.766824  19264.308014    357.895484  4  4  3 201       
PG09  -7116.767483 -25420.133200  -2588.183939    688.117054  7  3  4 221       
PG10  22224.259855  11526.463438   9654.469740   -540.755621  5  6  6 201       
PG11 -21198.873818   7908.078855 -13777.211204   -223.114665  5  7  7 197       
PG12 -10123.767999  12668.795372 -21320.979960   -602.994054  7  5  4 198       
PG13 -11955.068079  12383.456782 -20306.609182    436.817434  9 11  7 284       
PG14 -19937.138169 -13340.831342  11853.269071    750.040752  4  4  4 195       
PG15  -6051.529287  17316.291958  18645.399628    441.364991  6  4  4 218       
PG16  24368.824537   -400.808145  10659.394217    326.520596  7  5  5 251       
PG17 -12708.079211 -20785.993164  -9864.456451   -196.053543  6  4  4 219       
PG18    912.427859  18259.367896  19219.594772   -266.105293  5  6  6 203       
PG19 -15787.194618 -11275.300018 -18414.046287    704.925465  5  5  4 207       
PG20 -13477.100602   7351.291546  21733.368403    275.834002  8  4  6 211       
PG21 -25875.662961  -1911.728584   5776.680652    371.578439  5  5  5 204       
PG22 -23425.380048 -11108.114479   5246.162217     71.703390  4  5  4 218       
PG23  13275.288959  14619.222472  17990.275026    685.079558  6  4  4 215       
PG24 -14845.441708  21790.991091   -791.453432    188.701297  5  6  4 213       
PG25   3645.085146  16179.004919 -21182.079061    392.489182  6  6  6 213       
PG26  26527.128034   3615.144767  -1058.669457   -391.417209  5  4  4 199       
PG27  15236.997649  -2485.212228  21270.289539      0.454642  4  4  3 272       
PG28  14724.421642   5677.740765 -21363.544736   -425.782845  7  2  6 200       
PG29   3596.747679  25937.844083  -3877.802531   -250.982454  4  3  2 203       
PG30 -11686.915335 -10678.223057  21532.919312    350.051028  4  3  7 207       
PG31  20256.292135  -3698.403371 -17234.541885   -123.688348  7  5  5 202       
PG32  15427.134849  16692.903787 -13604.439745    247.309379  4  5  4 203       
*  2026  9  2  2 30  0.00000000
PG01  15416.836148 -21176.161046  -4095.592434    182.350547  8  7  5 257       
PG02  17221.099485 -19032.746159   5766.327333    168.336212  8  7  2 243       
PG03  10147.935169 -12390.901898 -21381.627536    290.756535  6  4  1 201       
PG04   2719.002027 -21959.198577 -14526.196607     64.648714  3  5  5 205       
PG05 -22202.606625   6443.281873  12917.080706   -236.458158  7  5  5 221       
PG06 -14530.378361  -4960.268413 -21629.618401   -534.913504  4  6  4 202       
PG07   1283.225597 -20919.062796  16726.871348   -220.929330  3  4  3 217       
PG08  10162.950645 -13313.907860  20307.936040    357.886282  4  3  3 200       
PG09  -6730.399522 -25092.106778  -5412.200787    688.109255  7  4  4 222       
PG10  21028.354012  11402.888999  12187.215021   -540.749286  5  6  5 201       
PG11 -20182.752528   6520.706749 -15869.539019   -223.103800  4  7  7 198       
PG12 -12369.159075  12028.097509 -20480.533084   -602.993256  7  5  5 198       
PG13 -14159.115424  11967.838941 -19100.557412    436.821839  9 11  6 283       
PG14 -18460.107362 -13285.029580  14087.255790    750.040536  3  5  3 196       
PG15  -7324.770054  15377.109101  19818.132967    441.367947  6  5  3 213       
PG16  25387.713966     98.931066   8114.574331    326.526645  7  5  5 251       
PG17 -12743.117996 -21853.203730  -7236.768797   -196.057568  6  4  5 225       
PG18   -579.244313  19752.416604  17662.957370   -266.097349  5  6  6 204       
PG19 -16151.315100 -13235.300016 -16765.063756    704.925482  6  4  4 257       
PG20 -14376.821495   5041.766232  21814.267091    275.842289  8  4  6 211       
PG21 -26319.626094  -2240.634529   2973.360212    371.571411  5  5  5 205       
PG22 -22652.440531 -11179.023027   7976.683567     71.711124  4  6  4 209       
PG23  11174.530219  14357.759995  19542.120417    685.082821  6  4  4 215       
PG24 -15068.007728  21483.807147   2032.879859    188.716969  5  6  4 212       
PG25   1294.554005  15860.559163 -21678.355166    392.486122  6  6  7 212       
PG26  26255.247335   3908.745820  -3805.946158   -391.418520  5  4  4 200       
PG27  16095.690276   -152.594586  20823.703764      0.454184  4  4  2 277       
PG28  13207.775906   7622.921636 -21743.923744   -425.773165  6  2  5 200       
PG29   3178.119805  25429.812068  -6654.616231   -250.976008  4  4  2 204       
PG30 -10126.469890 -12524.224855  21303.001355    350.062149  3  3  6 206       
PG31  19028.705697  -2112.815400 -18829.063294   -123.685566  7  5  5 193       
PG32  15761.112251  18121.669220 -11253.779881    247.326338  4  5  5 202       
*  2026  9  2  2 45  0.00000000
PG01  15822.773978 -21232.699649  -1264.231513    182.342184  8  7  5 289       
PG02  17051.366544 -18214.827455   8499.553208    168.342764  7  7  1 238       
PG03  12457.586064 -12033.556345 -20320.362324    290.737992  6  4  1 198       
PG04   3527.454678 -20356.143763 -16558.262974     64.648954  3  5  4 206       
PG05 -23546.854474   6183.815058  10464.857211   -236.458483  6  6  5 219       
PG06 -13006.133455  -6947.227626 -22034.499661   -534.903942  4  6  3 199       
PG07   2459.730554 -22182.231159  14744.107385   -220.932496  3  5  3 210       
PG08  11334.678216 -11194.511726  20992.670615    357.877064  4  3  3 197       
PG09  -6196.150998 -24498.992869  -8142.833124    688.101474  7  5  4 221       
PG10  19558.013010  11313.335895  14516.852661   -540.742943  4  5  5 199       
PG11 -19099.968350   4910.189416 -17686.589046   -223.092976  4  7  7 195       
PG12 -14534.882139  11526.870550 -19296.226662   -602.992663  7  6  5 196       
PG13 -16227.980316  11679.694240 -17567.974934    436.826271  9 11  6 283       
PG14 -16746.709833 -13272.054705  16083.987369    750.040364  3  5  3 193       
PG15  -8754.174229  13403.587490  20632.843392    441.370729  6  5  3 211       
PG16  26140.861918    480.979159   5431.503796    326.532342  7  5  5 253       
PG17 -12728.032717 -22625.817913  -4480.952925   -196.062129  6  4  5 213       
PG18  -1871.985965  21170.954836  15800.458162   -266.089350  4  7  6 202       
PG19 -16556.811938 -14979.170786 -14834.549390    704.925642  5  3  4 206       
PG20 -15391.602513   2793.367291  21521.822994    275.850572  8  4  6 209       
PG21 -26463.154004  -2502.048885    118.985217    371.564309  5  5  5 202       
PG22 -21591.131473 -11224.429805  10568.861737     71.719014  4  6  4 203       
PG23   8904.916528  14201.802371  20762.941940    685.086103  6  4  4 214       
PG24 -15146.543253  20908.418872   4821.204182    188.732593  5  6  4 210       
PG25  -1106.038001  15659.336018 -21815.219351    392.483011  6  6  6 212       
PG26  25695.658969   4208.369828  -6489.584098   -391.419867  5  4  5 200       
PG27  17037.666145   2063.766830  20008.910434      0.453826  4  5  2 280       
PG28  11782.290430   9662.911466 -21750.091403   -425.763526  6  3  5 198       
PG29   2633.380349  24652.169330  -9315.826677   -250.969633  4  4  2 205       
PG30  -8683.203403 -14409.249047  20712.489486    350.073272  3  3  6 203       
PG31  17786.534761   -338.771637 -20110.032096   -123.683005  6  4  6 190       
PG32  16059.740685  19273.256493  -8708.589992    247.343274  4  5  5 199       
*  2026  9  2  3  0  0.00000000
PG01  16030.665185 -21052.950791   1589.011139    182.333918  8  7  5 288       
PG02  16779.774423 -17125.100987  11083.165626    168.349004  6  7  1 240       
PG03  14647.097946 -11819.611987 -18914.912284    290.719440  5  4  1 197       
PG04   4510.226789 -18604.311941 -18302.676962     64.649257  4  5  4 202       
PG05 -24612.859311   6002.058062   7831.268253   -236.458756  6  6  5 216       
PG06 -11580.573786  -9037.614889 -22058.228044   -534.894333  4  6  2 197       
PG07   3448.200951 -23308.887247  12512.959186   -220.935472  3  5  3 207       
PG08  12633.021099  -9088.155778  21307.633325    357.867864  4  2  3 204       
PG09  -5488.205400 -23670.256135 -10733.168944    688.093757  7  5  4 216       
PG10  17838.619880  11293.519806  16604.812110   -540.736602  4  5  5 198       
PG11 -17993.042484   3091.608990 -19196.874132   -223.082123  3  7  7 190       
PG12 -16575.664308  11157.670110 -17787.499854   -602.991876  7  6  5 195       
PG13 -18119.412649  11502.101176 -15734.960038    436.830663  9 12  6 283       
PG14 -14825.773458 -13331.053540  17809.604899    750.040151  3  6  3 189       
PG15 -10321.234664  11441.786329  21074.122809    441.373323  6  5  4 212       
PG16  26607.756765    776.786736   2656.400205    326.538147  7  5  5 251       
PG17 -12625.124224 -23103.981926  -1646.073315   -196.066556  5  4  5 204       
PG18  -2961.672565  22469.190219  13663.695300   -266.081320  4  7  6 196       
PG19 -16969.445090 -16482.659179 -12655.668546    704.925727  5  3  4 205       
PG20 -16497.551318    648.495681  20860.974887    275.858895  8  4  6 209       
PG21 -26297.921865  -2732.639000  -2737.433794    371.557321  5  6  5 199       
PG22 -20256.124367 -11281.571963  12978.563864     71.727300  4  6  3 215       
PG23   6510.162406  14172.237283  21631.465242    685.089394  5  4  4 210       
PG24 -15114.311993  20053.464243   7523.671579    188.748251  5  6  5 209       
PG25  -3511.355350  15580.958453 -21589.774515    392.480007  6  6  6 213       
PG26  24859.213105   4547.536673  -9064.920249   -391.421235  4  5  5 199       
PG27  18033.890477   4125.302838  18841.958323      0.454012  4  5  2 279       
PG28  10476.172710  11757.466473 -21381.869112   -425.753843  6  4  4 196       
PG29   1936.155657  23633.773976 -11815.341434   -250.962976  5  5  2 198       
PG30  -7377.420428 -16292.106199  19770.501681    350.084378  2  3  6 206       
PG31  16568.322140   1601.163424 -21055.986718   -123.680473  6  4  5 189       
PG32  16283.302390  20141.178926  -6013.413270    247.360241  4  5  5 194       
*  2026  9  2  3 15  0.00000000
PG01  16070.262096 -20615.138681   4414.745722    182.325675  7  8  4 286       
PG02  16447.140381 -15769.260888  13472.887627    168.355536  6  6  1 235       
PG03  16670.513062 -11732.578408 -17188.468177    290.700871  5  4  2 194       
PG04   5671.038894 -16750.124389 -19729.457386     64.649547  4  5  4 199       
PG05 -25379.660234   5862.635159   5062.217439   -236.459015  6  7  6 213       
PG06 -10282.819332 -11189.137879 -21699.916139   -534.884664  5  6  2 192       
PG07   4256.424655 -24257.573569  10069.368175   -220.938599  3  6  2 198       
PG08  14036.891797  -7038.773792  21248.660522    357.858658  4  2  3 200       
PG09  -4587.232523 -22641.352486 -13138.855087    688.085984  6  5  4 214       
PG10  15902.796538  11374.375500  18416.473114   -540.730194  4  5  5 195       
PG11 -16902.330187   1088.213677 -20374.278097   -223.071258  4  7  6 180       
PG12 -18449.059196  10905.577138 -15979.189612   -602.991071  7  6  5 188       
PG13 -19796.041853  11411.468782 -13632.738531    436.835031  9 12  6 283       
PG14 -12732.190567 -13485.999854  19234.660628    750.039922  3  6  3 179       
PG15 -11999.737536   9534.981415  21133.619421    441.376095  6  6  4 211       
PG16  26775.837580   1021.129957   -163.493748    326.544216  7  5  5 250       
PG17 -12398.562767 -23296.855997   1217.755875   -196.071030  4  5  5 194       
PG18  -3852.662118  23602.860735  11289.226377   -266.073296  3  7  6 188       
PG19 -17352.110463 -17729.228451 -10265.437450    704.925933  5  3  4 198       
PG20 -17664.318319  -1355.329113  19842.935829    275.867211  8  4  6 209       
PG21 -25824.449627  -2969.980748  -5546.846792    371.550290  5  6  6 197       
PG22 -18670.189747 -11385.087101  15165.209502     71.734833  4  6  3 191       
PG23   4037.918027  14282.289581  22132.242785    685.092658  5  5  4 209       
PG24 -15007.139382  18916.253437  10091.424957    188.763855  5  6  5 205       
PG25  -5875.594126  15623.395963 -21004.926647    392.476931  6  5  6 212       
PG26  23764.180328   4957.344693 -11489.203643   -391.422685  4  4  5 203       
PG27  19050.239554   6000.034148  17345.046634      0.454317  4  5  2 276       
PG28   9310.544789  13862.380773 -20645.522853   -425.744170  6  4  3 189       
PG29   1066.256390  22409.728023 -14109.982270   -250.956421  5  5  2 189       
PG30  -6222.193965 -18129.210076  18492.099970    350.095515  2  3  6 203       
PG31  15408.758263   3677.520364 -21650.840666   -123.678018  5  4  5 192       
PG32  16392.818291  20727.917757  -3215.041102    247.377197  4  6  5 187       
*  2026  9  2  3 30  0.00000000
PG01  15975.901172 -19905.101789   7164.055984    182.317356  7  7  4 285       
PG02  16093.770887 -14161.645209  15628.432529    168.362043  5  6  1 231       
PG03  18486.427998 -11748.573983 -15169.699108    290.682335  5  4  2 196       
PG04   7005.151670 -14841.250991 -20814.239611     64.649886  5  5  4 198       
PG05 -25835.118305   5727.441797   2205.775035   -236.459232  5  7  6 215       
PG06  -9134.565223 -13355.295655 -20965.339264   -534.875028  5  6  2 193       
PG07   4899.446511 -24990.183865   7453.446154   -220.941725  3  7  1 192       
PG08  15518.556215  -5086.103477  20818.283670    357.849425  4  2  3 200       
PG09  -3481.316526 -21452.327887 -15318.844984    688.078125  6  5  4 218       
PG10  13789.327836  11580.794363  19921.675152   -540.723866  3  5  5 197       
PG11 -15864.457323  -1069.288515 -21198.513127   -223.060473  4  7  6 179       
PG12 -20116.899894  10748.853657 -13901.178401   -602.990490  6  7  5 193       
PG13 -21226.662147  11378.565593 -11297.148803    436.839433  9 12  6 283       
PG14 -10505.780603 -13754.667733  20334.606709    750.039766  2  6  3 180       
PG15 -13756.672468   7722.020919  20810.237946    441.378973  6  6  4 206       
PG16  26640.865914   1250.577602  -2980.682818    326.550242  6  5  5 249       
PG17 -12015.971355 -23222.058894   4060.324317   -196.074845  4  5  4 203       
PG18  -4557.458441  24530.950812   8717.956066   -266.065306  4  8  6 189       
PG19 -17666.321370 -18710.465263  -7704.120812    704.925977  4  3  4 195       
PG20 -18856.205083  -3186.717864  18485.011496    275.875534  7  4  6 210       
PG21 -25052.108084  -3250.910826  -8261.001967    371.543283  5  7  6 199       
PG22 -16863.373367 -11565.545407  17092.403757     71.742867  4  6  3 194       
PG23   1538.160397  14536.936066  22255.951835    685.095968  5  5  4 209       
PG24 -14861.821710  17503.138269  12477.602547    188.779503  6  6  6 204       
PG25  -8153.982690  15777.023269 -20069.396646    392.473857  6  5  6 212       
PG26  22435.611005   5465.145273 -13722.227938   -391.424026  3  4  5 209       
PG27  20048.880896   7663.556638  15545.994800      0.454666  4  6  2 272       
PG28   8298.750557  15931.035277 -19553.660487   -425.734535  6  5  3 189       
PG29     10.658078  21020.014031 -16160.239342   -250.950099  5  5  2 192       
PG30  -5222.985717 -19876.100065  16898.108863    350.106589  2  3  6 200       
PG31  14337.436891   5854.818756 -21884.145181   -123.675282  4  5  5 182       
PG32  16351.673735  21044.609759   -361.682571    247.394178  4  5  5 190       
*  2026  9  2  3 45  0.00000000
PG01  15785.009788 -18916.979229   9789.361576    182.309181  6  7  4 256       
PG02  15757.775956 -12324.734813  17514.128937    168.368348  4  5  1 233       
PG03  20059.433022 -11837.318326 -12892.329908    290.663813  4  4  2 205       
PG04   8499.395589 -12924.853392 -21538.680607     64.650228  5  5  4 202       
PG05 -25976.277958   5557.321540   -688.677553   -236.459381  4  7  6 226       
PG06  -8149.341698 -15487.024100 -19866.863584   -534.865432  4  7  3 203       
PG07   5398.904864 -25473.482091   4708.927991   -220.944854  4  7  1 199       
PG08  17044.663036  -3264.330521  20025.577676    357.840171  4  3  3 205       
PG09  -2166.593702 -20146.260746 -17236.080429    688.070302  6  5  3 221       
PG10  11541.873883  11930.588343  21095.168991   -540.717548  4  5  5 203       
PG11 -14910.918602  -3343.729413 -21655.469919   -223.049615  4  7  6 195       
PG12 -21546.611789  10659.864546 -11587.962797   -602.989713  6  7  5 199       
PG13 -22387.293716  11369.775453  -8768.048721    436.843844  8 12  6 282       
PG14  -8189.972390 -14147.840654  21090.217519    750.039570  2  6  3 192       
PG15 -15553.449108   6035.880274  20110.163703    441.381765  5  6  3 208       
PG16  26206.999748   1501.919317  -5748.163074    326.556129  5  5  5 249       
PG17 -11449.854630 -22904.792096   6832.250904   -196.079312  3  6  4 203       
PG18  -5096.046515  25217.304648   5994.430811   -266.057313  5  8  5 199       
PG19 -17873.738864 -19426.198201  -5014.598093    704.925850  2  3  4 207       
PG20 -20033.491286  -4821.424569  16810.317557    275.883899  7  4  5 214       
PG21 -23998.797223  -3609.909142 -10833.270337    371.536306  5  7  6 208       
PG22 -14871.916579 -11848.169540  18728.475638     71.750960  4  6  3 206       
PG23   -938.510793  14932.639738  21999.601179    685.099227  4  5  3 212       
PG24 -14714.475134  15829.513085  14638.334986    188.795107  6  6  6 206       
PG25 -10304.259631  16024.965282 -18797.656903    392.470815  6  4  6 214       
PG26  20904.465946   6093.361951 -15726.923945   -391.425367  3  4  5 215       
PG27  20989.791265   9099.707501  13477.622378      0.453972  4  6  2 279       
PG28   7445.973564  17916.049719 -18125.019704   -425.724889  6  5  3 199       
PG29  -1235.804989  19507.958595 -17930.951995   -250.943656  4  6  2 201       
PG30  -4377.558941 -21489.022086  15014.837363    350.117758  2  3  6 206       
PG31  13377.801514   8092.684349 -21751.281146   -123.672647  4  5  4 187       
PG32  16127.143158  21110.417792   2497.866068    247.411148  4  5  5 201       
*  2026  9  2  4  0  0.00000000
PG01  15536.501314 -17653.581657  12245.255825    182.301082  5  6  4 254       
PG02  15473.519075 -10288.351641  19099.427249    168.374318  3  5  1 241       
PG03  21361.343953 -11963.384458 -10394.630242    290.645254  4  4  2 203       
PG04  10132.538192 -11045.866724 -21890.751063     64.650503  5  5  4 199       
PG05 -25809.382135   5313.776183  -3571.312631   -236.459724  3  7  6 220       
PG06  -7332.103146 -17534.456885 -18423.253110   -534.855819  4  7  4 200       
PG07   5782.092917 -25680.489438   1882.520599   -220.947575  4  7  1 196       
PG08  18577.494037  -1600.979280  18885.887845    357.830942  4  3  3 201       
PG09   -647.577194 -18767.609066 -18858.097462    688.062489  6  5  3 221       
PG10   9207.513877  12433.715903  21917.006887   -540.711177  4  5  5 201       
PG11 -14066.892643  -5692.734320 -21737.454617   -223.038771  4  7  5 188       
PG12 -22712.336847  10606.234994  -9078.144977   -602.989127  6  7  5 198       
PG13 -23261.979413  11348.532703  -6088.652879    436.848207  8 12  6 282       
PG14  -5830.351417 -14668.787302  21487.938553    750.039414  1  6  4 188       
PG15 -17347.364411   4502.482593  19046.709739    441.384477  5  6  3 206       
PG16  25486.575123   1810.611909  -8420.129737    326.562096  4  4  5 250       
PG17 -10678.817672 -22376.687895   9485.861301   -196.083903  2  6  4 200       
PG18  -5494.923954  25632.069906   3166.052546   -266.049342  5  9  5 195       
PG19 -17937.697683 -19884.327487  -2241.705368    704.925862  1  4  4 206       
PG20 -21153.930526  -6243.085485  14847.399827    275.892206  7  5  5 213       
PG21 -22690.308895  -4077.574229 -13219.443317    371.529359  4  7  6 209       
PG22 -12736.967643 -12251.786440  20046.918910     71.758857  4  6  3 197       
PG23  -3342.611155  15457.417520  21366.640150    685.102500  4  4  3 211       
PG24 -14598.898919  13919.435798  16533.703729    188.810744  6  6  6 202       
PG25 -12288.078457  16343.721144 -17209.788572    392.467796  5  4  5 213       
PG26  19206.549010   6858.493924 -17469.908113   -391.426696  3  4  5 217       
PG27  21832.347313  10300.895729  11177.059383      0.454247  4  7  2 276       
PG28   6749.179868  19770.974693 -16384.149857   -425.715252  5  6  3 195       
PG29  -2670.058941  17918.584522 -19391.904536   -250.937149  4  6  2 196       
PG30  -3676.191398 -22926.510099  12873.703857    350.128928  2  3  6 202       
PG31  12546.320096  10347.153634 -21253.576510   -123.670065  4  6  4 177       
PG32  15691.757652  20951.614951   5315.037944    247.428185  5  5  5 197       
*  2026  9  2  4 15  0.00000000
PG01  15269.122602 -16126.431554  14489.303088    182.292896  5  6  4 247       
PG02  15270.258946  -8088.597940  20359.287840    168.380792  3  4  1 240       
PG03  22372.178241 -12087.666843  -7718.819442    290.626670  4  4  2 206       
PG04  11875.972786  -9245.386850 -21864.911362     64.650848  5  5  4 196       
PG05 -25349.544846   4960.641531  -6392.714520   -236.459880  2  7  6 223       
PG06  -6679.163926 -19448.733077 -16659.357358   -534.846144  4  7  4 202       
PG07   6080.770363 -25591.677832   -976.849628   -220.950781  4  8  2 195       
PG08  20076.380411   -116.087912  17420.448506    357.821728  4  4  2 205       
PG09   1062.841902 -17360.526194 -20157.548178    688.054724  6  5  3 220       
PG10   6835.169911  13091.797563  22372.867696   -540.704693  3  5  4 207       
PG11 -13350.319953  -8070.180266 -21443.308997   -223.027846  4  7  4 188       
PG12 -23595.826332  10552.204318  -6413.850217   -602.988332  5  7  6 206       
PG13 -23843.286163  11276.882235  -3304.810019    436.852608  8 12  7 283       
PG14  -3473.122871 -15313.026362  21520.155000    750.039316  1  6  3 192       
PG15 -19093.252188   3139.837165  17639.993435    441.386969  5  6  3 215       
PG16  24499.610101   2209.297374 -10952.643689    326.568562  3  4  5 246       
PG17  -9688.530194 -21674.435559  11976.001339   -196.087626  1  7  4 202       
PG18  -5785.865938  25752.910816    282.226203   -266.041381  6  9  5 195       
PG19 -17824.675619 -20100.374509    568.440998    704.925986  1  5  4 209       
PG20 -22174.358683  -7443.656256  12629.762407    275.900492  6  5  5 221       
PG21 -21159.397997  -4679.251136 -15378.489797    371.522318  4  7  5 210       
PG22 -10503.136360 -12788.044746  21026.735268     71.766775  4  6  4 199       
PG23  -5627.479440  16091.243442  20366.964405    685.105809  4  3  3 209       
PG24 -14545.029612  11804.876715  18128.628585    188.826372  6  6  6 206       
PG25 -14072.289253  16704.050971 -15331.255504    392.464738  5  5  4 215       
PG26  17381.278203   7770.337834 -18921.983113   -391.427952  3  5  5 213       
PG27  22536.923714  11268.095075   8685.007006      0.453899  4  7  2 280       
PG28   6197.387900  21451.958857 -14360.992747   -425.705583  5  6  4 199       
PG29  -4280.736190  16296.917202 -20518.327503   -250.930402  3  6  2 193       
PG30  -3102.184899 -24150.908594  10510.764947    350.140033  3  3  6 207       
PG31  11851.919143  12572.123336 -20398.345073   -123.667297  3  6  4 188       
PG32  15024.467015  20600.422499   8042.286015    247.445183  5  5  4 197       
*  2026  9  2  4 30  0.00000000
PG01  15019.819817 -14355.471154  16482.780833    182.284637  4  5  3 248       
PG02  15171.028172  -5766.585596  21274.454703    168.387326  4  4  1 234       
PG03  23080.835230 -12169.012347  -4910.392889    290.608039  4  4  2 203       
PG04  13694.699777  -7559.224953 -21462.170664     64.651078  5  6  4 195       
PG05 -24620.097980   4465.663978  -9104.716513   -236.460313  1  6  6 218       
PG06  -6178.484635 -21183.779915 -14605.684145   -534.836554  4  7  5 199       
PG07   6329.763375 -25195.911565  -3818.883915   -220.953953  5  8  2 247       
PG08  21499.225460   1178.307348  15655.907943    357.812457  4  4  2 198       
PG09   2943.715261 -15967.209198 -21112.632137    688.046920  6  5  3 218       
PG10   4473.963338  13897.939826  22454.312698   -540.698316  3  5  4 203       
PG11 -12771.279072 -10427.801524 -20778.412747   -223.016926  4  7  4 184       
PG12 -24187.065952  10460.128865  -3640.074936   -602.987555  5  7  6 198       
PG13 -24132.491175  11117.104757   -464.231630    436.856998  7 12  7 282       
PG14  -1163.545013 -16068.392754  21185.373321    750.039178  1  6  3 189       
PG15 -20745.238023   1957.531754  15916.455870    441.390004  5  5  3 201       
PG16  23273.053859   2726.441864 -13304.253131    326.574199  2  4  4 247       
PG17  -8472.404006 -20838.246373  14260.773582   -196.092309  1  7  3 201       
PG18  -6004.472962  25565.938515  -2606.541770   -266.033409  6  9  4 188       
PG19 -17505.656388 -20096.768312   3369.133150    704.926156  1  5  4 202       
PG20 -23052.353929  -8423.530356  10195.310523    275.908747  6  6  5 218       
PG21 -19444.597397  -5433.865438 -17273.259920    371.515271  3  7  5 207       
PG22  -8216.947841 -13460.920504  21652.681672     71.774950  4  7  4 204       
PG23  -7750.890902  16806.776830  19016.814012    685.109089  5  3  2 204       
PG24 -14577.560573   9524.622495  19393.653258    188.841948  6  6  6 198       
PG25 -15630.049800  17072.099484 -13192.591171    392.461678  5  4  4 214       
PG26  15470.336637   8831.454931 -20058.586587   -391.429279  3  5  5 212       
PG27  23066.436477  12010.511125   6044.967513      0.453741  4  7  2 281       
PG28   5772.254557  22919.327180 -12090.369225   -425.695955  4  7  4 192       
PG29  -6048.448434  14686.311585 -21291.297297   -250.923940  3  6  2 187       
PG30  -2632.656454 -25129.776701   7966.151285    350.151183  3  3  6 202       
PG31  11295.700303  14720.896765 -19198.842378   -123.664657  3  6  3 176       
PG32  14111.556777  20093.649276  10633.837076    247.462142  5  5  4 192       
*  2026  9  2  4 45  0.00000000
PG01  14822.187577 -12368.449508  18191.352845    182.276429  4  4  3 245       
PG02  15191.782225  -3367.009595  21831.621109    168.393684  3  5  2 235       
PG03  23485.450629 -12165.953644  -2017.377739    290.589398  4  4  3 208       
PG04  15548.560682  -6016.683838 -20690.030672     64.651400  5  6  4 202       
PG05 -23651.641283   3801.918035 -11661.203051   -236.460557  2  5  6 221       
PG06  -5810.298090 -22697.999659 -12297.864693   -534.826887  3  7  5 206       
PG07   6565.403486 -24491.085317  -6592.840230   -220.956675  5  7  3 244       
PG08  22804.072136   2278.367444  13623.775011    357.803218  4  5  1 203       
PG09   4966.666116 -14626.341766 -21707.432711    688.039133  6  5  3 221       
PG10   2171.558996  14836.876891  22158.967516   -540.691896  3  5  3 211       
PG11 -12331.683980 -12716.879538 -19754.569080   -223.006068  4  7  4 194       
PG12 -24484.606036  10292.079899   -803.971473   -602.986745  4  8  6 203       
PG13 -24139.444829  10833.344659   2384.316152    436.861375  7 12  6 282       
PG14   1055.610324 -16915.407270  20488.309613    750.039048  1  6  3 200       
PG15 -22258.518754    956.595910  13908.242990    441.392690  5  5  3 210       
PG16  21839.810596   3385.139270 -15436.568121    326.580348  1  4  4 247       
PG17  -7031.964458 -19910.222038  16302.188045   -196.096482  1  7  3 207       
PG18  -6188.560733  25066.317887  -5449.574674   -266.025424  6  9  3 197       
PG19 -16957.339707 -19901.894126   6113.767627    704.926402  1  6  3 203       
PG20 -23747.885087  -9191.334018   7585.716219    275.917034  6  6  5 221       
PG21 -17588.821727  -6353.009126 -18871.123624    371.508265  3  7  5 214       
PG22  -5925.252454 -14266.522852  21915.425086     71.782799  4  7  4 204       
PG23  -9676.513899  17570.392357  17338.560912    685.112328  5  4  2 212       
PG24 -14714.794475   7122.881372  20305.600793    188.857557  6  6  6 206       
PG25 -16941.722581  17410.721509 -10828.995791    392.458614  4  4  3 214       
PG26  13516.248526  10036.903182 -20860.183872   -391.430580  3  5  5 220       
PG27  23387.774292  12544.946094   3302.460344      0.452848  4  7  2 288       
PG28   5448.954439  24139.009378  -9611.380198   -425.686314  4  7  4 201       
PG29  -7946.374397  13126.864419 -21698.029294   -250.917279  3  5  3 200       
PG30  -2239.584553 -25837.117302   5283.415935    350.162358  4  4  6 209       
PG31  10870.953912  16747.774527 -17674.134445   -123.661868  3  6  3 202       
PG32  12947.290545  19471.185782  13046.400782    247.479133  5  5  3 201       
*  2026  9  2  5  0  0.00000000
PG01  14705.062760 -10200.012895  19585.661562    182.268259  5  3  3 241       
PG02  15340.840139   -936.621942  22023.495619    168.399745  3  5  2 236       
PG03  23593.406926 -12038.479022    910.472008    290.570758  4  4  3 215       
PG04  17393.675469  -4639.600858 -19562.317729     64.651770  5  6  4 214       
PG05 -22480.834995   2949.012181 -14018.865150   -236.460539  2  4  6 228       
PG06  -5548.050242 -23955.792837  -9776.020767   -534.817264  3  7  5 219       
PG07   6823.867026 -23484.416823  -9248.526043   -220.959772  5  7  4 239       
PG08  23950.654592   3188.326857  11359.802942    357.793974  4  6  1 214       
PG09   7096.801140 -13371.689147 -21932.155292    688.031319  6  5  3 227       
PG10    -27.445953  15885.429555  21490.625056   -540.685509  3  5  3 222       
PG11 -12025.312870 -14889.951461 -18389.777122   -222.995213  3  7  4 213       
PG12 -24495.579337  10011.477224   2045.922255   -602.985956  3  8  6 214       
PG13 -23882.114332  10393.177237   5191.844233    436.865754  6 12  6 282       
PG14   3145.513023 -17827.940504  19439.879192    750.038880  1  7  3 213       
PG15 -23591.086623    129.733608  11652.472181    441.395223  4  4  3 221       
PG16  20237.573737   4202.116867 -17314.786610    326.586464  1  5  4 249       
PG17  -5376.909329 -18932.691566  18066.721441   -196.100419  1  7  2 217       
PG18  -6376.459063  24258.523721  -8196.966032   -266.017405  6  9  3 213       
PG19 -16163.156936 -19548.936272   8756.542949    704.926264  1  7  3 221       
PG20 -24224.885021  -9763.405099   4845.716545    275.925344  6  6  6 225       
PG21 -15637.813184  -7440.314553 -20144.533081    371.501240  3  6  5 217       
PG22  -3673.648398 -15193.200677  21811.608837     71.790754  3  7  4 216       
PG23 -11375.151867  18343.476587  15360.384675    685.115623  5  5  1 220       
PG24 -14967.785207   4647.652352  20848.075712    188.873185  6  6  6 219       
PG25 -17995.519674  17680.965501  -8279.842278    392.455562  3  5  3 215       
PG26  11560.928070  11374.245853 -21312.600069   -391.431812  4  4  4 228       
PG27  23473.067738  12894.895027    504.239240      0.452392  4  7  2 291       
PG28   5197.317634  25083.763330  -6966.732246   -425.676689  4  8  4 215       
PG29  -9941.137811  11653.972125 -21732.061777   -250.911021  3  5  3 212       
PG30  -1891.073103 -26254.379597   2508.803412    350.173522  5  4  5 217       
PG31  10563.474229  18609.633895 -15848.875508   -123.659297  3  5  3 215       
PG32  11534.258305  18774.409624  15239.826730    247.496159  5  5  3 216       
*  2026  9  2  5 15  0.00000000
PG01  14691.318233  -7890.534435  20641.829343    182.260033  5  3  3 241       
PG02  15618.626914   1477.337450  21848.777734    168.406213  3  5  2 237       
PG03  23420.994404 -11749.769331   3822.528931    290.551992  4  4  2 221       
PG04  19184.026701  -3441.691404 -18098.908735     64.652134  5  6  4 219       
PG05 -21148.983431   1894.039236 -16137.898709   -236.460828  3  4  5 231       
PG06  -5359.618010 -24928.856605  -7084.046043   -534.807647  3  7  5 223       
PG07   7139.485836 -22192.366123 -11737.330632   -220.962777  6  7  4 238       
PG08  24901.875947   3920.064579   8903.325278    357.784590  3  6  1 218       
PG09   9293.870374 -12230.896365 -21783.265729    688.023523  5  5  3 231       
PG10  -2083.032007  17013.270396  20459.264132   -540.679139  2  5  2 226       
PG11 -11838.165191 -16902.471192 -16707.896644   -222.984366  3  7  4 219       
PG12 -24235.400248   9584.695998   4860.497999   -602.985131  3  7  6 220       
PG13 -23385.824546   9769.053844   7909.981953    436.870161  6 11  6 282       
PG14   5072.590304 -18774.150844  18057.082901    750.038702  2  6  2 218       
PG15 -24705.323478   -538.094479   9190.410734    441.397943  4  2  2 226       
PG16  18507.510560   5186.973629 -18908.171071    326.592271  1  4  3 251       
PG17  -3524.860622 -17946.579949  19525.782333   -196.104691  1  7  2 223       
PG18  -6605.291010  23156.234038 -10800.508027   -266.009416  5  8  3 219       
PG19 -15114.056457 -19074.554299  11253.153366    704.926513  1  7  3 224       
PG20 -24452.688094 -10162.975440   2022.355252    275.933582  6  6  6 227       
PG21 -13638.488595  -8691.141595 -21071.499393    371.494289  3  6  5 223       
PG22  -1504.970987 -16221.941240  21343.835248     71.798793  3  7  3 222       
PG23 -12825.719762  19083.944188  13115.837705    685.118896  5  6  1 224       
PG24 -15339.810719   2148.934034  21011.796023    188.888781  6  5  5 224       
PG25 -18787.865046  17843.663314  -5588.091614    392.452466  2  5  3 214       
PG26   9644.250553  12823.839592 -21407.286375   -391.433065  4  4  4 231       
PG27  23300.754461  13089.415026  -2302.477107      0.451946  4  8  2 294       
PG28   4983.181283  25734.146068  -4201.999504   -425.667061  4  8  3 221       
PG29 -11993.940266  10297.088185 -21393.330100   -250.904703  3  4  3 217       
PG30  -1552.785512 -26371.191146   -309.549676    350.184681  5  5  5 222       
PG31  10352.170668  20267.439686 -13752.991662   -123.656776  3  5  3 220       
PG32   9883.421795  18044.560466  17177.704065    247.513157  5  5  3 221       
*  2026  9  2  5 30  0.00000000
PG01  14796.903501  -5484.728829  21341.860436    182.251884  5  4  1 239       
PG02  16017.716981   3828.698109  21312.052680    168.412713  3  5  3 237       
PG03  22992.731133 -11267.832281   6668.179748    290.533332  3  4  3 226       
PG04  20873.128996  -2428.214877 -16325.357946     64.652471  5  6  3 223       
PG05 -19700.464517    632.237662 -17982.636896   -236.460754  4  4  5 241       
PG06  -5208.754478 -25597.205981  -4268.815984   -534.798003  2  7  5 228       
PG07   7543.105939 -20640.170136 -14013.267793   -220.965740  6  7  5 236       
PG08  25625.159447   4492.393912   6296.557963    357.775363  4  6  1 222       
PG09  11513.631472 -11224.532986 -21263.528655    688.015707  5  5  3 234       
PG10  -3961.111342  18183.973783  19080.978377   -540.672790  2  5  2 229       
PG11 -11749.130930 -18714.359209 -14738.212551   -222.973558  2  7  4 223       
PG12 -23727.151308   8982.583179   7590.924957   -602.984643  3  7  5 226       
PG13 -22682.224159   8939.567682  10491.813715    436.874516  5 11  6 281       
PG14   6809.651042 -19717.665311  16362.786987    750.038532  2  6  2 223       
PG15 -25569.399487  -1068.774689   6566.593957    441.400946  4  2  2 228       
PG16  16692.840896   6341.674616 -20190.474833    326.598555  2  4  3 250       
PG17  -1500.825672 -16989.867704  20656.082093   -196.108495  2  7  1 228       
PG18  -6909.304706  21781.864166 -13214.586766   -266.001439  5  8  3 223       
PG19 -13809.029697 -18517.436770  13561.472753    704.926906  2  7  2 225       
PG20 -24407.275479 -10419.087838   -835.819747    275.941998  5  6  6 232       
PG21 -11637.250782 -10092.591163 -21635.975298    371.487299  4  6  5 228       
PG22    542.100994 -17327.042548  20520.569285     71.806954  3  6  3 229       
PG23 -14015.913301  19747.916966  10643.303568    685.122201  5  6  1 227       
PG24 -15826.200937   -323.142922  20794.745730    188.904364  6  5  5 228       
PG25 -19323.452926  17861.067791  -2799.620776    392.449387  2  5  3 215       
PG26   7802.695148  14359.396141 -21141.515061   -391.434266  4  4  4 233       
PG27  22856.407482  13161.815032  -5070.750789      0.452779  4  8  2 288       
PG28   4769.901705  26079.194701  -1364.834720   -425.657407  4  9  3 224       
PG29 -14061.904299   9078.725473 -20688.132356   -250.897923  3  3  3 223       
PG30  -1189.492960 -26185.785236  -3122.468680    350.195731  5  7  5 239       
PG31  10209.958493  21687.629685 -11421.268593   -123.653731  3  6  3 231       
PG32   8013.858298  17321.142332  18827.899185    247.530163  5  5  3 224       
*  2026  9  2  5 45  0.00000000
PG01  15030.169199  -3030.106288  21673.937487    182.243716  6  4  1 238       
PG02  16523.168424   6073.852925  20423.614457    168.418913  3  5  2 237       
PG03  22340.364312 -10566.966673   9397.730749    290.514657  3  3  3 223       
PG04  22415.719873  -1595.972505 -14272.433044     64.652787  4  6  3 218       
PG05 -18181.064909   -832.658721 -19522.109303   -236.460940  4  4  4 241       
PG06  -5056.702356 -25949.877114  -1379.342298   -534.788334  2  7  5 225       
PG07   8060.572662 -18861.000257 -16033.995939   -220.968823  6  6  5 221       
PG08  26093.626707   4930.104320   3583.880319    357.766100  4  7  1 218       
PG09  13709.367492 -10365.418349 -20381.946541    688.007884  5  5  4 233       
PG10  -5634.674615  19356.318801  17377.810351   -540.666374  2  5  1 227       
PG11 -11730.943965 -20291.382237 -12514.908233   -222.962704  2  8  4 218       
PG12 -23000.675292   8181.821513  10189.515598   -602.983732  3  6  5 220       
PG13 -21808.016240   7890.489482  12892.696088    436.878898  5 11  6 281       
PG14   8336.772994 -20618.961751  14385.395252    750.038352  2  6  2 219       
PG15 -26158.422787  -1489.878767   3827.910409    441.403446  4  3  1 227       
PG16  14837.356143   7660.317340 -21140.317011    326.604498  2  3  3 249       
PG17    663.606511 -16096.194578  21439.913462   -196.112869  2  6  1 223       
PG18  -7318.328039  20165.760793 -15397.024159   -265.993438  5  7  4 218       
PG19 -12255.356398 -17916.781655  15642.221952    704.927040  2  8  2 220       
PG20 -24072.279082 -10565.289178  -3679.589742    275.950172  5  5  6 228       
PG21  -9678.328709 -11623.845741 -21828.137120    371.480272  4  6  5 225       
PG22   2434.276474 -18477.032981  19355.967797     71.814604  3  6  3 221       
PG23 -14942.540697  20291.500810   7985.354972    685.125456  5  6  1 224       
PG24 -16414.526021  -2720.172507  20202.146335    188.919922  5  4  4 224       
PG25 -19614.991790  17698.474841     37.530593    392.446289  2  5  4 214       
PG26   6068.107766  15948.802795 -20518.497132   -391.435534  4  4  4 232       
PG27  22133.303247  13148.217473  -7754.638930      0.452778  4  8  2 288       
PG28   4519.967503  26116.790863   1495.856553   -425.647820  4  9  4 220       
PG29 -16099.574657   8013.739070 -19628.989537   -250.891332  3  3  4 221       
PG30   -766.674530 -25705.101247  -5880.633368    350.206969  6  7  5 239       
PG31  10104.901377  22843.320025  -8892.843326   -123.651296  4  6  2 226       
PG32   5952.214105  16640.409052  20163.027974    247.547183  5  5  2 220       
*  2026  9  2  6  0  0.00000000
PG01  15391.500927   -575.325649  21632.608514    182.235527  6  4  1 235       
PG02  17113.129203   8173.141335  19199.225403    168.425353  3  6  2 235       
PG03  21501.588890  -9628.994440  11963.313177    290.496051  3  3  3 226       
PG04  23769.408022   -933.633717 -11975.569906     64.653048  4  6  2 220       
PG05 -16636.282722  -2488.393636 -20730.521965   -236.461517  4  5  4 232       
PG06  -4863.909657 -25985.284876   1534.110683   -534.778715  1  6  5 228       
PG07   8711.417967 -16894.771111 -17761.780494   -220.971660  6  5  5 221       
PG08  26287.064458   5262.795963    811.106230    357.756855  4  7  1 220       
PG09  15833.502261  -9658.250843 -19153.601338    688.000035  4  5  4 233       
PG10  -7084.684788  20485.803086  15377.486461   -540.659943  2  5  2 229       
PG11 -11751.380495 -21606.310929 -10076.458255   -222.951864  1  8  4 220       
PG12 -22091.403616   7166.083090  12610.593160   -602.983184  3  6  5 222       
PG13 -20803.501727   6615.530834  15071.040592    436.883309  6 11  5 281       
PG14   9641.915154 -21436.901718  12158.414291    750.038145  3  6  2 220       
PG15 -26455.300313  -1833.295245   1022.680002    441.406031  3  4  1 224       
PG16  12983.926271   9129.178282 -21741.504297    326.610535  3  3  3 248       
PG17   2931.299737 -15293.653429  21865.339916   -196.117067  2  6  1 225       
PG18  -7856.410855  18345.089902 -17309.847787   -265.985410  5  6  4 220       
PG19 -10468.556250 -17310.755670  17459.612031    704.926838  2  7  1 226       
PG20 -23439.703809 -10638.150319  -6459.915148    275.958460  5  6  6 228       
PG21  -7802.209848 -13256.824969 -21644.560836    371.473267  4  7  5 224       
PG22   4144.681371 -19635.804541  17869.638488     71.822712  3  6  3 224       
PG23 -15611.499746  20672.589985   5188.020790    685.128771  5  5  1 224       
PG24 -17085.131560  -4997.234281  19246.253565    188.935518  5  4  4 227       
PG25 -19682.635664  17325.764149   2873.985177    392.443228  2  5  4 215       
PG26   4466.629596  17555.177616 -19547.416476   -391.436724  4  4  4 233       
PG27  21132.715499  13086.045110 -10309.870568      0.452553  3  7  2 288       
PG28   4196.650038  25853.694599   4330.763944   -425.638188  3  9  4 221       
PG29 -18060.520386   7108.914053 -18234.404633   -250.885011  3  3  4 220       
PG30   -252.103048 -24944.549199  -8535.490292    350.218234  6  7  6 239       
PG31  10001.567467  23715.280420  -6210.602157   -123.648847  4  7  2 226       
PG32   3731.888076  16033.985067  21160.859586    247.564202  5  5  2 225       
*  2026  9  2  6 15  0.00000000
PG01  15873.275634   1831.489870  21218.862350    182.227318  6  4  1 235       
PG02  17759.689295  10092.079588  17659.819456    168.431622  3  6  2 235       
PG03  20518.531985  -8444.206671  14319.769497    290.477387  2  3  3 224       
PG04  24896.217311   -422.375545  -9474.256370     64.653381  4  6  2 216       
PG05 -15109.660114  -4314.483244 -21587.653556   -236.461910  5  5  3 228       
PG06  -4591.777484 -25711.221459   4420.929547   -534.769135  1  6  5 225       
PG07   9507.817935 -14786.648024 -19164.363391   -220.974280  6  5  5 218       
PG08  26192.649632   5523.553065  -1975.244642    357.747611  4  7  1 216       
PG09  17839.254072  -9099.553740 -17599.401610    687.992140  4  5  4 234       
PG10  -8300.679500  21526.316228  13113.049551   -540.653505  2  5  2 229       
PG11 -11774.654327 -22639.812696  -7464.952052   -222.941027  2  9  4 218       
PG12 -21038.963501   5926.921288  14811.342883   -602.982371  4  5  5 218       
PG13 -19710.991992   5116.803287  16989.047712    436.887665  6 11  5 281       
PG14  10721.227320 -22130.355866   9719.915246    750.037944  3  6  2 218       
PG15 -26451.284757  -2133.718138  -1800.252012    441.408680  3  4  1 222       
PG16  11173.043097  10727.039881 -21983.297111    326.616399  3  3  3 248       
PG17   5260.795694 -14603.812195  21926.299828   -196.121463  3  5  1 223       
PG18  -8540.710837  16362.465517 -18919.972417   -265.977392  5  5  5 216       
PG19  -8472.043175 -16734.986864  18981.954902    704.926751  3  7  1 227       
PG20 -22510.338620 -10675.670380  -9128.787052    275.966703  6  6  6 225       
PG21  -6044.224754 -14957.132176 -21088.288822    371.466227  4  7  5 222       
PG22   5653.653299 -20763.919932  16086.332351     71.830628  3  6  3 220       
PG23 -16037.397488  20852.625450   2299.974547    685.132020  5  5  1 222       
PG24 -17811.989904  -7114.480663  17945.992489    188.951135  4  4  5 223       
PG25 -19553.117568  16718.792741   5659.911433    392.440129  3  5  5 214       
PG26   3017.832746  19138.126626 -18243.374397   -391.437948  4  4  3 231       
PG27  19863.930240  13012.486613 -12694.481950      0.452540  3  7  3 288       
PG28   3765.626149  25305.246559   7091.027293   -425.628583  3  9  4 218       
PG29 -19898.977240   6362.871088 -16528.526400   -250.878443  3  3  4 218       
PG30    382.650352 -23927.443613 -11040.164827    350.229516  6  8  6 240       
PG31   9862.550596  24292.635977  -3420.489695   -123.646007  4  7  2 229       
PG32   1391.974201  15527.668894  21804.649150    247.581197  5  5  2 222       
*  2026  9  2  6 30  0.00000000
PG01  16460.141062   4144.409810  20440.092584    182.219120  6  4  2 236       
PG02  18429.946535  11802.401702  15831.154988    168.437971  3  7  2 232       
PG03  19436.062414  -7011.980709  16425.500895    290.458800  2  3  4 220       
PG04  25763.969414    -36.808070  -6811.355882     64.653708  4  5  1 211       
PG05 -13641.206174  -6282.821124 -22079.164167   -236.462406  5  6  2 221       
PG06  -4204.368815 -25144.497450   7231.056900   -534.759574  1  5  5 222       
PG07  10453.875969 -12585.318917 -20215.706854   -220.977568  6  4  5 213       
PG08  25805.411615   5747.506135  -4728.667196    357.738366  4  7  1 211       
PG09  19682.267214  -8677.938685 -15745.738935    687.984286  4  5  4 233       
PG10  -9281.052844  22431.913233  10622.387797   -540.647187  3  5  2 225       
PG11 -11762.953661 -23381.047319  -4725.361142   -222.930241  3  9  4 212       
PG12 -19885.616769   4464.359381  16752.627953   -602.981605  4  5  4 212       
PG13 -18573.152231   3404.953089  18613.378258    436.892075  6 11  4 280       
PG14  11579.040452 -22659.858145   7111.898268    750.037696  3  6  2 213       
PG15 -26146.197201  -2427.059631  -4592.385691    441.411172  3  4  1 224       
PG16   9441.447542  12425.790298 -21860.616695    326.622394  3  5  3 247       
PG17   7607.684465 -14040.993120  21622.629820   -196.125515  3  4  1 219       
PG18  -9380.668230  14264.376864 -20199.779582   -265.969413  5  5  5 212       
PG19  -6296.488397 -16221.145282  20182.231720    704.927128  3  7  1 218       
PG20 -21293.838750 -10715.627991 -11640.065100    275.974978  6  7  5 222       
PG21  -4433.338092 -16685.256385 -20168.785630    371.459161  4  8  5 218       
PG22   6949.276461 -21820.048759  14035.572761     71.838691  3  6  2 217       
PG23 -16242.824653  20798.234281   -628.340482    685.135310  6  5  1 217       
PG24 -18563.822048  -9038.484102  16326.449943    188.966753  4  5  5 219       
PG25 -19258.613374  15860.578873   8345.948661    392.437070  4  5  5 212       
PG26   1734.098641  20655.161805 -16627.238929   -391.439168  3  4  2 228       
PG27  18343.985803  12962.993264 -14869.407286      0.452700  3  6  3 287       
PG28   3196.509110  24494.750267   9729.083423   -425.618862  3  9  5 213       
PG29 -21571.469027   5766.290728 -14540.724637   -250.872217  3  4  4 211       
PG30   1160.857716 -22684.126775 -13350.351671    350.240761  7  8  6 241       
PG31   9650.099528  24573.261389   -570.736992   -123.643537  4  8  2 223       
PG32  -1024.000456  15140.460361  22083.396883    247.598225  5  5  2 216       
*  2026  9  2  6 45  0.00000000
PG01  17129.606245   6321.263574  19309.951898    182.210889  6  4  2 236       
PG02  19087.248824  13282.881008  13743.421775    168.444328  4  7  2 232       
PG03  18299.993156  -5341.038606  18243.256429    290.440219  3  3  4 220       
PG04  26347.454370    253.851308  -4032.382353     64.653984  4  5  1 212       
PG05 -12265.966766  -8358.570664 -22196.814022   -236.462491  5  6  2 226       
PG06  -3670.009198 -24310.241537   9915.879926   -534.750011  1  5  5 222       
PG07  11545.270772 -10341.110620 -20896.583140   -220.980059  6  4  5 215       
PG08  25128.419517   5970.335193  -7403.375672    357.729141  4  6  1 211       
PG09  21322.161629  -8374.676537 -13624.058316    687.976430  4  5  4 235       
PG10 -10032.998388  23158.622063   7947.660901   -540.640841  3  6  2 241       
PG11 -11678.058993 -23827.944626  -1904.763024   -222.919407  4  9  4 211       
PG12 -18674.591724   2787.145715  18399.750672   -602.980814  4  6  4 211       
PG13 -17431.340429   1498.964066  19915.749166    436.896453  7 11  4 280       
PG14  12227.534184 -22989.222193   4379.568914    750.037509  3  6  3 213       
PG15 -25548.328724  -2748.852657  -7306.386127    441.413974  2  4  1 222       
PG16   7820.887071  14191.280235 -21374.188701    326.628593  3  5  3 248       
PG17   9926.072175 -13611.829375  20960.011656   -196.129318  2  3  1 223       
PG18 -10377.501709  12099.479427 -21127.584777   -265.961321  5  5  5 211       
PG19  -3978.908490 -15795.665279  21038.608424    704.927224  3  7  1 218       
PG20 -19808.474324 -10793.944530 -13950.286413    275.983212  6  7  5 221       
PG21  -2991.192494 -18397.984378 -18901.782971    371.452129  4  8  4 218       
PG22   8027.639506 -22762.484314  11751.224093     71.846913  2  6  3 222       
PG23 -16257.312082  20482.681039  -3545.631879    685.138565  6  5  1 218       
PG24 -19305.433019 -10743.292142  14418.247383    188.982329  3  5  5 218       
PG25 -18835.377419  14742.220177  10884.153568    392.433972  4  5  6 212       
PG26    620.267315  22063.231264 -14725.394232   -391.440398  3  4  2 228       
PG27  16597.150232  12969.856680 -16799.022917      0.452859  3  6  3 285       
PG28   2464.227398  23452.558794  12199.489567   -425.609180  2  8  5 213       
PG29 -23038.347812   5302.445580 -12305.084725   -250.865735  2  5  4 211       
PG30   2099.481217 -21250.815165 -15425.162343    350.252021  7  8  6 223       
PG31   9327.791274  24563.844530   2288.979886   -123.640970  4  8  3 241       
PG32  -3469.499597  14883.845526  21992.031105    247.615161  6  5  3 235       
*  2026  9  2  7  0  0.00000000
PG01  17852.919082   8325.058442  17848.100562    182.202687  6  4  3 236       
PG02  19692.571323  14519.908735  11430.805454    168.450468  4  7  3 229       
PG03  17155.250181  -3449.332167  19740.845037    290.421637  3  2  4 219       
PG04  26629.346656    484.400818  -1184.737833     64.654257  4  4  1 211       
PG05 -11012.792464 -10501.312396 -21938.590243   -236.463142  6  7  2 217       
PG06  -2962.715279 -23240.888775  12429.085125   -534.740456  1  5  5 220       
PG07  12769.288744  -8104.039231 -21194.988561   -220.983143  5  4  5 213       
PG08  24172.691386   6226.766716  -9954.986814    357.719844  4  6  1 209       
PG09  22723.943817  -8164.554196 -11270.348247    687.968577  3  5  4 236       
PG10 -10572.107910  23666.214964   5134.627437   -540.634409  4  6  2 226       
PG11 -11482.979178 -23987.155736    948.464753   -222.908618  5  9  4 208       
PG12 -17448.375649    912.659023  19723.139615   -602.980116  4  6  4 208       
PG13 -16324.007234   -574.365739  20873.442070    436.900830  8 11  3 280       
PG14  12686.091236 -23087.053109   1570.538681    750.037326  3  6  4 212       
PG15 -24674.036562  -3132.705627  -9896.840649    441.416634  2  4  1 224       
PG16   6337.046763  15984.413025 -20530.617937    326.634498  3  6  2 249       
PG17  12170.095617 -13315.110149  19949.846715   -196.133596  3  2  1 221       
PG18 -11524.043661   9916.820106 -21687.985067   -265.953343  5  5  5 209       
PG19  -1561.504883 -15478.660037  21534.886940    704.927535  3  6  1 215       
PG20 -18080.553651 -10943.124230 -16019.430549    275.991500  6  8  4 223       
PG21  -1731.441974 -20049.969014 -17309.015982    371.445117  5  8  4 218       
PG22   8892.807516 -23550.689834   9271.002464     71.854896  2  6  3 221       
PG23 -16116.010362  19887.068932  -6400.704787    685.141831  6  5  1 217       
PG24 -19999.196133 -12211.154772  12256.819794    188.997916  3  6  5 215       
PG25 -18322.203154  13363.499677  13228.945415    392.430849  4  5  6 207       
PG26   -326.423175  23320.306657 -12569.386906   -391.441689  2  4  2 224       
PG27  14654.155597  13060.913936 -18451.643293      0.452961  3  5  4 285       
PG28   1550.196897  22214.901612  14459.708848   -425.599589  2  8  5 210       
PG29 -24265.196290   4948.018313  -9859.829985   -250.859414  2  5  4 210       
PG30   3208.276485 -19668.215949 -17227.908870    350.263144  7  8  6 220       
PG31   8862.180075  24279.609456   5108.436169   -123.638530  4  9  3 218       
PG32  -5896.515153  14761.365003  21531.512560    247.632246  6  5  3 212       
*  2026  9  2  7 15  0.00000000
PG01  18596.196138  10125.195558  16079.854412    182.194455  6  4  2 235       
PG02  20205.984102  15507.812949   8931.011741    168.456655  5  7  3 230       
PG03  16044.083422  -1363.555750  20891.753085    290.403095  4  2  4 218       
PG04  26600.833865    692.127485   1683.075259     64.654520  5  4  1 208       
PG05  -9903.348592 -12666.405016 -21308.740532   -236.463130  6  8  3 222       
PG06  -2063.394698 -21974.899653  14727.463223   -534.730901  1  5  5 219       
PG07  14105.239534  -5921.888065 -21106.368107   -220.986086  5  4  5 210       
PG08  22956.830983   6549.116196 -12341.176219    357.710603  4  6  2 208       
PG09  23859.226839  -8016.985654  -8724.557059    687.960746  3  4  4 230       
PG10 -10921.633991  23919.871618   2231.880556   -540.628044  4  6  2 224       
PG11 -11143.542528 -23873.681787   3785.466700   -222.897832  5  9  4 205       
PG12 -16247.038629  -1133.537728  20698.944550   -602.979659  4  6  3 208       
PG13 -15285.219925  -2781.255055  21469.714498    436.905209  8 11  2 280       
PG14  12980.362072 -22928.090717  -1266.035201    750.037093  2  6  4 206       
PG15 -23547.060860  -3608.865810 -12320.945705    441.419146  2  5  1 226       
PG16   5008.693535  17762.436297 -19342.388126    326.640615  2  6  2 249       
PG17  14295.433214 -13141.916259  18609.061624   -196.137740  2  2  1 224       
PG18 -12804.918587   7764.068231 -21872.083273   -265.945309  5  6  4 208       
PG19    909.708712 -15283.073790  21660.879905    704.927483  3  6  1 216       
PG20 -16143.542418 -11190.833282 -17811.626133    275.999766  6  8  4 220       
PG21   -659.400488 -21595.393759 -15417.854708    371.438023  5  9  4 214       
PG22   9556.508018 -24146.821777   6635.931218     71.862549  2  6  3 211       
PG23 -15858.146430  19001.238730  -9143.413687    685.145117  6  5  1 214       
PG24 -20606.617828 -13432.905513   9881.627120    189.013528  3  7  5 213       
PG25 -17758.772065  11733.145987  15338.024938    392.427752  3  4  6 209       
PG26  -1116.098366  24386.968256 -10195.468060   -391.442893  2  4  2 223       
PG27  12551.215654  13258.421968 -19799.967338      0.453202  3  5  4 281       
PG28    443.240291  20822.497523  16470.844015   -425.589924  2  7  6 208       
PG29 -25224.041000   4674.173223  -7246.681109   -250.852852  2  5  4 209       
PG30   4489.192288 -17979.970652 -18726.804312    350.274253  7  7  6 222       
PG31   8224.352129  23743.703121   7837.791642   -123.635798  5  9  4 217       
PG32  -8257.166206  14768.482504  20708.857319    247.649254  6  5  3 210       
*  2026  9  2  7 30  0.00000000
PG01  19321.760345  11698.438951  14035.739221    182.186277  6  5  2 233       
PG02  20588.163466  16248.908260   6284.751840    168.463101  6  7  3 235       
PG03  15004.394557    881.695884  21675.652327    290.384581  4  3  4 226       
PG04  26261.935759    915.188649   4522.255594     64.654810  5  3  1 221       
PG05  -8951.402928 -14806.511520 -20317.713270   -236.463919  6  8  3 222       
PG06   -960.770700 -20555.262522  16771.649847   -534.721330  1  4  5 228       
PG07  15525.232756  -3838.404625 -20633.645901   -220.989078  4  5  5 221       
PG08  21506.406113   6965.925932 -14522.303199    357.701390  3  6  3 222       
PG09  24707.213883  -7897.336119  -6029.943158    687.952920  4  4  4 238       
PG10 -11111.439008  23891.663578   -709.997145   -540.621658  4  6  2 232       
PG11 -10629.881939 -23510.196151   6557.734176   -222.886894  5  8  4 220       
PG12 -15106.659354  -3318.481095  21309.522700   -602.979110  4  6  3 224       
PG13 -14343.368932  -5082.047067  21694.105341    436.909601  9 11  2 279       
PG14  13141.076049 -22494.326329  -4080.353115    750.036899  3  6  4 219       
PG15 -22197.596487  -4202.940483 -14539.119001    441.421946  3  6  2 232       
PG16   3847.067775  19480.395912 -17827.780040    326.646662  2  7  2 250       
PG17  16260.762474 -13076.039603  16959.848003   -196.141972  3  3  1 230       
PG18 -14197.054109   5685.822507 -21677.587997   -265.937285  6  6  4 220       
PG19   3386.445056 -15214.110233  21412.696548    704.927616  3  5  1 225       
PG20 -14036.912079 -11558.674797 -19295.785821    276.008046  6  8  4 228       
PG21    227.980960 -22989.669336 -13260.836660    371.431115  5  9  5 226       
PG22  10037.539865 -24517.177662   3889.744013     71.870504  2  5  4 223       
PG23 -15525.321050  17824.326064 -11725.597631    685.148389  7  5  1 225       
PG24 -21089.914961 -14407.994255   7335.324019    189.029147  4  7  5 226       
PG25 -17183.961268   9868.729073  17173.241354    392.424643  3  5  6 212       
PG26  -1765.712651  25227.925515  -7644.032630   -391.444150  3  4  3 232       
PG27  10328.859243  13578.137887 -20821.473506      0.453398  2  4  4 280       
PG28   -859.782620  19319.007713  18198.306678   -425.580264  2  7  6 221       
PG29 -25894.332151   4447.840000  -4510.162462   -250.846427  2  5  4 220       
PG30   5936.093463 -16230.991286 -19895.563056    350.285355  6  7  6 229       
PG31   7391.317825  22986.265033  10428.540188   -123.633520  5  9  5 223       
PG32 -10505.304524  14892.760777  19537.075561    247.666250  6  5  3 223       
*  2026  9  2  7 45  0.00000000
PG01  19989.634580  13029.602307  11750.959661    182.177987  6  6  2 234       
PG02  20801.898806  16753.273986   3535.189976    168.469467  6  7  3 234       
PG03  14068.251616   3245.091758  22078.785897    290.366044  4  3  4 224       
PG04  25621.502717   1190.962931   7284.506402     64.655081  5  3  2 218       
PG05  -8162.416992 -16873.236005 -18982.004198   -236.464385  6  8  3 218       
PG06    348.003563 -19027.839892  18526.789523   -534.711771  1  4  5 226       
PG07  16995.274848  -1891.700167 -19787.065660   -220.991825  4  4  5 222       
PG08  19853.090238   7500.744356 -16461.999810    357.692159  3  6  3 220       
PG09  25255.408091  -7768.410065  -3232.367794    687.945028  4  3  3 239       
PG10 -11176.667317  23561.794131  -3639.345062   -540.615337  4  6  3 230       
PG11  -9917.757518 -22926.087495   9217.919641   -222.876056  5  7  4 217       
PG12 -14057.920100  -5602.899457  21543.802468   -602.978390  4  6  3 222       
PG13 -13520.108295  -7432.551651  21542.628236    436.914025  9 11  2 279       
PG14  13202.646976 -21775.843875  -6822.899824    750.036660  3  6  4 216       
PG15 -20661.160740  -4934.816568 -16515.535283    441.424326  3  6  2 239       
PG16   2855.549967  21092.705743 -16010.701296    326.652695  3  7  2 249       
PG17  18029.116037 -13094.671324  15029.338724   -196.146195  3  4  1 229       
PG18 -15670.500677   3722.059428 -21108.791718   -265.929296  6  6  4 217       
PG19   5819.794106 -15268.966526  20792.927616    704.927828  3  4  1 221       
PG20 -11804.761563 -12061.208848 -20446.157509    276.016326  6  9  4 227       
PG21    941.808037 -24191.096915 -10875.108095    371.423901  5  8  4 224       
PG22  10360.922743 -24633.517378   1078.238963     71.878579  2  5  4 222       
PG23 -15159.718407  16364.952442 -14101.977482    685.151694  6  5  1 222       
PG24 -21413.539861 -15144.185050   4662.911818    189.044768  4  8  5 224       
PG25 -16634.184009   7796.189772  18701.382116    392.421577  2  5  6 212       
PG26  -2298.233002  25813.410788  -4958.960521   -391.445429  3  4  3 230       
PG27   8030.616966  14028.635779 -21498.761402      0.453553  3  4  4 278       
PG28  -2353.658654  17749.389075  19612.410583   -425.570643  3  6  6 219       
PG29 -26263.654389   4233.160838  -1696.865571   -250.840038  2  5  4 217       
PG30   7534.819582 -14465.759002 -20713.886757    350.296452  6  6  6 227       
PG31   6347.178469  22043.213876  12834.452760   -123.630743  5  9  5 224       
PG32 -12598.070723  15114.342095  18035.023601    247.683250  6  4  3 220       
*  2026  9  2  8  0  0.00000000
PG01  20559.133411  14111.929022   9264.792262    182.169809  6  8  2 233       
PG02  20813.546386  17038.265917    727.353807    168.475588  7  8  4 233       
PG03  13260.652501   5680.003868  22094.223171    290.347511  4  3  4 220       
PG04  24696.894230   1554.432629   9922.829427     64.655323  5  2  2 212       
PG05  -7533.456397 -18818.812539 -17323.910559   -236.464786  6  8  4 212       
PG06   1857.063361 -17439.624421  19963.112602   -534.702192  1  3  5 222       
PG07  18476.629168   -112.922535 -18583.853649   -220.994758  4  4  5 217       
PG08  18033.596272   8171.088598 -18127.719684    357.682898  3  5  3 211       
PG09  25500.020988  -7592.047554   -379.540056    687.937151  5  3  3 231       
PG10 -11156.190893  22919.535932  -6504.384219   -540.608959  4  5  2 226       
PG11  -8989.666588 -22156.261264  11720.627642   -222.865266  5  6  4 210       
PG12 -13124.931293  -7942.570638  21397.513994   -602.977844  4  6  3 218       
PG13 -12829.572161  -9785.570513  21017.848656    436.918386 10 11  3 279       
PG14  13201.630660 -20771.347626  -9445.373620    750.036409  4  5  5 208       
PG15 -18977.302236  -5817.810562 -18218.586365    441.427312  4  7  3 228       
PG16   2029.621778  22554.780605 -13920.421486    326.658436  3  7  2 247       
PG17  19569.091510 -13169.335594  12849.222603   -196.150839  3  4  1 219       
PG18 -17189.524114   1906.781544 -20176.431708   -265.921269  6  6  4 211       
PG19   8161.924647 -15436.891445  19810.718158    704.928049  3  4  1 216       
PG20  -9494.265530 -12705.257189 -21242.781285    276.024607  7  9  4 223       
PG21   1500.619838 -25162.433262  -8301.783451    371.416850  5  8  4 218       
PG22  10556.813924 -24474.209748  -1751.411859     71.886319  2  4  4 213       
PG23 -14802.302957  14641.041261 -16230.994678    685.154955  6  5  2 215       
PG24 -21545.594591 -15656.945140   1910.893735    189.060362  4  8  4 219       
PG25 -16141.837241   5549.018733  19894.861756    392.418486  1  5  6 212       
PG26  -2741.568318  26120.386411  -2186.867645   -391.446684  4  4  3 223       
PG27   5701.603145  14610.883953 -21819.837099      0.453731  2  4  5 274       
PG28  -4024.831696  16158.211603  20688.878951   -425.561005  4  6  6 213       
PG29 -26328.142643   3993.046196   1145.319445   -250.833931  2  5  3 215       
PG30   9263.576819 -12726.656735 -21167.825302    350.307497  6  5  6 222       
PG31   5084.013016  20954.798861  15012.489726   -123.628304  5  8  5 214       
PG32 -14497.345506  15406.720083  16227.166943    247.700197  6  3  3 211       
*  2026  9  2  8 15  0.00000000
PG01  20990.491832  14947.152799   6619.912824    182.161598  7  8  2 235       
PG02  20594.381939  17127.774447  -2092.491303    168.482089  7  8  4 228       
PG03  12598.588661   8136.162318  21721.977937    290.328883  4  3  4 215       
PG04  23513.349540   2036.658240  12392.298063     64.655628  5  2  3 204       
PG05  -7053.424608 -20597.785225 -15371.194376   -236.465279  6  8  4 206       
PG06   3551.892293 -15836.972922  21056.416923   -534.692627  1  2  4 218       
PG07  19927.370658   1474.743692 -17047.723587   -220.997835  4  3  5 207       
PG08  16088.437787   8987.626498 -19491.242113    357.673738  3  5  4 203       
PG09  25446.062701  -7330.768709   2479.775167    687.929306  5  3  3 230       
PG10 -11090.890500  21963.820165  -9254.203836   -540.602626  4  5  3 223       
PG11  -7835.699170 -21239.745852  14023.170468   -222.854395  5  6  4 202       
PG12 -12324.336281 -10289.889329  20873.279607   -602.977129  4  6  3 211       
PG13 -12277.898431 -12092.546047  20128.842833    436.922768 10 11  4 279       
PG14  13175.099148 -19488.352189 -11901.596130    750.036217  4  5  5 199       
PG15 -17188.198865  -6858.071492 -19621.267552    441.429677  4  7  3 235       
PG16   1357.131571  23824.674526 -11591.207414    326.664355  4  7  2 247       
PG17  20855.874400 -13267.038399  10455.299123   -196.154878  3  4  1 216       
PG18 -18713.925125    266.914688 -18897.440677   -265.913191  7  6  4 207       
PG19  10367.771026 -15699.573690  18481.718570    704.928102  4  4  1 209       
PG20  -7154.009368 -13489.520954 -21671.843426    276.032894  7  8  4 219       
PG21   1929.473404 -25872.296894  -5585.233963    371.409779  4  8  4 213       
PG22  10659.227335 -24025.160476  -4551.392023     71.894424  2  4  4 207       
PG23 -14491.079190  12679.266431 -18075.572777    685.158251  6  5  2 209       
PG24 -21459.083976 -15968.562084   -873.548986    189.075972  5  8  4 213       
PG25 -15733.926394   3167.117569  20732.289032    392.415445  2  5  5 212       
PG26  -3127.283607  26133.510896    623.721345   -391.447941  4  4  4 219       
PG27   3387.038484  15318.099234 -21778.338469      0.453573  2  4  5 275       
PG28  -5851.739853  14588.004801  21409.257479   -425.551360  4  5  5 207       
PG29 -26092.587805   3690.780625   3967.993419   -250.827370  3  6  3 205       
PG30  11093.645760 -11052.405277 -21250.005962    350.318503  5  5  5 213       
PG31   3602.442008  19763.975508  16923.658212   -123.625785  5  7  5 206       
PG32 -16171.042613  15737.779321  14143.252760    247.717176  6  2  3 205       
*  2026  9  2  8 30  0.00000000
PG01  21246.468596  15545.238074   3861.669539    182.153397  7  9  2 235       
PG02  20121.805506  17051.249565  -4877.502503    168.488064  7  7  5 233       
PG03  12090.446889  10561.458094  20968.988017    290.310341  4  3  3 214       
PG04  22103.073633   2663.402423  14650.798663     64.655893  5  2  3 205       
PG05  -6703.613045 -22168.618203 -13156.657490   -236.465518  6  8  5 205       
PG06   5409.719345 -14263.886568  21788.448200   -534.683050  1  2  4 218       
PG07  21304.059395   2856.714695 -15208.248296   -221.000541  5  3  5 215       
PG08  14060.558445   9953.607784 -20529.126395    357.664488  3  5  4 201       
PG09  25107.108710  -6949.403681   5296.574534    687.921503  6  3  3 230       
PG10 -11021.843789  20703.445357 -11839.751045   -540.596223  4  5  2 223       
PG11  -6454.106670 -20218.156729  16086.277103   -222.843557  6  5  5 200       
PG12 -11664.734498 -12595.579093  19980.561368   -602.976436  4  6  4 211       
PG13 -11863.078315 -14305.269699  18891.038952    436.927182 11 11  5 279       
PG14  13159.000480 -17943.025179 -14148.381327    750.035968  5  4  5 199       
PG15 -15337.193827  -8054.250756 -20701.493540    441.432612  5  7  3 230       
PG16    818.863551  24864.663059  -9061.854942    326.670228  4  7  3 247       
PG17  21872.038717 -13351.593886   7886.974689   -196.159163  3  4  1 214       
PG18 -20200.532002  -1178.507537 -17294.595795   -265.905167  7  6  5 207       
PG19  12396.636949 -16031.852764  16827.906706    704.928113  4  3  2 211       
PG20  -4832.275621 -14404.527141 -21725.920737    276.041225  7  8  4 220       
PG21   2258.772197 -26296.360279  -2772.317941    371.402719  4  7  5 213       
PG22  10704.597878 -23280.483640  -7274.002445     71.902420  2  3  4 207       
PG23 -14259.486790  10514.157110 -19603.785399    685.161533  6  5  3 208       
PG24 -21132.966314 -16107.033795  -3643.346038    189.091592  5  8  4 213       
PG25 -15430.929524    695.390655  21198.895643    392.412388  1  6  5 210       
PG26  -3489.149065  25845.818351   3423.263180   -391.449227  5  5  4 220       
PG27   1130.761475  16135.887065 -21373.695960      0.453051  2  4  5 280       
PG28  -7805.466658  13077.696723  21761.226379   -425.541674  5  5  4 207       
PG29 -25570.228240   3291.618223   6723.047260   -250.821267  3  6  3 215       
PG30  12990.374108  -9476.666871 -20959.727842    350.329616  5  4  5 212       
PG31   1911.840140  18514.674694  18533.791008   -123.623239  4  6  5 204       
PG32 -17594.194129  16071.069013  11817.891254    247.734171  6  2  3 203       
*  2026  9  2  8 45  0.00000000
PG01  21293.862949  15923.811600   1037.313851    182.145155  8  9  2 233       
PG02  19380.354690  16842.520847  -7580.951417    168.494459  7  7  5 235       
PG03  11735.772357  12903.819110  19848.958223    290.291822  3  2  3 220       
PG04  20504.072003   3453.955412  16659.729330     64.656224  5  3  3 214       
PG05  -6458.549082 -23495.176029 -10717.632095   -236.465913  6  7  5 216       
PG06   7400.235802 -12760.402568  22147.175197   -534.673449  1  2  3 224       
PG07  22563.455078   4027.267215 -13100.126151   -221.003411  5  3  5 224       
PG08  11993.875003  11064.566752 -21223.110899    357.655279  3  5  4 211       
PG09  24504.749955  -6416.645325   8022.446236    687.913732  6  2  3 234       
PG10 -10988.497856  19156.890613 -14214.798430   -540.589908  3  4  2 227       
PG11  -4851.562247 -19134.076713  17874.745008   -222.832706  6  5  4 211       
PG12 -11146.446948 -14810.477126  18735.467129   -602.975729  4  6  4 219       
PG13 -11575.137462 -16377.583042  17325.943474    436.931538 11 11  6 278       
PG14  13186.573591 -16159.688342 -16146.343298    750.035769  4  4  5 212       
PG15 -13467.318484  -9397.444186 -21442.347266    441.435171  5  7  3 239       
PG16    389.397913  25642.706850  -6375.116471    326.676367  5  6  3 250       
PG17  22608.096012 -13385.084694   5186.702176   -196.163381  3  4  1 220       
PG18 -21604.807289  -2418.845681 -15396.075991   -265.897192  8  6  5 215       
PG19  14213.648956 -16402.730552  14877.276988    704.928444  4  4  2 216       
PG20  -2575.348550 -15432.906608 -21404.110661    276.049528  7  8  4 225       
PG21   2522.884910 -26418.281408     88.433614    371.395607  4  7  4 221       
PG22  10730.240851 -22242.886372  -9872.446416     71.910341  1  3  4 215       
PG23 -14134.997234   8186.896721 -20789.417116    685.164755  6  5  3 218       
PG24 -20552.970721 -16104.781592  -6352.281696    189.107090  5  9  5 233       
PG25 -15245.951627  -1817.870817  21286.814643    392.409337  1  6  5 209       
PG26  -3861.583188  25259.076451   6162.130048   -391.450497  5  5  5 227       
PG27  -1026.221924  17042.667688 -20611.223404      0.453107  2  4  5 280       
PG28  -9850.681571  11661.205422  21738.806550   -425.532005  5  4  3 216       
PG29 -24782.234438   2764.307487   9363.459043   -250.814836  4  6  3 222       
PG30  14914.411255  -8026.872182 -20302.922596    350.340711  5  4  4 217       
PG31     30.184960  17250.039695  19814.225542   -123.620492  3  5  5 216       
PG32 -18749.784654  16367.267526   9290.046763    247.751138  5  2  2 212       
*  2026  9  2  9  0  0.00000000
PG01  21104.886918  16107.308050  -1804.798471    182.136828  8  9  3 233       
PG02  18362.486501  16538.448172 -10156.943561    168.500622  7  6  5 234       
PG03  11525.400159  15113.082616  18382.072104    290.273258  3  2  3 212       
PG04  18758.776738   4420.206700  18384.645911     64.656515  5  3  3 203       
PG05  -6287.112405 -24548.018604  -8095.391759   -236.466521  6  7  5 238       
PG06   9486.602778 -11361.157400  22126.957741   -534.663822  2  2  3 221       
PG07  23664.196834   4989.424414 -10762.371709   -221.006588  6  3  4 212       
PG08   9931.782780  12308.310659 -21560.450682    357.646058  3  5  4 203       
PG09  23667.745109  -5706.463847  10610.399203    687.905906  6  1  3 229       
PG10 -11026.906165  17351.736076 -16336.863523   -540.583570  3  4  2 223       
PG11  -3043.102721 -18029.413471  19358.025148   -222.821914  6  4  4 200       
PG12 -10761.632422 -16887.316841  17160.420705   -602.975115  5  5  4 212       
PG13 -11396.640958 -18267.005058  15460.757742    436.935909 11 11  7 279       
PG14  13286.885512 -14169.997932 -17860.624201    750.035535  5  3  5 201       
PG15 -11619.849436 -10871.403667 -21832.265054    441.437757  5  7  3 233       
PG16     38.236986  26133.734679  -3577.026322    326.682374  5  6  3 248       
PG17  23062.770864 -13329.407455   2399.366049   -196.167542  2  3  1 213       
PG18 -22882.506134  -3452.028889 -13234.938364   -265.889222  8  7  5 207       
PG19  15790.996124 -16776.647619  12663.396307    704.928543  4  4  2 206       
PG20   -425.902679 -16549.993004 -20712.044799    276.057868  7  7  4 218       
PG21   2758.609318 -26230.338163   2947.661401    371.388549  4  6  4 213       
PG22  10772.762028 -20923.745504 -12301.627335     71.918030  1  2  4 203       
PG23 -14137.968502   5743.867024 -21612.407047    685.168043  6  4  4 215       
PG24 -19712.160168 -15997.239309  -8955.686126    189.122802  6  9  5 233       
PG25 -15184.205779  -4322.741139  20995.202158    392.406288  2  6  5 212       
PG26  -4278.055705  24383.801762   8791.565822   -391.451820  4  5  5 220       
PG27  -3047.100497  18010.379839 -19502.132770      0.453190  1  4  5 265       
PG28 -11946.833933  10366.236529  21342.456843   -425.522394  4  4  2 206       
PG29 -23756.905333   2082.487708  11844.077312   -250.808483  4  6  3 214       
PG30  16823.131904  -6723.315860 -19291.985990    350.351775  5  3  3 212       
PG31  -2016.453911  16010.707944  20742.364492   -123.617772  2  4  5 211       
PG32 -19629.298588  16585.786019   6602.441299    247.768092  5  2  2 203       
*  2026  9  2  9 15  0.00000000
PG01  20658.340872  16125.863164  -4616.023155    182.128634  8  9  4 233       
PG02  17069.093457  16177.446010 -12561.158990    168.506611  7  6  5 240       
PG03  11441.946742  17142.788010  16594.581216    290.254706  2  1  3 209       
PG04  16912.514165   5565.999134  19795.845373     64.656800  5  4  4 201       
PG05  -6153.879866 -25305.460654  -5334.489403   -236.466519  6  6  5 214       
PG06  11626.709608 -10094.174279  21728.607390   -534.654211  2  2  3 221       
PG07  24568.378803   5754.488752  -8237.459379   -221.009461  7  3  4 215       
PG08   7915.674752  13665.199160 -21534.186845    357.636762  3  5  4 200       
PG09  22630.905401  -4799.327205  13015.677481    687.898092  5  1  2 230       
PG10 -11168.108021  15323.711833 -18168.055127   -540.577221  3  3  1 222       
PG11  -1051.753631 -16943.795958  20510.731641   -222.811075  5  4  3 197       
PG12 -10494.747164 -18782.433936  15283.705678   -602.974290  5  5  4 208       
PG13 -11303.501400 -19936.222055  13327.892270    436.940272 12 11  7 278       
PG14  13483.552293 -12011.839187 -19261.526338    750.035320  5  2  5 201       
PG15  -9832.944890 -12453.008193 -21865.160917    441.440847  5  7  4 224       
PG16   -268.840223  26320.688026   -716.130158    326.688314  6  6  3 247       
PG17  23242.989006 -13147.850553   -428.383735   -196.171897  3  3  2 210       
PG18 -23991.323446  -4284.400489 -10848.525005   -265.881221  8  7  6 205       
PG19  17108.899767 -17114.974977  10224.830832    704.929111  4  4  2 208       
PG20   1578.462149 -17724.719292 -19661.785781    276.066210  6  7  5 218       
PG21   3003.542006 -25733.740603   5756.036967    371.381492  4  6  4 213       
PG22  10866.477987 -19342.865350 -14518.946493     71.926369  1  3  4 212       
PG23 -14280.802746   3234.998132 -22059.168384    685.171311  6  4  4 213       
PG24 -18611.229097 -15821.372376 -11411.070234    189.138538  5  9  6 233       
PG25 -15242.841702  -6769.471427  20330.201678    392.403234  1  6  5 211       
PG26  -4769.519628  23238.926411  11264.640558   -391.453134  4  4  5 219       
PG27  -4900.483029  19005.444048 -18063.466357      0.453820  1  5  5 261       
PG28 -14049.554834   9213.332554  20579.061160   -425.512746  4  4  1 202       
PG29 -22528.605364   1225.903400  14122.378785   -250.801728  4  6  3 205       
PG30  18672.188886  -5578.553528 -17945.488077    350.362865  5  3  2 208       
PG31  -4194.763754  14833.212323  21302.103446   -123.615052  2  3  5 214       
PG32 -20232.954314  16686.452285   3800.875431    247.785087  5  2  3 200       
*  2026  9  2  9 30  0.00000000
PG01  19940.547513  16013.997308  -7348.247134    182.120373  8  8  4 232       
PG02  15509.726597  15797.930632 -14751.605660    168.513222  7  5  5 236       
PG03  11460.637424  18951.818455  14518.283449    290.236191  2  1  3 212       
PG04  15011.870310   6886.791446  20868.877250     64.657068  5  4  4 207       
PG05  -6020.649784 -25754.353491  -2482.030281   -236.467051  6  6  6 223       
PG06  13774.634482  -8979.918479  20959.342192   -534.644597  3  2  3 224       
PG07  25242.961075   6341.257282  -5570.446911   -221.012694  8  3  4 208       
PG08   5983.526384  15108.710717 -21143.340318    357.627557  3  5  4 204       
PG09  21433.753042  -3683.177752  15196.545375    687.890284  4  2  2 232       
PG10 -11436.722925  13115.414219 -19675.823244   -540.570813  3  2  1 225       
PG11   1092.149352 -15913.069972  21313.068450   -222.800231  5  4  3 201       
PG12 -10323.325466 -20457.325684  13138.895792   -602.973688  5  5  4 215       
PG13 -11266.057139 -21354.382185  10964.388185    436.944608 12 10  7 277       
PG14  13793.696510  -9727.981888 -20325.035354    750.035097  5  1  5 205       
PG15  -8140.402369 -14112.977351 -21540.492072    441.443181  5  6  4 236       
PG16   -568.244532  26195.276055   2157.371074    326.694438  6  5  3 249       
PG17  23163.573296 -12806.648374  -3248.844545   -196.175556  3  2  2 224       
PG18 -24892.468639  -4930.245449  -8277.811829   -265.873243  8  7  6 208       
PG19  18156.267321 -17377.660666   7604.452601    704.929026  3  3  2 208       
PG20   3406.482647 -18920.776614 -18271.609625    276.074525  6  6  5 220       
PG21   3294.418568 -24938.608902   8465.121009    371.374443  4  6  4 216       
PG22  11041.908387 -17527.917438 -16485.086384     71.934120  1  3  4 209       
PG23 -14567.438287    711.992500 -22122.780467    685.174590  7  5  4 216       
PG24 -17258.533384 -15614.179489 -13678.702266    189.154213  6  9  6 231       
PG25 -15411.125626  -9110.281055  19304.755667    392.400194  2  6  5 211       
PG26  -5362.941848  21851.126184  13537.178231   -391.454463  4  4  5 222       
PG27  -6561.440303  19989.958284 -16317.939896      0.454960  2  5  5 258       
PG28 -16112.213449   8215.209717  19461.805964   -425.503118  3  5  2 206       
PG29 -21136.481046    181.389618  16159.188704   -250.795467  5  6  3 212       
PG30  20417.131118  -4597.119572 -16287.772454    350.373960  5  3  2 210       
PG31  -6465.338969  13748.570948  21484.115605   -123.612536  2  3  4 215       
PG32 -20569.610172  16631.210603    933.473959    247.802007  5  2  3 206       
*  2026  9  2  9 45  0.00000000
PG01  18946.008522  15809.140143  -9954.699081    182.112194  7  7  5 232       
PG02  13702.506703  15436.745059 -16689.374423    168.519331  7  5  5 240       
PG03  11550.432371  20505.827141  12189.904286    290.217658  2  1  4 210       
PG04  13103.014503   8369.644210  21584.974517     64.657396  5  4  4 203       
PG05  -5848.088897 -25890.556390    413.110305   -236.467495  6  5  6 226       
PG06  15882.251784  -8030.653611  19832.638375   -534.634952  3  1  3 223       
PG07  25660.966661   6774.966005  -2808.102312   -221.015459  8  3  3 213       
PG08   4168.597736  16606.282029 -20393.022415    357.618344  3  5  4 202       
PG09  20119.003574  -2354.124383  17115.028863    687.882523  3  3  2 231       
PG10 -11849.822443  10774.744308 -20833.592404   -540.564461  3  2  1 224       
PG11   3351.918271 -14967.949337  21751.166552   -222.789383  5  4  2 198       
PG12 -10219.044867 -21880.000600  10764.187720   -602.972973  5  4  4 212       
PG13 -11250.376937 -22498.144476   8411.257104    436.948988 12 10  8 277       
PG14  14227.183312  -7364.553844 -21033.224953    750.034905  5  2  5 202       
PG15  -6570.575971 -15816.803941 -20863.266734    441.445833  5  6  4 237       
PG16   -896.924239  25758.399975   4992.547623    326.700424  5  4  3 249       
PG17  22846.652472 -12276.454984  -6014.014489   -196.180368  4  2  2 208       
PG18 -25552.110557  -5411.021747  -5566.710904   -265.865261  9  7  6 207       
PG19  18930.997900 -17524.961500   4848.639444    704.928890  3  3  2 203       
PG20   5034.242474 -20097.989863 -16565.677982    276.082842  6  6  5 220       
PG21   3665.489982 -23863.617849  11028.205290    371.367399  4  5  4 215       
PG22  11324.401655 -15513.575354 -18164.763308     71.942322  1  4  4 212       
PG23 -14993.192786  -1773.505150 -21803.053348    685.177860  7  5  4 215       
PG24 -15669.858926 -15411.227488 -15722.126260    189.169938  6  9  6 207       
PG25 -15670.958637 -11301.052712  17938.274307    392.397164  3  6  6 213       
PG26  -6079.998207  20253.836176  15568.632714   -391.455739  3  4  5 222       
PG27  -8012.321716  20923.089263 -14293.690523      0.455183  3  5  4 259       
PG28 -18087.568515   7376.406970  18009.950536   -425.493441  3  5  3 203       
PG29 -19623.004196  -1056.410920  17919.352246   -250.789105  5  6  3 213       
PG30  22015.021451  -3775.571312 -14348.457178    350.385066  4  4  2 205       
PG31  -8784.081862  12781.125098  21285.988359   -123.609607  4  3  4 224       
PG32 -20656.339539  16385.770402  -1950.133421    247.818980  5  3  3 205       
*  2026  9  2 10  0  0.00000000
PG01  17677.758463  15550.052941 -12390.737897    182.103941  6  7  6 236       
PG02  11673.715132  15127.620637 -18339.381971    168.525728  6  4  5 236       
PG03  11675.401655  21778.394108   9650.396568    290.199104  3  2  4 207       
PG04  11230.043489   9993.532423  21931.395964     64.657762  5  4  4 194       
PG05  -5597.439333 -25719.076035   3301.113082   -236.467723  6  4  6 223       
PG06  17900.925790  -7250.120521  18367.983048   -534.625331  3  1  3 223       
PG07  25802.427342   7086.017723      1.946164   -221.018549  8  3  3 206       
PG08   2498.302097  18120.396562 -19294.454523    357.609101  3  5  4 196       
PG09  18730.929969   -816.820047  18737.598997    687.874779  3  4  2 228       
PG10 -12416.129154   8353.136464 -21621.262173   -540.558131  3  3  1 223       
PG11   5685.715336 -14132.873531  21817.326153   -222.778537  5  4  2 191       
PG12 -10149.027803 -23026.065795   8201.654106   -602.972334  5  4  4 221       
PG13 -11219.738374 -23352.442209   5712.752326    436.953395 12  9  8 277       
PG14  14786.164315  -4969.396027 -21374.537107    750.034764  5  1  5 193       
PG15  -5145.486996 -17525.876624 -19843.994143    441.448599  4  5  4 236       
PG16  -1290.662412  25020.218629   7738.718304    326.706275  5  3  3 248       
PG17  22320.797878 -11533.680661  -8676.378335   -196.184427  5  2  2 208       
PG18 -25942.640794  -5754.327864  -2761.337642   -265.857219  9  8  6 205       
PG19  19439.922537 -17519.184803   2006.386296    704.929034  3  3  1 200       
PG20   6445.892837 -21213.855755 -14573.606685    276.091078  5  5  5 240       
PG21   4146.999369 -22535.321898  13401.122988    371.360331  5  4  4 213       
PG22  11732.952810 -13340.370607 -19527.431683     71.950371  1  4  3 204       
PG23 -15544.959619  -4171.719252 -21106.467753    685.181191  7  5  4 210       
PG24 -13867.942625 -15245.266518 -17508.623648    189.185561  6  8  7 203       
PG25 -15997.705382 -13302.861004  16256.175409    392.394113  3  6  6 214       
PG26  -6935.991912  18485.995076  17322.888176   -391.457039  3  4  5 220       
PG27  -9243.310377  21762.613843 -12023.924644      0.455339  3  5  4 250       
PG28 -19929.452000   6693.259821  16248.494029   -425.483797  3  5  4 199       
PG29 -18032.395758  -2484.628397  19372.345709   -250.782671  5  5  2 210       
PG30  23425.990779  -3102.851659 -12161.851344    350.396169  4  3  1 198       
PG31 -11103.792478  11947.672674  20712.211504   -123.607035  5  3  4 223       
PG32 -20517.685586  15921.136163  -4799.683418    247.835961  5  2  3 201       
*  2026  9  2 10 15  0.00000000
PG01  16147.401876  15275.208950 -14614.606628    182.095683  5  6  6 232       
PG02   9457.067308  14899.736289 -19671.085431    168.532127  5  4  4 202       
PG03  11796.290740  22751.871588   6944.175456    290.180561  3  2  4 209       
PG04   9433.408253  11729.975841  21901.673031     64.658154  4  4  4 193       
PG05  -5232.219403 -25253.864844   6132.071558   -236.467843  5  3  5 225       
PG06  19783.227757  -6633.548484  16590.533063   -534.615666  3  1  3 225       
PG07  25655.053690   7308.552325   2812.021501   -221.021497  9  4  3 207       
PG08    993.286366  19609.888312 -17864.889683    357.599908  2  6  4 198       
PG09  17313.671666    915.493508  20035.783562    687.866997  2  5  2 227       
PG10 -13135.576674   5903.654265 -22025.563279   -540.551621  4  3  2 226       
PG11   8047.956200 -13425.115080  21510.159630   -222.767686  5  4  2 196       
PG12 -10077.322382 -23879.511627   5496.436062   -602.971751  5  3  4 229       
PG13 -11136.220575 -23910.932015   2915.585446    436.957763 12  9  9 277       
PG14  15464.945011  -2590.367044 -21343.935284    750.034569  5  1  5 198       
PG15  -3880.156701 -19198.758319 -18498.575695    441.451614  4  5  4 220       
PG16  -1782.397758  23999.842615  10346.455210    326.712467  4  2  3 248       
PG17  21619.913749 -10561.637177 -11189.715708   -196.188484  5  2  3 212       
PG18 -26043.710907  -5992.647400     90.746194   -265.849246 10  7  6 205       
PG19  19698.379041 -17326.363061   -871.650188    704.929081  3  3  1 204       
PG20   7634.056541 -22225.182848 -12329.939023    276.099520  5  4  5 217       
PG21   4763.819297 -20987.187285  15543.013015    371.353346  5  4  3 214       
PG22  12279.266592 -11053.307928 -20547.921671     71.958209  1  4  3 200       
PG23 -16201.745134  -6436.465758 -20045.996011    685.184464  7  5  4 216       
PG24 -11881.765754 -15144.968094 -19009.619936    189.201153  6  8  7 206       
PG25 -16361.291649 -15083.274123  14289.312851    392.391053  4  6  6 215       
PG26  -7939.043967  16590.572229  18768.962459   -391.458357  4  4  4 222       
PG27 -10252.688360  22466.556817  -9546.462488      0.454975  3  5  4 252       
PG28 -21594.420810   6154.199125  14207.745051   -425.474144  4  5  5 202       
PG29 -16408.989105  -4092.062804  20492.816689   -250.776086  4  5  3 202       
PG30  24614.668959  -2560.949766  -9766.302289    350.407289  4  3  2 202       
PG31 -13375.878370  11256.930297  19774.021612   -123.604619  5  4  3 218       
PG32 -20184.619927  15214.953496  -7565.186577    247.852988  5  2  4 200       
*  2026  9  2 10 30  0.00000000
PG01  14374.831307  15021.193762 -16588.139751    182.087496  4  5  6 233       
PG02   7092.684559  14776.436413 -20659.150041    168.538215  5  4  4 208       
PG03  11872.211220  23417.889340   4118.305804    290.161960  4  3  4 208       
PG04   7748.483322  13543.966235  21495.755158     64.658472  4  4  4 185       
PG05  -4719.850836 -24517.282115   8856.864785   -236.468319  5  3  5 229       
PG06  21484.613024  -6167.996203  14530.686163   -534.606038  3  1  3 225       
PG07  25214.616521   7478.919986   5575.159668   -221.024358  9  4  3 209       
PG08   -333.237553  21031.417521 -16127.429772    357.590692  2  6  4 193       
PG09  15909.554623   2821.278904  20986.694199    687.859199  2  5  2 225       
PG10 -13999.247594   3479.036454 -22040.262861   -540.545197  4  4  2 227       
PG11  10390.862637 -12854.170933  20834.632130   -222.756890  5  4  3 185       
PG12  -9966.498623 -24433.167004   2695.894852   -602.971178  5  3  4 232       
PG13 -10962.347585 -24176.112664     68.103432    436.962167 12  8  9 277       
PG14  16250.177394   -273.665312 -20942.931596    750.034392  5  2  5 189       
PG15  -2782.184251 -20792.581336 -16848.135029    441.454334  4  5  4 219       
PG16  -2400.644881  22724.661411  12768.588997    326.718326  4  2  3 248       
PG17  20781.916992  -9351.442362 -13509.919002   -196.192907  6  2  3 205       
PG18 -25843.007530  -6161.919041   2941.303067   -265.841300 10  7  6 201       
PG19  19729.438777 -16917.786731  -3734.148837    704.929200  4  2  2 199       
PG20   8599.901350 -23089.769098  -9873.533846    276.107784  5  3  5 215       
PG21   5534.303312 -19258.369091  17417.024819    371.346277  5  3  3 211       
PG22  12967.110876  -8700.290062 -21206.991602     71.966356  1  5  3 203       
PG23 -16935.521051  -8526.720203 -18640.811710    685.187743  7  5  4 213       
PG24  -9745.645402 -15133.823952 -20201.038605    189.216706  6  7  7 204       
PG25 -16727.518702 -16617.380229  12073.313122    392.387963  4  6  7 214       
PG26  -9089.591458  14612.941768  19881.595285   -391.459658  4  3  4 221       
PG27 -11046.793449  22994.864645  -6903.178581      0.454830  3  5  4 254       
PG28 -23043.313569   5740.362469  11922.801067   -425.464510  5  5  5 198       
PG29 -14795.594575  -5859.404168  21261.043090   -250.769994  4  5  3 211       
PG30  25551.439592  -2125.828034  -7203.488615    350.418446  4  3  2 197       
PG31 -15552.111314  10709.341533  18489.111264   -123.601803  6  5  3 225       
PG32 -19693.242573  14252.611993 -10197.852537    247.870022  5  2  4 195       
*  2026  9  2 10 45  0.00000000
PG01  12387.635934  14821.186972 -18277.412418    182.079172  4  4  6 239       
PG02   4625.793404  14774.165567 -21284.049582    168.544599  5  3  3 204       
PG03  11862.388102  23777.505604   1221.659108    290.143358  5  4  4 209       
PG04   6204.333674  15395.159227  20720.048907     64.658740  4  4  4 185       
PG05  -4033.146701 -23539.235380  11428.030165   -236.468223  4  2  5 215       
PG06  22964.996562  -5833.008185  12223.571360   -534.596418  4  2  3 225       
PG07  24485.038107   7634.116771   8245.814306   -221.027268  9  4  4 212       
PG08  -1475.878974  22341.066546 -14110.733482    357.581433  3  6  4 190       
PG09  14557.488754   4871.325919  21573.457468    687.851411  2  5  2 225       
PG10 -14989.688480   1129.776577 -21666.217468   -540.538800  4  4  1 228       
PG11  12666.107391 -12421.461642  19801.998030   -222.746086  5  4  4 182       
PG12  -9779.293336 -24688.813054   -151.257776   -602.970493  5  2  4 232       
PG13 -10662.717064 -24159.110702  -2780.558327    436.966517 12  7  9 276       
PG14  17121.365930   1937.764914 -20179.491790    750.034201  5  2  4 189       
PG15  -1851.586588 -22264.516206 -14918.784086    441.457047  4  5  4 220       
PG16  -3168.087510  21229.325958  14961.185949    326.724195  4  2  3 248       
PG17  19847.252030  -7902.641460 -15595.806222   -196.197103  6  3  3 206       
PG18 -25336.738924  -6299.985526   5742.193679   -265.833293 10  7  6 202       
PG19  19562.819339 -16271.326695  -6530.136252    704.928984  4  2  1 208       
PG20   9352.881569 -23768.051219  -7246.880168    276.116069  5  3  5 216       
PG21   6469.396859 -17392.280985  18990.951473    371.339215  4  3  4 211       
PG22  13791.994454  -6330.412210 -21491.777357     71.974000  1  5  3 187       
PG23 -17712.354461 -10407.973753 -16915.897589    685.190946  7  5  5 215       
PG24  -7498.154407 -15229.238222 -21063.604049    189.232242  6  7  7 205       
PG25 -17059.534686 -17888.503972   9647.840707    392.384864  5  6  7 213       
PG26 -10380.214912  12599.174909  20641.707321   -391.460943  4  3  4 219       
PG27 -11639.660020  23311.049822  -4139.340566      0.454475  3  5  3 258       
PG28 -24242.653123   5426.493834   9432.946410   -425.454875  6  5  5 198       
PG29 -13231.927576  -7759.770896  21663.301707   -250.763375  4  5  3 202       
PG30  26213.473905  -1768.574389  -4517.674119    350.429580  5  3  2 196       
PG31 -17586.357703  10297.232977  16881.215452   -123.599105  6  5  3 230       
PG32 -19083.272918  13028.054026 -12651.012774    247.887028  5  2  4 191       
*  2026  9  2 11  0  0.00000000
PG01  10220.222081  14703.583454 -19653.321072    182.070984  3  3  6 234       
PG02   2105.194797  14901.672297 -21532.578288    168.550972  4  3  3 196       
PG03  11727.894309  23841.003544  -1695.943363    290.124735  5  4  5 206       
PG04   4822.727583  17239.287867  19587.347625     64.659039  4  4  4 183       
PG05  -3151.598543 -22356.032485  13800.619425   -236.468028  4  2  5 200       
PG06  24190.169255  -5601.560778   9708.466309   -534.586743  5  2  3 224       
PG07  23478.201343   7810.239150  10780.500436   -221.030316  9  4  4 216       
PG08  -2437.150537  23495.996949 -11848.612488    357.572194  3  5  4 197       
PG09  13291.506655   7029.682212  21785.539942    687.843617  3  5  3 224       
PG10 -16081.583907  -1097.683246 -20911.277356   -540.532402  4  4  1 228       
PG11  14826.490068 -12120.350810  18429.632868   -222.735225  5  3  5 186       
PG12  -9480.236634 -24656.957213  -2995.832027   -602.969828  4  2  4 232       
PG13 -10205.549989 -23879.143219  -5581.331268    436.970904 12  6  9 276       
PG14  18051.662429   4005.682525 -19067.824668    750.034044  5  2  4 192       
PG15  -1080.909884 -23573.267766 -12741.321657    441.459949  5  5  3 210       
PG16  -4100.411838  19554.426722  16884.467414    326.730286  4  3  3 248       
PG17  18857.294935  -6223.511937 -17409.911828   -196.201414  6  3  3 205       
PG18 -24529.816710  -6444.978937   8446.144700   -265.825320  9  6  6 193       
PG19  19233.532081 -15372.487852  -9209.986885    704.929223  4  2  2 205       
PG20   9910.159824 -24224.661478  -4495.351139    276.124305  5  3  4 218       
PG21   7572.042451 -15435.013271  20237.780282    371.332197  4  3  4 211       
PG22  14741.190156  -3992.194151 -21396.122411     71.982008  2  5  2 212       
PG23 -18493.767929 -12053.329064 -14901.562468    685.194200  8  5  5 213       
PG24  -5180.904136 -15441.839852 -21583.094756    189.247771  6  6  7 208       
PG25 -17319.399056 -18888.593095   7055.813181    392.381779  5  6  7 214       
PG26 -11795.800394  10594.324500  21036.720765   -391.462187  4  3  4 222       
PG27 -12052.349369  23383.738064  -1302.852487      0.454225  4  4  3 255       
PG28 -25165.841268   5182.096109   6780.979029   -425.445212  7  5  5 201       
PG29 -11753.160901  -9759.548815  21692.138180   -250.756788  4  5  2 197       
PG30  26585.508606  -1456.731409  -1754.937067    350.440732  5  3  3 192       
PG31 -19436.212594  10005.304638  14979.590184   -123.596627  6  5  2 227       
PG32 -18396.391888  11544.250149 -14881.019092    247.904067  5  2  5 191       
*  2026  9  2 11 15  0.00000000
PG01   7912.677738  14690.807447 -20692.085713    182.062702  2  3  5 242       
PG02   -418.441423  15159.525538 -21398.253020    168.557256  5  3  3 203       
PG03  11433.305226  23627.346749  -4584.585555    290.106098  5  4  5 212       
PG04   3617.434935  19029.745909  18116.650086     64.659300  5  4  4 197       
PG05  -2062.408352 -21008.987193  15933.020291   -236.468842  4  1  5 219       
PG06  25133.003061  -5441.261748   7028.150148   -534.577107  5  2  3 227       
PG07  22213.493429   8041.009489  13138.376021   -221.033325  9  4  5 219       
PG08  -3227.235844  24456.103644  -9379.515930    357.562897  4  5  4 203       
PG09  12139.502382   9254.857633  21618.959413    687.835835  3  5  3 225       
PG10 -17242.755790  -3162.571083 -19790.050040   -540.526034  4  4  1 230       
PG11  16827.581272 -11936.485288  16740.761854   -222.724388  5  3  5 198       
PG12  -9037.195785 -24356.283299  -5789.018139   -602.969341  3  2  4 238       
PG13  -9564.100639 -23362.680610  -8286.061729    436.975257 12  5  9 275       
PG14  19008.914290   5897.799771 -17628.064638    750.033851  4  2  4 201       
PG15   -455.614533 -24680.549521 -10350.860775    441.462818  5  5  3 209       
PG16  -5205.436631  17744.923309  18503.643139    326.736357  5  4  3 250       
PG17  17852.707962  -4331.029812 -18919.236983   -196.205775  6  3  3 209       
PG18 -23435.727083  -6633.701380  11007.500841   -265.817345  9  6  6 203       
PG19  18780.325752 -14215.148397 -11726.384382    704.929424  4  2  2 208       
PG20  10295.733460 -24429.831482  -1666.411263    276.132561  5  4  4 220       
PG21   8836.902345 -13433.660481  21136.151814    371.325164  3  3  4 214       
PG22  15794.109399  -1731.823086 -20920.774787     71.990173  3  5  2 221       
PG23 -19238.274501 -13444.298772 -12632.878856    685.197460  8  4  5 216       
PG24  -2837.227755 -15775.036214 -21750.546946    189.263328  6  6  6 212       
PG25 -17469.674827 -19618.269536   4342.586098    392.378681  6  6  7 212       
PG26 -13314.026505   8640.775036  21060.736966   -391.463369  4  3  3 221       
PG27 -12311.988353  23188.051001   1556.587122      0.454912  4  4  3 256       
PG28 -25794.100122   4972.791343   4012.477321   -425.435608  7  5  4 207       
PG29 -10388.657825 -11819.501646  21346.531483   -250.750607  3  5  2 213       
PG30  26660.343041  -1155.748642   1037.611578    350.451890  6  3  3 199       
PG31 -21064.473658   9811.427190  12818.400258   -123.593894  6  6  2 234       
PG32 -17674.503446   9813.315541 -16848.095542    247.921028  5  2  5 201       
*  2026  9  2 11 30  0.00000000
PG01   5509.422934  14798.365562 -21375.665227    182.054544  2  3  5 237       
PG02  -2894.390517  15539.975075 -20881.585837    168.563578  5  3  3 200       
PG03  10948.210795  23163.319964  -7395.095348    290.087457  5  5  5 209       
PG04   2593.840056  20719.281355  16332.868451     64.659549  5  4  3 188       
PG05   -761.220485 -19542.831884  17787.726408   -236.468918  4  2  5 209       
PG06  25774.400788  -5315.758173   4228.200990   -534.567442  5  3  3 227       
PG07  20717.107736   8356.419046  15281.762349   -221.036457  9  5  5 208       
PG08  -3863.444832  25185.599147  -6745.906715    357.553679  5  5  4 197       
PG09  11122.221353  11501.256299  21076.376514    687.828132  4  5  4 222       
PG10 -18435.440796  -5031.153444 -18323.534817   -540.519628  4  4  1 230       
PG11  18629.272786 -11848.444460  14764.087669   -222.713553  5  3  6 186       
PG12  -8422.777336 -23812.805447  -8483.214843   -602.968753  2  3  4 241       
PG13  -8717.872094 -22642.343698 -10848.336902    436.979661 12  3 10 275       
PG14  19956.921410   7588.789147 -15885.857792    750.033650  5  3  3 189       
PG15     45.272816 -25552.485812  -7786.381635    441.465404  5  5  2 213       
PG16  -6482.582778  15848.394924  19789.632643    326.742228  5  4  3 249       
PG17  16871.810391  -2250.488721 -20095.939431   -196.209648  5  3  3 212       
PG18 -22076.096435  -6900.060013  13382.952258   -265.809331  8  5  6 197       
PG19  18243.996426 -12801.954607 -14035.219655    704.929422  4  2  2 206       
PG20  10539.301388 -24360.588731   1191.208671    276.140856  5  4  4 220       
PG21  10250.409590 -11434.623027  21670.719976    371.318196  3  3  4 212       
PG22  16923.018385    408.518135 -20073.440503     71.998081  4  5  1 217       
PG23 -19903.027054 -14571.281390 -10149.053404    685.200739  8  4  5 212       
PG24   -510.804158 -16224.822672 -21562.407775    189.278943  5  5  5 212       
PG25 -17474.985106 -20086.553168   1555.126284    392.375566  6  5  7 211       
PG26 -14906.151834   6776.726837  20714.571405   -391.464626  4  3  4 221       
PG27 -12450.548967  22706.760823   4388.397638      0.455109  4  5  3 258       
PG28 -26117.124227   4761.835578   1175.019451   -425.425949  8  5  4 204       
PG29  -9160.936178 -13896.112708  20631.947675   -250.744027  3  5  2 203       
PG30  26439.041843   -830.501422   3812.608542    350.463070  7  4  4 193       
PG31 -22440.400125   9687.706701  10436.034148   -123.591505  7  6  2 227       
PG32 -16957.988608   7856.257448 -18517.121782    247.938088  5  3  5 194       
*  2026  9  2 11 45  0.00000000
PG01   3057.696038  15034.175914 -21692.078321    182.046276  2  3  5 246       
PG02  -5273.720224  16027.172907 -19990.209721    168.569918  5  3  3 214       
PG03  10248.529532  22482.392362 -10079.854029    290.068840  5  5  4 219       
PG04   1748.886162  22261.735554  14266.428040     64.659783  5  4  3 210       
PG05    747.479552 -18003.999692  19332.038505   -236.468705  4  2  5 213       
PG06  26103.955351  -5186.299889   1356.247924   -534.557822  5  3  2 232       
PG07  19021.133121   8781.528919  17176.605628   -221.039354  8  5  5 221       
PG08  -4369.372497  25654.460955  -3993.536882    357.544413  5  5  4 212       
PG09  10252.542551  13720.780917  20167.063551    687.820308  4  5  4 228       
PG10 -19617.787996  -6677.802836 -16538.642835   -540.513273  5  3  1 235       
PG11  20197.174498 -11828.675018  12533.321971   -222.702779  6  2  6 209       
PG12  -7615.535760 -23058.764238 -11032.815024   -602.967915  2  3  4 240       
PG13  -7653.590475 -21755.579570 -13224.274569    436.984052 12  3 10 275       
PG14  20856.850055   9061.012990 -13871.862995    750.033403  5  3  3 211       
PG15    448.255588 -26160.891060  -5090.207648    441.467935  6  5  2 226       
PG16  -7922.708265  13913.190494  20719.652748    326.748140  5  5  3 251       
PG17  15949.033642    -14.777527 -20917.942823   -196.213669  5  4  3 225       
PG18 -20479.966779  -7273.613420  15532.228467   -265.801349  7  5  6 215       
PG19  17665.638924 -11144.357487 -16096.404235    704.929576  4  2  2 216       
PG20  10674.917093 -24001.700115   4028.354078    276.149116  4  4  3 226       
PG21  11791.145476  -9481.948097  21832.407582    371.311147  2  3  4 221       
PG22  18094.070023   2392.164789 -18868.687303     72.006210  5  5  1 227       
PG23 -20445.518489 -15433.701845  -7492.742454    685.204002  7  3  5 220       
PG24   1755.735298 -16779.856321 -21020.635886    189.294496  5  5  5 221       
PG25 -17303.474682 -20310.278666  -1258.809889    392.372457  6  5  8 210       
PG26 -16538.065534   5034.875302  20005.650755   -391.465854  4  4  4 225       
PG27 -12503.414723  21931.160566   7142.080260      0.454689  4  5  3 257       
PG28 -26133.418499   4511.729194  -1682.631626   -425.416334  8  5  4 217       
PG29  -8084.905196 -15943.108002  19560.279482   -250.737630  4  5  2 217       
PG30  25930.840162   -446.818610   6523.205975    350.474241  8  4  4 210       
PG31 -23540.712496   9601.767919   7874.364223   -123.588855  7  6  2 235       
PG32 -16284.026664   5702.360113 -19858.327153    247.955085  5  3  5 213       
*  2026  9  2 12  0  0.00000000
PG01    605.932502  15398.200282 -21635.623951    182.038071  4  3  4 247       
PG02  -7511.091279  16597.755651 -18738.844324    168.576111  6  3  4 214       
PG03   9317.577436  21623.349942 -12593.565152    290.050203  5  5  4 219       
PG04   1071.355675  23613.760320  11952.763603     64.660020  5  5  3 213       
PG05   2450.319128 -16438.844631  20538.680881   -236.469476  4  3  5 220       
PG06  26120.293742  -5013.399932  -1538.811983   -534.548202  5  3  3 233       
PG07  17162.464448   9335.462882  18792.882924   -221.042270  8  5  6 229       
PG08  -4773.790157  25839.678308  -1170.633369    357.535072  5  4  4 215       
PG09   9535.082372  15864.546369  18906.750013    687.812499  4  5  4 228       
PG10 -20745.511438  -8085.728863 -14467.619340   -540.506887  5  3  1 237       
PG11  21503.803996 -11844.676433  10086.626808   -222.692015  7  2  6 212       
PG12  -6600.945826 -22131.311864 -13394.937626   -602.967063  2  4  4 237       
PG13  -6365.900918 -20743.168583 -15373.263619    436.988421 12  4 10 275       
PG14  21668.747239  10304.953315 -11621.180225    750.033269  5  3  3 213       
PG15    784.236828 -26484.376618  -2307.403745    441.470700  6  5  1 225       
PG16  -9508.316332  11986.562306  21277.654642    326.754240  4  5  4 252       
PG17  15113.527602   2336.662489 -21369.445809   -196.217760  5  4  2 232       
PG18 -18682.806231  -7778.282580  17418.750194   -265.793354  6  5  6 213       
PG19  17084.915972  -9262.294294 -17874.581339    704.929626  3  3  2 220       
PG20  10739.481509 -23346.326570   6796.291648    276.157391  4  4  3 228       
PG21  13430.528876  -7615.773144  21618.553712    371.304103  2  3  4 222       
PG22  19268.610384   4189.259324 -17327.697205     72.013916  5  5  1 222       
PG23 -20825.268683 -16039.816323  -4709.324898    685.207220  7  3  5 222       
PG24   3922.173963 -17421.795276 -20132.745790    189.310047  5  4  4 221       
PG25 -16928.123634 -20313.236662  -4051.478993    392.369283  6  4  8 212       
PG26 -18171.553113   3441.335768  18947.780609   -391.467106  4  4  4 215       
PG27 -12507.791523  20861.604480   9768.210590      0.454776  4  5  4 259       
PG28 -25850.309194   4185.859923  -4511.363574   -425.406794  8  5  3 250       
PG29  -7167.406622 -17913.102976  18149.670341   -250.731445  4  5  1 226       
PG30  25152.759096     27.037197   9123.816549    350.485385  8  4  5 211       
PG31 -24350.300765   9518.200258   5177.969957   -123.586398  7  6  1 233       
PG32 -15685.056122   3388.230147 -20847.876933    247.972087  5  3  5 214       
*  2026  9  2 12 15  0.00000000
PG01  -1797.903081  15882.394758 -21206.996598    182.029864  5  4  4 251       
PG02  -9566.429608  17221.770266 -17149.093876    168.582645  6  3  4 221       
PG03   8146.854747  20628.750938 -14893.972996    290.031582  5  4  4 226       
PG04    542.477266  24736.445366   9431.719232     64.660309  5  4  3 221       
PG05   4325.350414 -14891.871602  21386.318880   -236.469429  5  3  5 222       
PG06  25831.092251  -4758.529655  -4407.620548   -534.538532  5  4  4 237       
PG07  15181.571376  10030.619472  20104.955885   -221.045143  7  5  5 235       
PG08  -5109.311411  25726.241071   1672.990494    357.525831  5  4  3 223       
PG09   8966.136354  17884.634717  17317.346952    687.804670  4  5  4 233       
PG10 -21773.628195  -9247.352364 -12147.385836   -540.500530  5  2  2 240       
PG11  22529.522126 -11860.392196   7465.973952   -222.681223  8  2  6 221       
PG12  -5372.105973 -21071.039448 -15530.097028   -602.966405  3  3  4 241       
PG13  -4857.759224 -19647.620945 -17258.643596    436.992848 12  5 10 275       
PG14  22353.096786  11319.331188  -9172.718636    750.033020  5  4  2 222       
PG15   1087.196277 -26509.238843    514.901786    441.473422  6  4  1 230       
PG16 -11214.125990  10112.867274  21454.599883    326.760069  4  5  3 254       
PG17  14387.980742   4759.164552 -21441.312699   -196.221850  5  4  2 238       
PG18 -16725.289043  -8431.274247  19010.230650   -265.785384  5  5  6 222       
PG19  16538.418483  -7183.533911 -19339.721507    704.929838  4  3  2 225       
PG20  10771.135292 -22396.364487   9447.542400    276.165682  3  4  3 233       
PG21  15133.790917  -5870.931153  21032.951010    371.297094  3  2  4 227       
PG22  20404.704830   5777.758420 -15477.871484     72.022024  5  5  1 229       
PG23 -21005.435827 -16406.193139  -1846.144179    685.210457  6  3  5 228       
PG24   5952.007178 -18125.897680 -18911.791314    189.325637  5  4  4 227       
PG25 -16327.867829 -20125.078977  -6775.922038    392.366153  6  3  8 212       
PG26 -19765.721706   2014.852262  17560.795605   -391.468286  4  4  4 224       
PG27 -12501.030223  19507.686747  12219.434002      0.454345  4  5  4 259       
PG28 -25283.627633   3750.114469  -7262.556299   -425.397169  8  5  4 253       
PG29  -6407.079785 -19759.309523  16424.223824   -250.724891  4  5  1 229       
PG30  24128.948759    618.990547  11570.827150    350.496475  8  4  5 219       
PG31 -24862.621398   9400.106392   2393.340810   -123.583860  7  6  1 236       
PG32 -15187.442102    956.541011 -21468.335296    247.989070  5  4  4 223       
*  2026  9  2 12 30  0.00000000
PG01  -4107.968559  16470.982253 -20413.293255    182.021667  6  4  5 251       
PG02 -11406.392226  17863.907475 -15249.075757    168.588913  7  3  4 222       
PG03   6736.524378  19543.263231 -16942.522330    290.012899  5  4  3 227       
PG04    136.837205  25596.790967   6746.861359     64.660564  5  4  2 222       
PG05   6342.710227 -13404.048332  21859.965129   -236.469736  5  2  4 222       
PG06  25252.761353  -4385.784595  -7201.177544   -534.528909  5  4  4 238       
PG07  13121.164972  10872.124098  21091.875298   -221.048054  7  4  5 237       
PG08  -5410.886579  25307.823220   4486.878604    357.516592  5  4  3 223       
PG09   8533.961100  19735.821767  15426.555220    687.796848  4  5  4 234       
PG10 -22658.211519 -10164.317308  -9618.820197   -540.494176  5  2  3 241       
PG11  23263.177138 -11837.753406   4716.431984   -222.670387  9  3  6 221       
PG12  -3930.150689 -19920.403651 -17402.803149   -602.965473  4  3  3 237       
PG13  -3140.504999 -18511.524898 -18848.312980    436.997217 12  7 10 275       
PG14  22872.358150  12110.916675  -6568.516785    750.032824  5  4  2 222       
PG15   1392.718594 -26230.087022   3328.267825    441.476289  6  4  1 228       
PG16 -13007.976354   8331.915424  21248.571166    326.766032  4  5  3 254       
PG17  13787.708883   7204.396909 -21131.330022   -196.226441  5  4  2 232       
PG18 -14651.887814  -9242.257544  20279.217874   -265.777425  5  5  6 222       
PG19  16058.183972  -4942.719250 -20467.594235    704.930034  4  3  3 224       
PG20  10807.613467 -21162.461638  11936.688682    276.174000  4  4  4 233       
PG21  16861.197563  -4275.770349  20085.772870    371.290034  4  2  4 228       
PG22  21458.818004   7144.113525 -13352.296931     72.029901  5  4  1 227       
PG23 -20954.293531 -16556.892627   1048.269127    685.213704  6  3  5 229       
PG24   7813.626364 -18861.867027 -17376.282278    189.341216  5  3  4 229       
PG25 -15488.489987 -19780.034300  -9386.695624    392.362982  5  2  7 211       
PG26 -21278.524178    766.315000  15870.105969   -391.469539  5  4  3 224       
PG27 -12518.934496  17888.043188  14451.435924      0.454112  4  4  4 260       
PG28 -24457.078925   3174.395802  -9888.915398   -425.387506  8  5  4 253       
PG29  -5794.557527 -21437.236545  14413.601744   -250.718468  5  4  2 229       
PG30  22889.785385   1351.924092  13823.273470    350.507594  8  4  5 219       
PG31 -25079.775816   9210.691812   -431.926095   -123.581422  7  6  1 233       
PG32 -14810.407695  -1545.470930 -21708.993212    248.006006  4  4  4 223       
*  2026  9  2 12 45  0.00000000
PG01  -6282.116654  17141.037808 -19267.910757    182.013455  7  5  5 251       
PG02 -13005.556947  18484.990562 -13072.885195    168.595336  7  4  4 222       
PG03   5095.567196  18411.945713 -18704.952628    289.994285  5  4  3 229       
PG04   -176.440104  26168.966193   3944.716668     64.660825  5  4  2 224       
PG05   8465.603057 -12011.268339  21951.264855   -236.469892  6  3  4 222       
PG06  24409.810701  -3863.457744  -9871.659790   -534.519292  5  4  4 239       
PG07  11024.803242  11857.535392  21737.638910   -221.050716  6  4  4 243       
PG08  -5714.188854  24587.126100   7220.908463    357.507357  4  4  3 224       
PG09   8219.384577  21377.206321  13267.365199    687.789025  4  5  3 235       
PG10 -23358.090771 -10847.149636  -6925.992393   -540.487869  5  2  3 241       
PG11  23702.431025 -11738.314687   1885.392697   -222.659608  9  4  6 222       
PG12  -2284.360865 -18722.111608 -18982.087372   -602.964680  4  3  3 235       
PG13  -1233.614197 -17375.909758 -20115.257330    437.001608 12  8  9 274       
PG14  23192.430994  12694.041561  -3853.027120    750.032623  5  4  1 223       
PG15   1736.424912 -25650.177087   6083.755828    441.479263  6  3  1 225       
PG16 -14852.020612   6677.536415  20664.720063    326.771825  5  5  3 252       
PG17  13320.056519   9622.093990 -20444.316883   -196.230641  5  4  2 232       
PG18 -12509.327417 -10212.826189  21203.569858   -265.769375  5  5  5 223       
PG19  15670.430887  -2580.151844 -21240.111549    704.930498  4  3  3 224       
PG20  10884.626440 -19663.707905  14221.141820    276.182281  5  4  4 234       
PG21  18569.473223  -2851.232640  18793.392270    371.282968  5  2  4 229       
PG22  22387.574150   8283.595508 -10989.087031     72.037802  5  4  1 226       
PG23 -20646.520726 -16522.379194   3924.983262    685.216971  6  3  5 230       
PG24   9481.348068 -19594.922524 -15550.027795    189.356830  5  3  4 230       
PG25 -14403.254498 -19315.485221 -11840.555671    392.359815  5  2  7 210       
PG26 -22668.319486   -301.402171  13906.155996   -391.470777  5  4  3 226       
PG27 -12594.130246  16029.778526  16423.858559      0.453565  4  4  4 261       
PG28 -23401.319999   2433.986836 -12345.283219   -425.377865  8  5  5 254       
PG29  -5312.986556 -22906.316855  12152.516819   -250.711678  5  4  2 225       
PG30  21470.756686   2242.642706  15843.468784    350.518746  8  4  6 220       
PG31 -25012.275111   8914.834490  -3249.920061   -123.578895  7  5  1 256       
PG32 -14565.274696  -4067.695013 -21566.053752    248.022970  4  4  4 225       
*  2026  9  2 13  0  0.00000000
PG01  -8283.328035  17863.365515 -17790.333808    182.005311  8  5  5 248       
PG02 -14347.278627  19043.652993 -10659.908623    168.601303  7  4  4 222       
PG03   3241.610843  17278.536367 -20151.821067    289.975652  5  4  3 228       
PG04   -432.288900  26435.301086   1073.948813     64.661089  4  5  3 223       
PG05  10651.568671 -10743.027810  21658.653513   -236.470203  7  3  4 220       
PG06  23333.916557  -3165.459799 -12373.227726   -534.509693  5  5  5 238       
PG07   8935.477681  12976.813611  22031.403855   -221.054166  5  3  4 232       
PG08  -6053.961951  23575.861639   9826.275531    357.498126  4  5  3 220       
PG09   7996.719403  22773.677168  10877.458195    687.781132  4  4  3 236       
PG10 -23836.434501 -11314.585497  -4115.372466   -540.481465  5  2  3 241       
PG11  23853.753891 -11524.918139   -978.250021   -222.648840  9  5  6 218       
PG12   -451.971867 -17517.522983 -20241.950887   -602.964271  4  4  3 239       
PG13    835.858887 -16278.685947 -21037.989992    437.006013 12  9  9 274       
PG14  23283.992502  13089.837403  -1072.376296    750.032380  6  4  1 222       
PG15   2152.367172 -24781.426505   8732.798831    441.481409  6  3  2 236       
PG16 -16704.152681   5176.422522  19715.059747    326.777781  5  5  2 255       
PG17  12984.140951  11961.885646 -19392.081390   -196.234857  5  3  2 231       
PG18 -10344.955639 -11336.269103  21766.854344   -265.761384  5  4  5 221       
PG19  15394.555262   -140.372931 -21645.543547    704.930195  4  4  3 224       
PG20  11034.329892 -17927.013432  16261.858152    276.190573  6  4  5 234       
PG21  20213.370892  -1610.225047  17178.095699    371.275926  6  2  4 228       
PG22  23149.520459   9200.250910  -8430.616082     72.045585  5  4  1 223       
PG23 -20064.258589 -16338.207573   6735.449425    685.220199  6  4  5 229       
PG24  10936.248822 -20287.065101 -13461.899245    189.372431  5  3  4 228       
PG25 -13073.268810 -18770.460018 -14097.088621    392.356637  4  2  7 204       
PG26 -23895.407564  -1193.286604  11703.810683   -391.472030  5  4  3 222       
PG27 -12754.571364  13967.540261  18101.136431      0.454056  4  4  4 259       
PG28 -22152.782446   1510.707042 -14589.413656   -425.368189  8  5  5 225       
PG29  -4938.852436 -24131.395438   9680.128216   -250.705414  4  4  2 225       
PG30  19911.176225   3301.066785  17597.580981    350.529850  8  3  6 216       
PG31 -24678.506877   8480.576802  -6013.191171   -123.576382  7  5  2 253       
PG32 -14455.044842  -6558.947742 -21042.671715    248.039911  4  4  4 221       
*  2026  9  2 13 15  0.00000000
PG01 -10080.949757  18603.634314 -16005.816013    181.997073  8  6  5 247       
PG02 -15424.171019  19498.127644  -8054.004994    168.607588  8  5  5 221       
PG03   1200.440044  16183.808632 -21258.949701    289.957067  5  4  2 226       
PG04   -668.132298  26386.971568  -1815.510265     64.661363  4  5  2 220       
PG05  12853.983513  -9621.370376  20987.383060   -236.470339  7  3  4 220       
PG06  22062.725169  -2272.531030 -14662.806634   -534.500061  5  5  5 237       
PG07   6894.223195  14212.552422  21967.653736   -221.056904  5  2  4 236       
PG08  -6462.402163  22294.372308  12256.459488    357.488961  4  5  3 218       
PG09   7834.941215  23897.159606   8298.521854    687.773305  4  4  3 231       
PG10 -24062.159858 -11592.602729  -1235.026021   -540.475161  5  3  4 240       
PG11  23732.085199 -11163.319271  -3824.954264   -222.637998  8  5  6 217       
PG12   1542.310595 -16345.125909 -21161.733318   -602.963541  4  4  3 238       
PG13   3034.128661 -15253.220684 -21600.899522    437.010420 12  9  9 275       
PG14  23123.659894  13325.230626   1726.387742    750.032217  5  4  1 218       
PG15   2671.450107 -23644.097394  11228.108737    441.484593  6  3  2 223       
PG16 -18519.600458   3847.291572  18418.115774    326.783643  6  5  2 253       
PG17  12770.953737  14175.145741 -17993.220559   -196.238863  5  3  2 233       
PG18  -8205.089247 -12597.661573  21958.665431   -265.753377  5  5  5 219       
PG19  15242.423287   2329.398421 -21678.609567    704.930360  4  4  4 221       
PG20  11283.942296 -15986.198570  18023.992254    276.198925  7  5  5 235       
PG21  21747.328790   -557.307055  15267.697299    371.268925  6  3  4 227       
PG22  23706.816389   9906.494668  -5722.667716     72.053868  5  3  1 227       
PG23 -19197.897314 -16043.532568   9432.274304    685.223494  6  4  5 227       
PG24  12166.770714 -20898.501603 -11145.506210    189.387946  6  3  4 247       
PG25 -11507.563758 -18184.093435 -16119.286629    392.353529  4  2  7 211       
PG26 -24923.480316  -1921.728602   9301.686721   -391.473272  5  4  3 225       
PG27 -13022.250824  11742.277945  19453.225498      0.454425  4  4  4 260       
PG28 -20752.285532    393.816535 -16582.697485   -425.358549  8  4  5 222       
PG29  -4643.076768 -25084.019155   7039.350754   -250.699304  4  4  2 232       
PG30  18252.772798   4529.682761  19056.152490    350.540958  8  3  6 215       
PG31 -24103.929798   7880.486691  -8675.495222   -123.573622  7  4  2 253       
PG32 -14474.336961  -8968.810880 -20148.849011    248.056867  3  4  4 220       
*  2026  9  2 13 30  0.00000000
PG01 -11651.690986  19323.729547 -13944.958156    181.988843  9  6  5 248       
PG02 -16238.192363  19808.064283  -5302.580074    168.613817  8  5  5 226       
PG03   -994.792929  15164.054476 -22007.793028    289.938496  5  5  3 228       
PG04   -922.209482  26024.348234  -4673.357220     64.661590  4  5  3 224       
PG05  15023.735173  -8660.142309  19949.416528   -236.470761  7  4  4 224       
PG06  20638.435784  -1173.196645 -16700.829574   -534.490395  5  5  5 240       
PG07   4938.793445  15540.469049  21546.318960   -221.059897  4  2  4 237       
PG08  -6967.647040  20770.901769  14468.146148    357.479722  4  5  3 221       
PG09   7699.083343  24727.592494   5575.493904    687.765475  4  4  3 234       
PG10 -24011.120006 -11713.199019   1666.189219   -540.468854  5  3  4 241       
PG11  23360.174031 -10623.709763  -6605.401504   -222.627186  8  5  6 221       
PG12   3667.067136 -15239.139822 -21726.400385   -602.962851  4  4  3 240       
PG13   5321.782159 -14327.102555 -21794.499482    437.014842 11 10  9 275       
PG14  22694.937586  13431.734248   4496.051684    750.031960  5  4  1 221       
PG15   3319.948567 -22266.148364  13524.602603    441.487391  6  3  3 225       
PG16 -20252.614305   2700.396961  16798.451859    326.789655  7  6  3 252       
PG17  12663.817042  16216.779271 -16272.766564   -196.243089  6  3  3 235       
PG18  -6133.396084 -13974.277768  21774.849560   -265.745354  6  5  5 222       
PG19  15217.980020   4780.906430 -21340.451451    704.930750  4  4  4 223       
PG20  11654.562824 -13880.830666  19477.477439    276.207230  7  5  5 236       
PG21  23127.150204    311.295258  13095.059885    371.261867  6  4  5 230       
PG22  24026.776213  10422.361137  -2913.521654     72.061619  5  3  1 224       
PG23 -18046.565096 -15679.497204  11969.971686    685.226755  6  5  5 229       
PG24  13169.068248 -21389.181806  -8638.779552    189.403626  6  2  4 229       
PG25  -9722.894402 -17594.109774 -17874.064479    392.350445  4  3  7 207       
PG26 -25720.935805  -2505.785769   6741.443458   -391.474494  5  4  3 228       
PG27 -13412.176485   9399.742447  20456.204342      0.454829  4  3  4 262       
PG28 -19243.492748   -919.368109 -18290.825848   -425.348872  8  4  6 225       
PG29  -4392.342641 -25743.475638   4276.090798   -250.692657  4  4  3 230       
PG30  16538.204587   5923.270199  20194.558197    350.552057  7  3  6 218       
PG31 -23320.029969   7092.841255 -11192.501332   -123.571186  8  4  3 253       
PG32 -14609.679330 -11249.429282 -18901.191448    248.073823  2  4  4 223       
*  2026  9  2 13 45  0.00000000
PG01 -12980.336999  19983.268323 -11643.189944    181.980619  9  7  5 252       
PG02 -16800.333268  19936.290649  -2455.583130    168.619905  9  6  5 236       
PG03  -3304.628978  14249.747773 -22385.722840    289.919859  5  5  3 234       
PG04  -1231.868018  25356.993921  -7449.824171     64.661886  4  5  3 230       
PG05  17111.001938  -7864.587422  18563.193739   -236.470733  8  4  4 230       
PG06  19106.215715    135.573406 -18451.929204   -534.480790  5  5  5 243       
PG07   3102.442704  16930.141207  20772.847329   -221.063139  4  2  4 236       
PG08  -7592.438442  19040.546883  16422.079972    357.470498  3  5  3 228       
PG09   7551.790356  25253.598103   2755.749938    687.757623  3  4  3 239       
PG10 -23667.030884 -11712.967468   4539.414037   -540.462562  5  4  4 244       
PG11  22767.623438  -9882.075540  -9271.368895   -222.616372  7  5  6 229       
PG12   5885.165558 -14228.293021 -21926.750011   -602.961921  5  4  3 239       
PG13   7655.098390 -13521.140775 -21615.577665    437.019237 11 10  9 274       
PG14  21988.916485  13444.082136   7189.986291    750.031740  5  3  2 228       
PG15   4118.187646 -20682.270430  15580.325037    441.489818  6  3  3 236       
PG16 -21858.178003   1737.394991  14886.090321    326.795703  7  6  3 253       
PG17  12639.175381  18046.869419 -14261.687708   -196.247307  6  3  3 239       
PG18  -4169.373584 -15436.313705  21217.634059   -265.737360  5  5  5 229       
PG19  15317.181135   7166.514796 -20638.497603    704.930769  5  4  4 230       
PG20  12160.234578 -11654.852021  20597.524921    276.215514  8  6  5 241       
PG21  24311.642387   1007.349991  10697.530994    371.254822  6  4  5 235       
PG22  24083.200020  10774.450725    -53.003806     72.069937  5  3  1 236       
PG23 -16618.302049 -15287.558012  14305.684267    685.230023  6  5  4 234       
PG24  13947.074344 -21720.395713  -5983.457506    189.419245  6  3  3 234       
PG25  -7743.271541 -17035.379447 -19332.716831    392.347352  4  3  7 208       
PG26 -26262.009784  -2970.205028   4067.048376   -391.475760  4  4  3 233       
PG27 -13931.657868   6988.792639  21092.730813      0.455413  4  3  4 267       
PG28 -17671.271149  -2423.171021 -19684.380607   -425.339206  7  4  6 232       
PG29  -4150.594743 -26097.539199   1438.423762   -250.686006  4  4  3 232       
PG30  14809.550120   7468.915693  20993.396679    350.563119  7  3  6 226       
PG31 -22363.080038   6102.593409 -13522.455876   -123.568689  8  4  4 256       
PG32 -14840.140699 -13357.194664 -17322.536450    248.090763  1  4  4 230       
*  2026  9  2 14  0  0.00000000
PG01 -14060.153246  20541.219857  -9140.163454    181.972393  9  8  5 252       
PG02 -17129.925809  19850.436344    435.541931    168.626442  8  6  5 233       
PG03  -5684.596474  13464.435170 -22386.227749    289.901286  5  5  3 233       
PG04  -1631.891134  24403.309516 -10096.576904     64.662195  4  5  4 229       
PG05  19067.065247  -7231.296431  16853.274203   -236.471205  7  5  4 230       
PG06  17512.506846   1648.028446 -19885.565927   -534.471237  4  5  5 243       
PG07   1412.853639  18345.972705  19658.220406   -221.066070  4  2  4 237       
PG08  -8353.019465  17143.936917  18083.824448    357.461319  3  5  3 227       
PG09   7354.966894  25472.819807   -111.748026    687.749796  3  4  3 236       
PG10 -23022.109053 -11631.525479   7336.555581   -540.456164  4  4  5 243       
PG11  21989.676039  -8921.334852 -11776.585724   -222.605505  6  5  6 228       
PG12   8154.969940 -13334.816371 -21759.536655   -602.961369  5  4  3 240       
PG13   9987.533845 -12848.636026 -21067.243182    437.023672 11 11  8 275       
PG14  21004.701776  13398.756410   9762.880453    750.031548  5  4  2 227       
PG15   5079.449285 -18932.637736  17357.340934    441.492404  7  4  3 237       
PG16 -23293.671642    951.563692  12715.848285    326.801347  7  6  3 250       
PG17  12667.687073  19632.112393 -11996.257778   -196.251356  6  3  3 241       
PG18  -2346.981834 -16947.897970  20295.652350   -265.729337  5  6  6 230       
PG19  15528.241929   9440.815985 -19586.227942    704.930849  5  3  5 230       
PG20  12807.288618  -9355.050912  21365.034385    276.223804  8  6  5 242       
PG21  25264.151907   1549.969130   8116.303434    371.247790  6  4  5 235       
PG22  23857.439421  10994.622523   2808.475216     72.077885  5  3  2 242       
PG23 -14929.912577 -14907.808109  16399.867132    685.233322  6  5  4 232       
PG24  14512.272381 -21856.372512  -3224.473223    189.434859  6  3  3 233       
PG25  -5599.242039 -16538.596668 -20471.314808    392.344257  5  4  7 209       
PG26 -26527.687124  -3344.244765   1324.030306   -391.477062  4  4  3 234       
PG27 -14579.934572   4559.585906  21352.343192      0.455675  5  3  3 280       
PG28 -16080.016548  -4103.579833 -20739.341468   -425.329512  7  4  6 230       
PG29  -3880.653072 -26142.893433  -1424.270268   -250.679937  5  4  3 238       
PG30  13106.828883   9146.314349  21438.810262    350.574209  6  3  6 226       
PG31 -21272.747288   4902.090415 -15626.797689   -123.566452  8  4  4 227       
PG32 -15138.268991 -15254.247937 -15441.464427    248.107715  1  5  4 230       
*  2026  9  2 14 15  0.00000000
PG01 -14892.963307  20957.567349  -6479.068383    181.964157  9  8  5 250       
PG02 -17253.611579  19524.347102   3318.918177    168.632487  8  6  4 235       
PG03  -8086.693767  12823.893818 -22009.025194    289.882745  5  5  3 231       
PG04  -2152.928556  23189.842045 -12567.585883     64.662449  5  4  4 227       
PG05  20846.081935  -6748.510486  14849.866083   -236.471295  7  5  4 226       
PG06  15903.287747   3349.641210 -20976.580359   -534.461575  4  5  5 242       
PG07   -108.752057  19748.362833  18218.909698   -221.068738  3  3  4 240       
PG08  -9258.313542  15125.698493  19424.411015    357.452109  3  5  4 224       
PG09   7071.454794  25391.916370  -2977.324952    687.741986  3  4  3 235       
PG10 -22077.403045 -11509.855991  10011.024215   -540.449837  4  4  5 243       
PG11  21065.788661  -7732.209629 -14077.557323   -222.594631  5  5  6 225       
PG12  10431.715596 -12573.687095 -21227.513895   -602.960641  6  4  3 239       
PG13  12271.318951 -12314.949596 -20158.871148    437.028091 11 11  8 275       
PG14  19749.554973  13332.461688  12171.451589    750.031360  5  3  3 224       
PG15   6209.161502 -17061.418920  18822.570998    441.495256  7  4  3 234       
PG16 -24520.421300    328.352509  10326.611027    326.807380  7  6  3 249       
PG17  12715.565435  20946.978281  -9517.312006   -196.255420  6  3  3 242       
PG18   -693.484730 -18468.356118  19023.861143   -265.721324  4  6  6 227       
PG19  15832.186229  11562.135891 -18202.850633    704.930933  6  3  5 227       
PG20  13593.993623  -7029.433154  21766.910102    276.232120  8  6  5 241       
PG21  25953.937791   1964.673144   5395.711067    371.240766  5  4  5 233       
PG22  23339.157532  11118.493519   5620.869143     72.085906  5  3  1 242       
PG23 -13006.500616 -14577.358763  18216.924621    685.236588  6  5  4 230       
PG24  14883.171815 -21765.818165   -409.245560    189.450502  6  3  4 232       
PG25  -3326.943330 -16129.121499 -21271.041085    392.341187  5  4  7 213       
PG26 -26506.364802  -3660.345099  -1441.267955   -391.478381  4  4  3 231       
PG27 -15348.159983   2161.733450  21231.601028      0.456083  5  3  3 284       
PG28 -14512.008859  -5938.594276 -21437.501233   -425.319824  6  4  5 229       
PG29  -3545.874344 -25885.213620  -4262.195204   -250.673404  6  4  4 235       
PG30  11466.603670  10928.350150  21522.729446    350.585288  5  2  6 223       
PG31 -20090.600871   3491.521927 -17470.720523   -123.563902  7  4  5 224       
PG32 -15471.294012 -16909.742127 -13291.709061    248.124658  1  5  4 228       
*  2026  9  2 14 30  0.00000000
PG01 -15488.897364  21194.945837  -3705.880992    181.955911  9  9  5 248       
PG02 -17204.022469  18939.229330   6143.278380    168.638851  8  7  4 233       
PG03 -10461.008115  12335.586415 -21260.084094    289.864184  5  5  4 229       
PG04  -2820.095089  21750.283158 -14819.952199     64.662741  5  4  4 224       
PG05  22406.745359  -6396.763764  12588.252679   -236.471974  7  5  4 227       
PG06  14322.358063   5217.455456 -21705.658939   -534.451949  3  5  4 242       
PG07  -1448.286768  21095.047894  16476.765538   -221.071937  4  3  4 234       
PG08 -10309.420235  13032.774316  20420.861480    357.442905  3  5  4 221       
PG09   6666.671024  25026.215557  -5791.470911    687.734149  3  4  3 234       
PG10 -20842.811324 -11388.621141  12518.432647   -540.443491  4  5  5 242       
PG11  20038.052564  -6313.794006 -16134.340270   -222.583781  4  5  6 221       
PG12  12669.002349 -11952.148300 -20339.395324   -602.959616  6  5  4 231       
PG13  14459.106249 -11917.386426 -18905.946021    437.032527 11 11  8 276       
PG14  18238.745713  13280.601206  14375.124576    750.031200  4  3  3 219       
PG15   7504.415177 -15115.108737  19948.542078    441.498102  7  4  4 230       
PG16 -25505.078204   -153.770396   7760.563106    326.813094  7  7  2 248       
PG17  12746.108292  21974.549738  -6869.411529   -196.260121  6  3  3 233       
PG18    771.453913 -19953.684094  17423.346496   -265.713307  3  6  6 224       
PG19  16203.667698  13493.882254 -16512.901695    704.931398  6  3  5 225       
PG20  14510.524492  -4725.555187  21796.278099    276.240423  8  6  5 239       
PG21  26357.329970   2282.207268   2582.471595    371.233731  5  3  5 232       
PG22  22526.757510  11183.811613   8335.410765     72.093646  5  3  1 236       
PG23 -10880.703028 -14328.838336  19725.792541    685.239872  6  5  4 227       
PG24  15084.496961 -21423.326530   2413.120898    189.466142  6  3  4 230       
PG25   -966.963859 -15826.024091 -21718.462427    392.338138  4  5  7 212       
PG26 -26194.247683  -3952.697766  -4182.427554   -391.479676  4  4  2 228       
PG27 -16219.736521   -157.498544  20734.066791      0.456306  5  3  3 287       
PG28 -13005.860732  -7898.888189 -21766.782004   -425.310123  6  4  5 227       
PG29  -3111.793243 -25338.905991  -7026.033760   -250.666955  6  5  4 233       
PG30   9920.714466  12781.937134  21243.037338    350.596388  5  3  5 221       
PG31 -18858.570240   1879.084095 -19023.679409   -123.561016  7  4  5 226       
PG32 -15802.540452 -18300.819529 -10911.483501    248.141589  2  5  4 225       
*  2026  9  2 14 45  0.00000000
PG01 -15865.820929  21220.191048   -868.560197    181.947592  9  9  5 270       
PG02 -17018.240241  18084.479981   8858.959991    168.645229  7  6  4 230       
PG03 -12757.414397  11998.434049 -20151.556688    289.845605  5  4  4 226       
PG04  -3651.794041  20124.198863 -16814.671825     64.663016  5  4  4 219       
PG05  23713.769845  -6149.836045  10108.129996   -236.471923  6  6  4 218       
PG06  12809.711759   7220.767128 -22059.702573   -534.442321  3  4  3 240       
PG07  -2599.224924  22342.576454  14458.830761   -221.074844  4  4  5 233       
PG08 -11499.447008  10912.669448  21056.573588    357.433677  3  5  4 217       
PG09   6110.141239  24399.043443  -8505.707134    687.726318  3  4  3 233       
PG10 -19336.790270 -11306.507699  14817.251847   -540.437171  3  5  5 240       
PG11  18949.522112  -4673.796086 -17911.253650   -222.572943  3  5  6 216       
PG12  14820.354791 -11469.520935 -19109.733925   -602.958685  6  5  4 224       
PG13  16505.609133 -11645.396084 -17329.805899    437.036937 11 12  8 275       
PG14  16495.118499  13275.809542  16336.671706    750.030997  4  3  4 213       
PG15   8953.838826 -13140.750794  20714.025449    441.500828  7  5  4 228       
PG16 -26220.779785   -522.216629   5062.396408    326.819111  6  7  2 245       
PG17  12721.346353  22707.006210  -4099.940791   -196.263991  5  3  4 236       
PG18   2036.381219 -21358.176715  15521.017589   -265.705273  3  6  6 220       
PG19  16612.027535  15205.692582 -14545.778330    704.931612  6  2  6 222       
PG20  15539.251296  -2488.880935  21452.601272    276.248670  7  6  5 237       
PG21  26458.628667   2537.155744   -275.110999    371.226681  4  3  5 230       
PG22  21427.469078  11228.772882  10905.473207     72.101920  5  3  2 240       
PG23  -8591.646816 -14189.063716  20900.457801    685.243176  6  5  4 219       
PG24  15146.111486 -20810.599635   5192.715843    189.481784  5  3  4 228       
PG25   1436.953228 -15641.362797 -21805.738216    392.335037  4  5  7 214       
PG26 -25595.467881  -4255.768781  -6853.673445   -391.480945  3  4  2 224       
PG27 -17170.982085  -2354.865094  19870.135162      0.456061  5  3  3 285       
PG28 -11595.119026  -9948.760493 -21721.446833   -425.300452  5  4  4 225       
PG29  -2547.676609 -24526.515214  -9667.830198   -250.660469  6  6  4 229       
PG30   8495.189853  14669.094297  20603.649820    350.607538  4  2  4 216       
PG31 -17617.407749     80.855424 -20259.838005   -123.558219  6  4  5 227       
PG32 -16092.990127 -19413.269920  -8342.740440    248.158507  2  5  4 222       
*  2026  9  2 15  0  0.00000000
PG01 -16048.466360  21005.737442   1983.794440    181.939324  8  9  5 267       
PG02 -16736.108925  16958.173477  11418.827683    168.651666  7  6  3 220       
PG03 -14927.293727  11802.916678 -18701.618539    289.827082  5  4  4 222       
PG04  -4658.813001  18355.542264 -18517.323217     64.663330  5  3  5 212       
PG05  24739.140902  -5975.973728   7452.870572   -236.472422  6  6  4 218       
PG06  11400.063118   9322.115962 -22032.089611   -534.432699  3  4  2 239       
PG07  -3562.762922  23447.873312  12197.070947   -221.077950  4  4  5 227       
PG08 -12813.680423   8811.700717  21321.564443    357.424434  3  5  3 212       
PG09   5376.868742  23540.758486 -11073.424035    687.718429  3  4  3 228       
PG10 -17585.765422 -11298.661285  16869.419268   -540.430776  3  4  5 240       
PG11  17842.518607  -2828.442241 -19377.512495   -222.562075  3  5  6 209       
PG12  16840.795815 -11117.315388 -17558.720102   -602.958055  6  6  4 221       
PG13  18369.170311 -11481.083930 -15457.291331    437.041346 10 12  7 276       
PG14  14548.389106  13346.594729  18022.806448    750.030811  3  3  4 209       
PG15  10537.844727 -11184.130151  21104.539047    441.503577  7  5  4 219       
PG16 -26648.055877   -808.972771   2278.512102    326.825240  6  7  2 245       
PG17  12603.736840  23145.738597  -1258.163537   -196.268490  5  3  4 229       
PG18   3098.345679 -22636.149749  13349.189316   -265.697289  3  6  6 216       
PG19  17022.545722  16674.345728 -12335.216234    704.932068  6  2  6 228       
PG20  16655.338010   -361.223686  20741.690740    276.256927  7  5  6 237       
PG21  26250.710250   2766.408048  -3127.970974    371.219615  4  3  5 228       
PG22  20057.097277  11290.353238  13287.362015     72.109757  5  3  2 235       
PG23  -6183.665572 -14177.933937  21720.407700    685.246457  6  5  4 214       
PG24  15101.714507 -19917.416851   7879.767425    189.497408  6  3  4 224       
PG25   3839.321115 -15579.720960 -21530.762928    392.331843  3  5  6 213       
PG26 -24721.927923  -4602.827026  -9410.569037   -391.482286  3  4  2 221       
PG27 -18172.092521  -4392.627306  18656.721577      0.455854  5  3  2 283       
PG28 -10307.072775 -12047.339527 -21302.202990   -425.290763  4  5  4 219       
PG29  -1827.927566 -23477.824981 -12141.843327   -250.654210  7  6  4 233       
PG30   7209.376604  16548.218719  19614.507436    350.618638  3  2  4 210       
PG31 -16405.207670  -1879.610957 -21158.454157   -123.555885  5  4  5 218       
PG32 -16302.928110 -20241.850702  -5630.384268    248.175509  3  5  3 216       
*  2026  9  2 15 15  0.00000000
PG01 -16067.301777  20530.809530   4801.807070    181.931092  8  9  5 269       
PG02 -16398.477569  15567.194672  13779.103786    168.658083  6  6  3 223       
PG03 -16925.210682  11731.499879 -16934.216292    289.808495  5  4  4 227       
PG04  -5843.727974  16491.009640 -19898.665368     64.663599  5  3  5 220       
PG05  25463.084034  -5839.327362   4668.729891   -236.472648  6  6  4 222       
PG06  10121.584125  11478.551826 -21622.826120   -534.423052  3  4  1 242       
PG07  -4347.695344  24369.841196   9728.013435   -221.081428  4  5  4 220       
PG08 -14230.084728   6773.322780  21212.571269    357.415207  4  5  3 219       
PG09   4448.485900  22487.530702 -13450.676534    687.710584  4  4  3 232       
PG10 -15623.268254 -11395.262492  18640.895525   -540.424399  3  4  5 243       
PG11  16756.976870   -802.046903 -20507.771214   -222.551265  3  5  6 218       
PG12  18688.378792 -10879.640177 -15711.898780   -602.957435  6  6  4 227       
PG13  20013.201472 -11400.013185 -13320.303524    437.045734 10 12  7 276       
PG14  12434.194460  13516.138953  19404.723907    750.030571  3  3  4 218       
PG15  12229.241130  -9288.018147  21112.694006    441.506051  7  5  4 229       
PG16 -26775.454631  -1049.148101   -543.768958    326.831145  5  6  2 246       
PG17  12357.828499  23301.096619   1605.736917   -196.273048  4  3  4 229       
PG18   3962.851947 -23743.688753  10945.057423   -265.689296  4  7  5 223       
PG19  17397.837966  17884.410233  -9918.720359    704.931784  6  2  6 225       
PG20  17827.628905   1620.668899  19675.613098    276.265186  7  5  5 239       
PG21  25735.316221   3007.536783  -5927.118498    371.212522  4  4  5 232       
PG22  18439.451407  11402.721207  15441.025862     72.117450  5  3  1 232       
PG23  -3704.819297 -14307.588426  22171.001303    685.249733  6  5  4 220       
PG24  14987.356987 -18742.300444  10425.629714    189.513017  6  3  5 228       
PG25   6194.389331 -15638.019682 -20897.239901    392.328734  3  5  6 213       
PG26 -23592.876769  -5024.530252 -11810.679671   -391.483633  2  4  1 224       
PG27 -19188.352612  -6239.788470  17116.825547      0.455871  5  3  2 284       
PG28  -9161.813406 -14149.995293 -20516.194806   -425.281091  4  5  4 225       
PG29   -933.283086 -22228.689054 -14405.353069   -250.647616  7  7  4 233       
PG30   6075.321356  18375.513785  18291.475427    350.629779  2  2  4 218       
PG31 -15256.031909  -3971.965205 -21704.200806   -123.553322  5  3  5 223       
PG32 -16393.606095 -20790.263933  -2821.453051    248.192450  3  5  3 223       
*  2026  9  2 15 30  0.00000000
PG01 -15957.182334  19782.358457   7536.695970    181.922996  7  9  5 244       
PG02 -16045.450052  13927.023199  15900.092420    168.664025  6  6  2 231       
PG03 -18710.488317  11759.375103 -14878.723533    289.789906  4  3  4 227       
PG04  -7200.638906  14578.306049 -20935.135763     64.663871  5  3  5 220       
PG05  25874.716996  -5701.545792   1804.012231   -236.472790  5  6  4 219       
PG06   8994.904094  13643.128723 -20838.578373   -534.413405  2  4  1 242       
PG07  -4970.000598  25070.943956   7092.288491   -221.084447  4  6  4 218       
PG08 -15720.101555   4836.598781  20733.013542    357.405966  4  5  3 218       
PG09   3314.144383  21279.915625 -15596.923452    687.702782  4  4  3 232       
PG10 -13488.829015 -11620.292943  20102.166105   -540.417982  4  4  5 243       
PG11  15728.900352   1373.735606 -21282.566826   -222.540381  4  5  6 217       
PG12  20325.624448 -10733.895314 -13599.806295   -602.956832  6  7  4 230       
PG13  21407.440246 -11372.267794 -10955.278048    437.050175 10 12  6 276       
PG14  10192.928209  13801.302020  20458.580901    750.030392  3  3  4 217       
PG15  13994.186395  -7490.550686  20738.371647    441.508964  6  6  4 224       
PG16 -26599.874053  -1279.433016  -3356.975419    326.837172  5  6  2 246       
PG17  11951.827621  23191.787632   4441.608698   -196.277745  3  4  4 229       
PG18   4643.478150 -24640.355115   8350.072702   -265.681326  5  7  5 222       
PG19  17699.347096  18828.611820  -7336.957691    704.931978  5  2  6 225       
PG20  19019.789676   3426.333796  18272.494639    276.273472  6  5  5 239       
PG21  24923.014129   3297.150298  -8624.476377    371.205508  4  5  4 232       
PG22  16605.484111  11595.792520  17330.677237     72.125338  5  3  1 229       
PG23  -1205.269302 -14581.863651  22243.755554    685.252999  5  5  4 220       
PG24  14839.838604 -17292.836358  12783.787900    189.528680  6  4  5 228       
PG25   8457.644251 -15805.615774 -19914.683089    392.325706  2  5  6 214       
PG26 -22234.236099  -5547.617065 -14014.199851   -391.484960  2  4  1 222       
PG27 -20181.538830  -7873.037316  15278.987016      0.456348  5  4  2 289       
PG28  -8171.583227 -16209.906060 -19376.885880   -425.271439  4  5  4 226       
PG29    148.242597 -20819.640788 -16419.405362   -250.641231  7  7  4 234       
PG30   5097.430120  20106.522882  16656.149014    350.640903  2  2  4 217       
PG31 -14198.689413  -6159.987076 -21887.419151   -123.550593  4  3  5 226       
PG32 -16328.857796 -21070.798811     35.712862    248.209393  4  5  3 223       
*  2026  9  2 15 45  0.00000000
PG01 -15755.837918  18755.706212  10141.133441    181.914755  7  9  4 242       
PG02 -15714.714160  12061.189475  17746.788599    168.670604  5  5  2 223       
PG03 -20248.622625  11855.489333 -12569.506148    289.771293  4  4  4 225       
PG04  -8715.245948  12664.389656 -21609.240238     64.664216  5  3  5 215       
PG05  25972.363640  -5523.461728  -1091.787100   -236.473095  4  6  4 215       
PG06   8032.412482  15766.569673 -19692.584725   -534.403760  2  4  1 242       
PG07  -5452.139337  25518.711311   4334.068166   -221.087623  4  6  4 211       
PG08 -17249.712062   3034.874977  19892.824368    357.396596  4  6  3 215       
PG09   1971.111286  19961.279956 -17475.699487    687.694895  5  4  3 232       
PG10 -11226.663392 -11990.533077  21228.684709   -540.411642  4  4  5 243       
PG11  14788.985897   3660.947927 -21688.653995   -222.529529  4  5  5 212       
PG12  21720.810753 -10651.728133 -11257.528381   -602.955936  6  7  4 223       
PG13  22528.976972 -11363.736021  -8402.581494    437.054583 10 12  6 276       
PG14   7868.401735  14211.865236  21165.908664    750.030257  3  3  5 212       
PG15  15793.442943  -5823.815247  19988.723794    441.511685  5  6  4 222       
PG16 -26126.595889  -1536.526452  -6114.224815    326.843279  4  5  2 246       
PG17  11359.001430  22843.960404   7200.251411   -196.281489  3  5  3 227       
PG18   5161.167753 -25290.779896   5609.223723   -265.673378  6  7  5 218       
PG19  17888.875954  19507.911806  -4633.119697    704.932119  5  2  7 223       
PG20  20191.660757   5032.570018  16556.225049    276.281746  5  5  5 238       
PG21  23832.831661   3669.284145 -11173.701746    371.198503  3  6  4 230       
PG22  14592.180543  11893.979003  18925.317804     72.133341  4  3  1 227       
PG23   1264.434138 -14996.071773  21936.539230    685.256298  4  5  4 216       
PG24  14695.054269 -15585.623903  14910.852023    189.544319  6  4  5 226       
PG25  10587.279973 -16064.685501 -18598.343036    392.322665  2  5  5 215       
PG26 -20677.701719  -6193.749226 -15984.539871   -391.486256  2  5  1 219       
PG27 -21111.451137  -9277.368980  13176.655576      0.456879  5  4  2 293       
PG28  -7340.437149 -18179.719655 -17903.832258   -425.261759  5  6  4 225       
PG29   1420.705551 -19294.337648 -18149.481962   -250.634895  7  7  4 235       
PG30   4272.422034  21697.713820  14735.562087    350.652075  2  2  4 212       
PG31 -13255.711779  -8402.731012 -21704.300577   -123.547746  4  3  4 231       
PG32 -16076.605165 -21103.660675   2892.300225    248.226367  4  5  2 221       
*  2026  9  2 16  0  0.00000000
PG01 -15502.257799  17454.871475  12570.078876    181.906564  6  8  4 234       
PG02 -15440.014487  10000.435158  19289.368604    168.677016  5  5  2 213       
PG03 -21512.482594  11983.829123 -10045.399844    289.752696  3  4  4 217       
PG04 -10365.261897  10793.763993 -21909.829293     64.664532  6  3  5 196       
PG05  25763.521216  -5266.801100  -3968.846601   -236.473404  3  6  3 200       
PG06   7237.893953  17799.038078 -18204.446402   -534.394092  1  4  2 239       
PG07  -5822.080436  25687.103255   1500.401495   -221.090922  4  6  3 191       
PG08 -18780.712990   1394.707838  18708.162111    357.387384  4  6  3 198       
PG09    425.050004  18576.140584 -19055.210046    687.687152  5  4  3 232       
PG10  -8884.197009 -12514.826184  22001.254780   -540.405182  4  5  5 241       
PG11  13961.472188   6016.614328 -21719.226229   -222.518612  4  5  5 187       
PG12  22849.068057 -10600.219932  -8724.181411   -602.955317  5  7  4 219       
PG13  23363.012130 -11337.566280  -5705.839792    437.058961  9 12  6 276       
PG14   5506.376835  14750.045615  21513.951154    750.030054  3  3  5 188       
PG15  17583.873385  -4312.711383  18877.996568    441.514344  5  6  4 221       
PG16 -25369.028644  -1855.588847  -8769.926079    326.849256  3  5  2 244       
PG17  10558.864644  22290.019664   9834.285912   -196.286022  3  5  3 219       
PG18   5543.221909 -25666.079241   2770.240479   -265.665370  7  8  4 203       
PG19  17930.108600  19931.297372  -1852.261277    704.931962  5  3  7 205       
PG20  21300.772105   6424.137603  14556.064504    276.289990  5  5  4 234       
PG21  22491.577704   4153.893969 -13530.978882    371.191499  3  6  4 225       
PG22  12441.245263  12315.174593  20199.166107     72.141049  5  3  1 209       
PG23   3655.089445 -15537.113755  21253.668409    685.259571  4  5  4 204       
PG24  14586.365264 -13645.845466  16767.507695    189.559959  6  5  6 220       
PG25  12545.589048 -16390.885719 -16969.052982    392.319614  2  5  5 212       
PG26 -18959.651659  -6978.543406 -17688.867865   -391.487567  3  6  1 206       
PG27 -21937.508468 -10446.369232  10847.492878      0.457199  4  4  2 295       
PG28  -6664.230463 -20013.245947 -16122.350078   -425.252101  5  6  4 215       
PG29   2879.895429 -17697.903211 -19566.083776   -250.628701  6  7  4 237       
PG30   3589.583399  23108.055758  12561.798831    350.663322  2  2  4 196       
PG31 -12442.561842 -10655.853168 -21156.993544   -123.545030  4  4  4 229       
PG32 -15610.200351 -20916.018630   5699.836542    248.243354  4  5  2 209       
*  2026  9  2 16 15  0.00000000
PG01 -15235.036734  15892.563846  14781.569276    181.898367  6  8  4 236       
PG02 -15249.823960   7781.620870  20503.562359    168.683145  5  5  2 217       
PG03 -22483.248564  12104.913880  -7349.104077    289.733986  3  4  5 220       
PG04 -12121.142842   9006.884546 -21832.258025     64.664866  6  3  5 198       
PG05  25264.486656  -4895.848931  -6777.874736   -236.473569  2  6  3 206       
PG06   6606.511556  19691.946187 -16399.799410   -534.384440  1  5  3 242       
PG07  -6112.081627  25557.672872  -1359.551203   -221.094033  4  7  2 235       
PG08 -20272.150901    -64.920287  17201.015596    357.378106  4  6  3 205       
PG09  -1310.022976  17168.480981 -20308.841032    687.679285  5  5  2 234       
PG10  -6510.476878 -13193.635116  22406.345373   -540.398787  4  5  5 243       
PG11  13263.256585   8394.222578 -21374.020013   -222.507795  3  4  5 197       
PG12  23693.237331 -10543.263000  -6042.320182   -602.954445  5  8  4 215       
PG13  23903.315049 -11255.739822  -2911.208161    437.063282  9 12  6 276       
PG14   3153.021418  15410.301353  21495.922117    750.029941  3  3  5 199       
PG15  19320.108976  -2974.135146  17427.185072    441.517335  4  6  4 206       
PG16 -24348.175584  -2268.773765 -11280.440179    326.855136  2  4  2 245       
PG17   9538.106302  21567.226631  12298.957979   -196.290075  3  6  3 223       
PG18   5822.031389 -25745.031450   -117.265936   -265.657396  7  9  4 210       
PG19  17790.067857  20115.293525    959.377636    704.932391  5  4  7 221       
PG20  22303.962393   7594.151695  12306.159600    276.298209  4  5  4 236       
PG21  20932.876072   4775.508618 -15655.769726    371.184479  2  6  4 227       
PG22  10197.639834  12870.010689  21131.987719     72.149195  4  3  1 221       
PG23   5920.542529 -16183.927250  20205.898016    685.262853  3  4  3 201       
PG24  14543.071611 -11506.466587  18319.391654    189.575552  6  5  6 221       
PG25  14300.223524 -16754.274725 -15052.991107    392.316543  2  5  5 210       
PG26 -17119.898189  -7910.825366 -19098.603406   -391.488871  3  6  2 211       
PG27 -22620.342972 -11382.161997   8332.628079      0.457369  4  4  2 296       
PG28  -6130.932894 -21667.115606 -14063.082985   -425.242476  4  6  4 214       
PG29   4513.326252 -16075.232442 -20645.218602   -250.621807  6  7  4 228       
PG30   3031.316924  24300.528895  10171.509560    350.674406  2  3  4 204       
PG31 -11767.105255 -12873.077078 -20253.631267   -123.542316  3  4  4 235       
PG32 -14909.556125 -20540.813106   8410.976066    248.260271  5  4  2 215       
*  2026  9  2 16 30  0.00000000
PG01 -14990.748505  14089.846531  16737.452525    181.890122  6  7  4 232       
PG02 -15166.257526   5446.431132  21370.912011    168.689537  5  5  3 211       
PG03 -23151.050093  12177.444322  -4526.498472    289.715350  3  5  5 218       
PG04 -13947.106599   7338.740630 -21378.429265     64.665223  6  4  4 182       
PG05  24499.660435  -4379.007371  -9470.942829   -236.473693  1  5  3 196       
PG06   6125.139747  21399.729030 -14309.872364   -534.374787  1  5  4 241       
PG07  -6357.264637  25120.469849  -4195.377214   -221.097181  4  8  1 230       
PG08 -21681.854540  -1333.074067  15398.717642    357.368852  4  6  3 197       
PG09  -3212.101934  15780.108870 -21215.577480    687.671461  5  5  2 234       
PG10  -4154.522812 -14018.909241  22436.337148   -540.392385  4  5  5 242       
PG11  12703.314028  10745.344799 -20659.301056   -222.496940  3  4  5 183       
PG12  24244.456577 -10443.079725  -3257.276982   -602.953764  4  7  4 213       
PG13  24152.365605 -11080.700112    -66.593867    437.067675  8 12  7 275       
PG14    853.343213  16179.439653  21111.174266    750.029719  2  4  5 187       
PG15  20956.312689  -1816.520740  15663.533035    441.519881  4  5  4 208       
PG16 -23091.851492  -2803.886720 -13604.695515    326.861130  2  4  3 244       
PG17   8291.226470  20716.147045  14552.863721   -196.294634  3  6  3 223       
PG18   6033.598924 -25514.964957  -3002.710088   -265.649430  7  9  3 201       
PG19  17440.459729  20083.215024   3755.062191    704.932253  6  4  7 209       
PG20  23159.041248   8544.156533   9844.975006    276.306430  4  5  3 234       
PG21  19195.948631   5552.096148 -17511.509429    371.177503  2  6  4 225       
PG22   7908.027235  13561.402032  21709.329900     72.157114  4  3  1 215       
PG23   8019.282552 -16908.257090  18810.305207    685.266128  3  5  3 189       
PG24  14589.059476  -9207.096344  19537.861307    189.591164  6  5  6 219       
PG25  15825.279234 -17120.465736 -12881.355309    392.313467  2  5  4 211       
PG26 -15200.325742  -8992.132656 -20189.858734   -391.490156  3  6  3 203       
PG27 -23123.331283 -12095.033534   5675.884895      0.457391  4  4  2 297       
PG28  -5721.256454 -23102.341342 -11761.476441   -425.232792  4  7  4 210       
PG29   6300.553392 -14469.326584 -21368.786428   -250.615737  6  7  3 237       
PG30   2573.969609  25243.507830   7605.334187    350.685519  3  3  4 196       
PG31 -11229.367098 -15007.749249 -19008.275908   -123.539613  3  5  4 237       
PG32 -13962.026593 -20015.371942  10980.248072    248.277247  5  4  2 211       
*  2026  9  2 16 45  0.00000000
PG01 -14802.411508  12075.480780  18404.050030    181.881904  6  7  3 229       
PG02 -15204.259724   3039.930981  21878.923579    168.695849  5  5  3 210       
PG03 -23515.274872  12160.044765  -1625.889790    289.696622  3  5  5 220       
PG04 -15802.397576   5817.665704 -20556.721786     64.665496  6  4  4 173       
PG05  23500.558460  -3690.186975 -12002.281417   -236.473588  1  4  2 200       
PG06   5773.034590  22881.513040 -11970.937772   -534.365156  1  6  4 242       
PG07  -6594.036907  24374.634152  -6956.350211   -221.099950  4  7  1 225       
PG08 -22968.003748  -2407.017093  13333.382376    357.359670  4  5  3 193       
PG09  -5251.861073  14449.116567 -21760.326617    687.663587  5  5  2 236       
PG10  -1863.674402 -14974.269683  22089.693795   -540.385958  4  5  5 243       
PG11  12282.439347  13021.333859 -19587.734196   -222.486123  3  3  5 179       
PG12  24502.449291 -10261.828901   -416.438392   -602.953306  4  7  4 222       
PG13  24121.172421 -10776.976032   2779.155933    437.072043  8 12  7 275       
PG14  -1350.341574  17037.027352  20365.274429    750.029518  2  5  5 182       
PG15  22447.955950   -839.754064  13619.897205    441.522467  3  5  4 213       
PG16 -21633.678737  -3483.214060 -15704.755964    326.867319  1  5  3 245       
PG17   6820.865279  19779.011414  16558.588160   -196.298713  3  6  2 222       
PG18   6215.912531 -24972.318239  -5835.465970   -265.641464  7  9  3 196       
PG19  16858.858950  19864.184397   6488.259044    704.932239  6  5  6 203       
PG20  23826.431070   9283.876231   7214.649225    276.314685  4  6  3 234       
PG21  17324.194093   6494.187293 -19066.235115    371.170471  2  5  4 225       
PG22   5619.180182  14384.393312  21922.664161     72.165134  4  4  1 215       
PG23   9915.872801 -17675.723572  17090.061868    685.269373  3  6  3 182       
PG24  14741.689941  -6792.556585  20400.630733    189.606757  6  5  6 221       
PG25  17102.160386 -17451.976742 -10489.947922    392.310483  2  5  4 210       
PG26 -13243.460334 -10216.484339 -20943.823331   -391.491409  3  6  3 201       
PG27 -23414.006532 -12602.758412   2922.997007      0.457261  4  4  2 296       
PG28  -5409.572344 -24285.721377  -9257.167730   -425.223132  4  7  4 210       
PG29   8213.802625 -12919.721846 -21724.857735   -250.609214  6  6  3 234       
PG30   2188.911259  25911.962496   4907.239177    350.696667  3  4  4 194       
PG31 -10821.586670 -17014.431622 -17440.775048   -123.536906  3  5  4 240       
PG32 -12763.009923 -19379.888796  13364.759096    248.294214  4  4  1 211       
*  2026  9  2 17  0  0.00000000
PG01 -14698.107044   9884.977971  19752.736970    181.873719  6  7  3 230       
PG02 -15371.086000    609.030750  22021.120169    168.702105  5  6  4 208       
PG03 -23584.532082  12013.032608   1302.800246    289.677944  4  6  5 222       
PG04 -17642.747618   4464.419628 -19381.807508     64.665802  6  4  4 186       
PG05  22304.572806  -2809.979676 -14329.028351   -236.474175  1  4  2 205       
PG06   5522.814493  24102.612342  -9423.666869   -534.355483  1  6  4 244       
PG07  -6858.422936  23328.639703  -9592.429780   -221.103080  4  7  1 229       
PG08 -24090.674364  -3292.046019  11041.281778    357.350379  4  5  3 199       
PG09  -7393.602537  13208.500781 -21934.142465    687.655703  4  5  2 230       
PG10    318.009633 -16035.510873  21371.053759   -540.379565  4  4  4 244       
PG11  11993.321306  15175.029319 -18178.140708   -222.475293  3  3  5 186       
PG12  24475.499044  -9963.239408   2431.531780   -602.952208  2  7  4 214       
PG13  23828.773399 -10312.735803   5577.088071    437.076405  7 12  7 275       
PG14  -3419.847644  17956.093742  19269.979250    750.029283  2  6  5 186       
PG15  23753.529606    -35.453964  11334.000530    441.525291  3  4  3 209       
PG16 -20011.898829  -4322.558451 -17546.340286    326.873380  2  5  3 246       
PG17   5137.819457  18798.052541  18283.251816   -196.302783  3  6  2 223       
PG18   6407.237409 -24122.846458  -8565.807069   -265.633501  7  9  2 197       
PG19  16029.694782  19491.949350   9113.333735    704.932495  6  6  6 210       
PG20  24270.725319   9830.651445   4460.284286    276.322888  3  6  2 236       
PG21  15363.616629   7604.291117 -20293.137136    371.163441  2  4  5 226       
PG22   3376.409561  15326.306132  21769.441049     72.173115  4  5  1 217       
PG23  11582.159635 -18447.151556  15074.095438    685.272654  4  6  3 184       
PG24  15010.983729  -4311.224722  20892.250686    189.622310  6  5  6 221       
PG25  18120.187426 -17709.731748  -7918.669199    392.307399  2  6  3 206       
PG26 -11291.018613 -11570.428105 -21347.087189   -391.492618  4  6  4 208       
PG27 -23465.301986 -12929.662113    120.826347      0.456728  4  5  1 294       
PG28  -5165.080854 -25191.030902  -6593.302084   -425.213478  4  8  3 214       
PG29  10218.885221 -11461.071531 -21707.842442   -250.602690  6  6  3 234       
PG30   1843.824697  26288.426044   2123.776521    350.707775  4  5  4 204       
PG31 -10528.573809 -18850.474943 -15576.526682   -123.534478  4  5  4 237       
PG32 -11316.255179 -18675.820870  15524.842378    248.311204  4  4  1 208       
*  2026  9  2 17 15  0.00000000
PG01 -14699.804537   7559.396675  20760.430227    181.865504  6  7  3 224       
PG02 -15666.086242  -1799.084608  21797.006120    168.708641  4  6  4 197       
PG03 -23376.266673  11700.145529   4208.893820    289.659317  4  6  5 222       
PG04 -19421.975483   3291.575207 -17874.363428     64.666140  6  4  4 165       
PG05  20953.530620  -1726.571026 -16411.918468   -236.474489  2  3  1 200       
PG06   5341.711832  25035.792525  -6712.400467   -534.345795  2  6  5 244       
PG07  -7184.376964  22000.162151 -12055.296871   -221.105895  4  7  2 219       
PG08 -25013.301894  -4001.022012   8562.176300    357.341138  4  5  4 196       
PG09  -9596.446981  12084.992114 -21734.350565    687.647854  4  5  2 231       
PG10   2351.243301 -17171.406064  20291.236925   -540.373123  4  4  4 245       
PG11  11820.943477  17162.406982 -16455.148839   -222.464449  3  3  5 171       
PG12  24180.105569  -9514.208454   5237.512908   -602.951742  2  7  4 223       
PG13  23301.436634  -9661.210597   8278.984946    437.080802  7 12  7 275       
PG14  -5322.413024  18904.103812  17843.107073    750.029055  2  6  4 179       
PG15  24836.115491    612.400789   8847.600904    441.527768  2  4  3 216       
PG16 -18268.040110  -5330.510626 -19099.292003    326.879388  3  4  3 246       
PG17   3260.753377  17813.883142  19698.963032   -196.306739  3  6  2 222       
PG18   6644.398065 -22981.464848 -11145.831452   -265.625531  7  8  3 188       
PG19  14945.002112  19003.539232  11586.243405    704.932431  6  6  6 200       
PG20  24462.102792  10208.583149   1629.180564    276.331131  3  6  2 235       
PG21  13361.164184   8876.626421 -21171.023357    371.156499  3  3  5 226       
PG22   1222.066661  16367.175981  21253.061810     72.181138  3  5  1 217       
PG23  12998.209684 -19180.112108  12796.639533    685.275983  4  7  3 180       
PG24  15399.141240  -1813.227141  21004.416761    189.637900  5  4  5 223       
PG25  18876.918797 -17854.660630  -5210.920493    392.304369  2  6  4 209       
PG26  -9382.485962 -13033.366599 -21391.897593   -391.493819  4  6  4 209       
PG27 -23256.585624 -13105.462870  -2683.403590      0.456622  4  5  2 294       
PG28  -4953.188207 -25799.955334  -3815.786774   -425.203842  4  8  3 212       
PG29  12276.362310 -10121.934395 -21318.549155   -250.595971  6  5  3 226       
PG30   1504.158914  26363.686904   -696.723968    350.718898  5  6  4 201       
PG31 -10328.359596 -20477.515766 -13446.149790   -123.531785  4  5  4 239       
PG32  -9633.865797 -17944.264184  17424.649147    248.328207  4  3  1 207       
*  2026  9  2 17 30  0.00000000
PG01 -14822.439410   5143.931871  21409.976048    181.857349  6  7  3 226       
PG02 -16080.788524  -4138.507209  21211.951547    168.714781  4  6  5 207       
PG03 -22916.034823  11190.156760   7041.847957    289.640608  5  5  5 225       
PG04 -21093.662993   2303.229227 -16060.685524     64.666456  6  5  4 169       
PG05  19492.106987   -436.359566 -18215.906262   -236.474678  2  3  2 200       
PG06   5193.044442  25662.251061  -3884.350408   -534.336123  2  6  5 246       
PG07  -7602.154164  20415.561851 -14299.395428   -221.109174  4  7  3 225       
PG08 -25704.011906  -4553.624998   5938.613411    357.331853  4  4  4 196       
PG09 -11815.721888  11098.136310 -21164.572637    687.639937  4  5  2 234       
PG10   4202.841983 -18344.793930  18867.160868   -540.366723  4  4  3 246       
PG11  11743.294200  18944.108836 -14448.745242   -222.453665  3  4  5 170       
PG12  23640.329888  -8886.300864   7952.778654   -602.950770  1  6  4 213       
PG13  22571.591461  -8801.931357  10838.199328    437.085205  7 12  7 275       
PG14  -7031.793499  19844.169253  16108.303135    750.028827  1  6  4 181       
PG15  25664.754549   1126.536358   6205.603264    441.530771  2  4  3 204       
PG16 -16445.485682  -6507.979793 -20337.998866    326.885416  4  4  4 247       
PG17   1215.622410  16863.971980  20783.176238   -196.311319  4  6  2 223       
PG18   6961.122967 -21571.734580 -13530.350838   -265.617568  6  8  4 227       
PG19  13604.909749  18437.805675  13865.218772    704.932476  7  7  6 200       
PG20  24377.542530  10447.416128  -1229.970848    276.339381  3  6  2 235       
PG21  11363.039888  10297.180376 -21684.688418    371.149512  3  3  5 226       
PG22   -805.831052  17480.459845  20382.771717     72.189003  3  5  1 212       
PG23  14152.935088 -19830.618638  10296.678416    685.279204  4  7  3 184       
PG24  15900.419460    651.431995  20736.097376    189.653501  5  4  5 223       
PG25  19378.166689 -17849.338389  -2412.920660    392.301318  2  6  4 208       
PG26  -7553.773071 -14578.155858 -21076.343756   -391.495025  4  5  4 211       
PG27 -22774.454079 -13163.940859  -5442.849603      0.456669  4  5  2 295       
PG28  -4737.036130 -26102.729191   -972.496232   -425.194173  4  9  3 215       
PG29  14342.912781  -8923.813423 -20564.136237   -250.589777  6  5  3 234       
PG30   1134.688187  26137.172373  -3505.014953    350.729986  5  7  4 225       
PG31 -10193.123382 -21862.840357 -11085.058870   -123.528978  4  6  4 245       
PG32  -7736.002448 -17224.364050  19032.677461    248.345189  4  3  1 208       
*  2026  9  2 17 45  0.00000000
PG01 -15073.279008   2686.351329  21690.431563    181.849172  6  7  3 221       
PG02 -16599.271528  -6366.087810  20277.006314    168.721370  4  6  5 198       
PG03 -22236.464802  10458.311527   9752.161020    289.621917  5  4  5 228       
PG04 -22612.843808   1495.045629 -13972.213175     64.666783  5  5  4 169       
PG05  17966.151824   1055.737614 -19710.714412   -236.475762  2  4  2 222       
PG06   5037.846811  25972.275211   -988.747875   -534.326496  3  6  5 246       
PG07  -8136.818762  18608.992520 -16282.946816   -221.112070  4  6  3 204       
PG08 -26136.771839  -4975.365056   3215.206646    357.322595  5  4  4 199       
PG09 -14004.496044  10259.659829 -20234.652176    687.632071  4  5  3 236       
PG10   5846.837275 -19513.912911  17121.661668   -540.360272  3  4  3 247       
PG11  11732.355902  20486.795294 -12193.736616   -222.442855  4  5  5 174       
PG12  22886.848499  -8057.087735  10529.864019   -602.950265  2  5  3 222       
PG13  21676.530074  -7721.729097  13210.467566    437.089586  6 12  7 274       
PG14  -8529.114297  20736.454401  14094.696990    750.028626  2  7  4 185       
PG15  26215.559662   1535.190722   3455.142388    441.533516  2  5  3 205       
PG16 -14587.988004  -7847.997565 -21241.760710    326.891405  4  3  4 247       
PG17   -965.164305  15981.270873  21518.958173   -196.315384  4  6  1 224       
PG18   7386.521339 -19925.012426 -15677.723588   -265.609582  6  7  4 220       
PG19  12017.845686  17833.896920  15911.428544    704.932589  7  7  5 200       
PG20  24001.791205  10581.205086  -4067.924662    276.347617  2  6  2 236       
PG21   9413.051067  11844.093281 -21825.181408    371.142471  3  4  6 228       
PG22  -2674.805960  18633.986920  19173.479531     72.197248  3  6  1 223       
PG23  15044.378121 -20354.911722   7617.292210    685.282483  4  7  3 185       
PG24  16501.368502   3034.719368  20093.481136    189.669092  4  5  4 226       
PG25  19637.697892 -17659.600000    427.057695    392.298213  3  6  5 208       
PG26  -5835.999020 -16171.959711 -20404.463295   -391.496227  4  5  5 214       
PG27 -22013.263867 -13141.486480  -8111.758241      0.456093  4  5  2 292       
PG28  -4479.123888 -26098.455805   1887.557712   -425.184565  4  9  3 214       
PG29  16372.851799  -7880.479091 -19457.957907   -250.583145  6  5  3 229       
PG30    701.114158  25617.003214  -6251.827864    350.741266  5  7  5 221       
PG31 -10090.367045 -22980.561382  -8532.942633   -123.526455  4  6  3 244       
PG32  -5650.297850 -16551.816125  20322.235119    248.362181  4  3  1 209       
*  2026  9  2 18  0  0.00000000
PG01 -15451.600435    235.339773  21597.236367    181.840979  6  7  4 222       
PG02 -17198.805831  -8442.800584  19008.651563    168.727474  4  7  6 198       
PG03 -21375.940962   9487.523522  12292.276652    289.603237  5  4  5 229       
PG04 -23937.641005    854.625809 -11644.973661     64.667101  5  5  4 169       
PG05  16420.992997   2736.302557 -20871.302456   -236.475404  2  4  2 205       
PG06   4836.594190  25965.551623   1924.043960   -534.316894  3  5  5 247       
PG07  -8806.964053  16621.166322 -17968.901799   -221.115085  5  6  3 204       
PG08 -26292.326728  -5296.392428    437.906249    357.313312  5  4  4 200       
PG09 -16115.203654   9573.141840 -18960.483009    687.624224  4  5  3 236       
PG10   7265.333115 -20633.940008  15083.215025   -540.353900  3  4  2 248       
PG11  11755.333400  21764.269012  -9729.132216   -222.432014  4  7  5 159       
PG12  21955.748989  -7011.267238  12923.431717   -602.949337  2  4  3 218       
PG13  20656.929415  -6415.457796  15354.686458    437.093972  6 12  7 275       
PG14  -9803.442461  21539.725329  11836.453356    750.028437  2  7  4 166       
PG15  26472.535400   1870.721949    644.661799    441.535919  2  5  3 217       
PG16 -12738.178035  -9335.802544 -21795.103906    326.897389  5  3  4 248       
PG17  -3243.806788  15193.037541  21895.165414   -196.319435  4  6  1 223       
PG18   7943.755746 -18079.300042 -17550.613309   -265.601549  6  6  5 185       
PG19  10200.447634  17229.718484  17689.618629    704.932622  7  7  5 198       
PG20  23328.044133  10646.815060  -6835.732453    276.355862  2  5  2 236       
PG21   7551.058953  13488.355798 -21589.967058    371.135437  4  5  6 227       
PG22  -4358.919567  19791.117878  17645.507250     72.205185  3  6  1 222       
PG23  15679.639955 -20711.261479   4804.912667    685.285735  4  6  3 185       
PG24  17181.411874   5292.314263  19089.750798    189.684683  4  5  4 223       
PG25  19676.623224 -17256.064831   3259.522044    392.295132  4  6  5 209       
PG26  -4254.446039 -17777.334941 -19386.264343   -391.497496  4  5  4 216       
PG27 -20975.387254 -13075.581140 -10646.137213      0.456111  4  5  2 293       
PG28  -4142.958781 -25795.095561   4715.075720   -425.174949  4  9  3 216       
PG29  18319.742032  -6997.600054 -18019.309974   -250.576857  5  5  3 235       
PG30    171.644440  24819.712288  -8888.786402    350.752540  5  7  5 225       
PG31  -9984.296716 -23812.558071  -5833.149396   -123.523862  5  6  4 244       
PG32  -3411.005176 -15957.509694  21271.833750    248.379177  3  3  2 208       
*  2026  9  2 18 15  0.00000000
PG01 -15948.691752  -2161.185440  21132.272466    181.832845  6  7  4 222       
PG02 -17850.737068 -10334.949680  17428.495804    168.733836  4  7  6 198       
PG03 -20377.060913   8269.278878  14617.466004    289.584586  5  4  5 231       
PG04 -25030.792321    362.188915  -9118.957114     64.667377  5  5  4 169       
PG05  14899.777793   4583.755146 -21678.251067   -236.475214  2  4  2 196       
PG06   4550.949216  25651.116260   4803.434717   -534.307323  3  5  5 247       
PG07  -9623.710867  14497.825552 -19325.795071   -221.118082  5  6  3 206       
PG08 -26158.889878  -5550.152916  -2346.728934    357.304074  5  4  4 201       
PG09 -18101.298555   9034.003581 -17363.743806    687.616346  3  5  4 238       
PG10   8449.065925 -21658.681453  12785.554768   -540.347446  3  4  1 249       
PG11  11776.071881  22758.328764  -7097.459032   -222.421242  5  8  5 165       
PG12  20887.111002  -5741.517536  15091.119773   -602.948771  2  4  3 224       
PG13  19555.250420  -4886.409559  17233.639379    437.098345  6 12  7 275       
PG14 -10852.053479  22212.983004   9372.220150    750.028191  2  7  3 173       
PG15  26428.081623   2168.082672  -2176.988615    441.538560  1  5  3 219       
PG16 -10936.117141 -10949.204783 -21988.039771    326.903489  5  4  5 250       
PG17  -5578.361815  14519.891035  21906.537278   -196.323938  4  5  1 225       
PG18   8648.965276 -16077.841407 -19116.657047   -265.593473  6  6  5 191       
PG19   8177.176492  16660.434694  19168.717423    704.932781  7  7  5 200       
PG20  22358.311895  10682.314577  -9485.593237    276.364069  2  5  2 236       
PG21   5811.588448  15194.792916 -20982.977259    371.128354  4  6  6 228       
PG22  -5839.533302  20912.072186  15824.273760     72.213123  2  6  1 220       
PG23  16074.452779 -20861.714079   1908.502273    685.288989  4  6  3 190       
PG24  17913.737505   7385.166929  17744.697863    189.700289  3  5  4 224       
PG25  19522.492181 -16615.505111   6034.650131    392.292050  5  6  6 209       
PG26  -2827.726661 -19353.513216 -18037.657247   -391.498716  4  5  4 218       
PG27 -19671.189251 -13003.264032 -13004.384737      0.456221  4  5  3 294       
PG28  -3694.670011 -25209.123266   7461.325767   -425.165336  4  9  4 217       
PG29  20138.036827  -6272.692459 -16273.081115   -250.570385  5  5  3 234       
PG30   -481.519126  23769.634423 -11369.316865    350.763787  5  8  6 228       
PG31  -9837.362287 -24349.137694  -3031.984481   -123.521195  5  7  4 247       
PG32  -1057.910052 -15466.359660  21865.511449    248.396215  3  3  2 209       
*  2026  9  2 18 30  0.00000000
PG01 -16548.175331  -4457.722698  20303.812853    181.824723  6  6  5 218       
PG02 -18521.577999 -12015.182006  15562.921269    168.740070  4  7  6 215       
PG03 -19284.926511   6804.206387  16686.668542    289.565963  5  4  5 235       
PG04 -25861.006660     -8.466323  -6437.432867     64.667723  5  4  4 197       
PG05  13441.912772   6568.999416 -22118.058475   -236.476042  2  5  3 217       
PG06   4145.460020  25046.948178   7599.510681   -534.297712  4  5  5 248       
PG07 -10590.038045  12287.988735 -20328.469965   -221.121021  5  6  3 216       
PG08 -25732.568524  -5771.939085  -5092.250098    357.294813  5  4  4 213       
PG09 -19918.878029   8629.814645 -15471.542489    687.608500  2  5  4 242       
PG10   9397.640991 -22542.354799  10267.187653   -540.340965  3  4  1 252       
PG11  11756.608367  23459.322569  -4344.022278   -222.410434  6  8  5 201       
PG12  19723.426748  -4249.041527  16994.351199   -602.947792  2  4  3 223       
PG13  18414.076889  -3146.403587  18814.657894    437.102765  6 12  7 275       
PG14 -11680.377452  22717.116284   6744.480314    750.028001  2  7  4 201       
PG15  26083.172391   2463.227554  -4961.417305    441.541510  1  5  4 221       
PG16  -9217.939349 -12659.221364 -21816.263386    326.909532  5  5  5 252       
PG17  -7924.129551  13975.127706  21553.708521   -196.327779  5  5  1 229       
PG18   9510.482780 -13967.527280 -20349.029939   -265.585368  5  5  5 206       
PG19   5979.640235  16157.065774  20322.397471    704.932733  7  7  4 209       
PG20  21103.456701  10725.324640 -11971.688276    276.372295  3  5  3 239       
PG21   4222.651225  16923.297733 -20014.551495    371.121353  4  7  6 233       
PG22  -7105.806697  21955.378138  13739.915560     72.221008  2  7  2 222       
PG23  16252.409517 -20773.709761  -1021.327790    685.292260  4  5  3 205       
PG24  18666.452177   9280.808856  16084.197373    189.715925  2  5  4 230       
PG25  19208.122896 -15721.996631   8703.219231    392.288938  5  6  6 209       
PG26  -1567.197954 -20857.837549 -16380.290324   -391.499943  4  5  4 224       
PG27 -18118.730933 -12959.637023 -15147.874005      0.455933  4  5  3 293       
PG28  -3104.522233 -24364.868231  10078.987604   -425.155656  5  9  5 223       
PG29  21784.693995  -5695.387176 -14249.316654   -250.564016  5  5  3 240       
PG30  -1280.846776  22497.989512 -13649.533982    350.775030  6  8  6 223       
PG31  -9611.896558 -24589.385573   -177.928065   -123.518575  5  7  4 249       
PG32   1364.956532 -15096.367446  22093.081495    248.413261  2  4  2 216       
*  2026  9  2 18 45  0.00000000
PG01 -17226.639619  -6612.736062  19126.360905    181.816461  6  6  5 217       
PG02 -19174.271532 -13463.277004  13442.684922    168.746303  4  7  7 212       
PG03 -18145.337412   5102.286184  18463.271941    289.547352  5  4  5 233       
PG04 -26404.102268   -288.756757  -3646.218582     64.668015  4  4  5 181       
PG05  12081.658018   8656.353369 -22183.346489   -236.476159  2  5  3 207       
PG06   3589.141254  24179.225204  10263.919735   -534.288085  4  5  5 248       
PG07 -11700.481510  10042.052764 -20958.645825   -221.123569  5  6  3 195       
PG08 -25017.513574  -5997.389571  -7753.020681    357.285519  5  4  4 205       
PG09 -21528.216795   8340.904333 -13315.975377    687.600609  2  5  5 242       
PG10  10119.428581 -23241.395703   7570.805831   -540.334658  3  4  1 251       
PG11  11658.795795  23866.380991  -1516.124396   -222.399610  6  9  5 187       
PG12  18507.923472  -2543.775088  18599.086270   -602.946917  3  4  3 213       
PG13  17274.459003  -1215.543287  20070.206108    437.107251  6 12  7 268       
PG14 -12301.622935  23016.507911   3998.817070    750.027809  2  7  3 185       
PG15  25447.215234   2791.519294  -7661.503062    441.543980  1  5  4 224       
PG16  -7614.629830 -14430.966265 -21281.288260    326.915558  5  6  5 251       
PG17 -10235.130563  13564.316618  20843.146144   -196.332278  5  4  1 228       
PG18  10528.376642 -11797.172981 -21226.896275   -265.577347  5  5  5 196       
PG19   3645.645835  15745.233824  21129.582727    704.933085  7  6  4 206       
PG20  19582.895496  10811.388679 -14250.984810    276.380479  3  5  3 238       
PG21   2804.827337  18630.268361 -18701.266647    371.114292  4  7  6 231       
PG22  -8154.916811  22879.396684  11426.847377     72.229177  2  6  3 225       
PG23  16243.880293 -20421.503967  -3933.242895    685.295487  4  5  3 189       
PG24  19403.941055  10954.365123  14139.566479    189.731539  1  5  5 228       
PG25  18770.210471 -14567.796698  11217.553932    392.285836  5  5  6 203       
PG26   -476.649874 -22247.303707 -14441.285181   -391.501195  4  5  4 218       
PG27 -16343.212322 -12976.457124 -17041.490822      0.455658  4  4  3 291       
PG28  -2348.269061 -23293.562981  12522.971844   -425.146045  5  8  5 218       
PG29  23220.700463  -5248.002532 -11982.702722   -250.557683  4  6  3 240       
PG30  -2242.360106  21041.694483 -15689.080859    350.786163  6  8  6 212       
PG31  -9271.789303 -24541.182333   2679.214722   -123.515758  5  8  5 252       
PG32   3810.760723 -14857.943642  21950.304600    248.430217  2  4  3 208       
*  2026  9  2 19  0  0.00000000
PG01 -17954.553809  -8590.048389  17620.384563    181.808257  6  5  6 220       
PG02 -19769.582847 -14666.690770  11102.477337    168.752690  4  7  7 220       
PG03 -17002.961127   3182.684228  19915.812397    289.528739  5  4  5 238       
PG04 -26643.885315   -513.914040   -792.913776     64.668274  4  4  5 206       
PG05  10846.926025  10804.728533 -21872.974348   -236.477267  3  6  3 236       
PG06   2856.874849  23081.273227  12750.720253   -534.278501  4  5  5 250       
PG07 -12941.218811   7809.841556 -21205.307322   -221.126936  5  6  3 221       
PG08 -24025.791540  -6260.989199 -10284.896200    357.276224  5  4  5 217       
PG09 -22895.154824   8141.255248 -10933.606839    687.592770  2  5  5 246       
PG10  10631.116059 -23716.218733   4742.601246   -540.328280  2  5  2 253       
PG11  11445.936589  23987.323808   1337.743868   -222.388763  7  8  5 209       
PG12  17282.856025   -644.244331  19876.498220   -602.946456  3  4  2 229       
PG13  16174.326677    878.351065  20978.376266    437.111661  6 12  7 268       
PG14 -12736.090100  23080.526931   1183.105213    750.027594  3  8  3 208       
PG15  24537.607901   3186.194789 -10232.143222    441.546585  2  5  4 234       
PG16  -6150.982617 -16224.769658 -20390.511371    326.921463  5  6  5 252       
PG17 -12465.622910  13285.184225  19787.014315   -196.336233  5  4  1 231       
PG18  11694.333309  -9615.740121 -21735.740275   -265.569381  5  5  5 210       
PG19   1218.007114  15444.107606  21574.889829    704.933072  7  6  3 215       
PG20  17823.979906  10972.428133 -16283.993809    276.388721  4  6  3 242       
PG21   1570.640599  20270.193172 -17065.658498    371.107240  4  8  6 236       
PG22  -8991.991252  23643.867648   8923.265263     72.237138  2  6  3 229       
PG23  16084.658674 -19787.330625  -6776.133553    685.298784  4  4  3 209       
PG24  20088.366923  12389.235495  11946.832620    189.747149  2  6  5 233       
PG25  18247.768461 -13153.904571  13532.469212    392.282716  6  5  6 208       
PG26    447.714427 -23480.150883 -12252.868650   -391.502427  4  5  4 225       
PG27 -14376.175443 -13080.862359 -18654.122859      0.455310  5  4  3 290       
PG28  -1408.293151 -22032.137908  14751.199129   -425.136399  5  7  5 224       
PG29  24412.451731  -4906.399072  -9511.979455   -250.551134  4  6  3 241       
PG30  -3374.773910  19441.952607 -17451.902366    350.797287  6  8  6 227       
PG31  -8784.127434 -24220.880278   5489.216294   -123.513244  6  8  6 253       
PG32   6231.414980 -14753.516929  21438.982099    248.447222  2  5  3 217       
*  2026  9  2 19 15  0.00000000
PG01 -18697.429134 -10360.025704  15811.950869    181.800146  6  5  6 214       
PG02 -20267.575719 -15620.838822   8580.441562    168.758972  5  7  7 217       
PG03 -15899.555431   1073.215913  21018.578318    289.510157  5  4  5 235       
PG04 -26572.737419   -721.441759   2073.890514     64.668559  4  4  5 196       
PG05   9758.328147  12969.016926 -21192.059365   -236.477282  3  7  4 227       
PG06   1930.575245  21792.252830  15017.178122   -534.268920  4  5  5 249       
PG07 -14290.535065   5638.694835 -21064.903210   -221.129706  4  6  3 208       
PG08 -22776.985450  -6594.621552 -12645.876610    357.266975  5  4  5 213       
PG09 -23992.287635   7999.646029  -8364.876216    687.584800  2  4  5 248       
PG10  10956.926107 -23932.860249   1831.489662   -540.321898  2  5  2 252       
PG11  11084.362758  23838.245676   4168.726708   -222.377942  7  8  5 198       
PG12  16087.840448   1422.927639  20803.554353   -602.945582  3  3  2 218       
PG13  15147.035406   3100.613726  21523.285693    437.116065  6 13  7 268       
PG14 -13010.198339  22884.844263  -1653.356093    750.027419  4  8  3 201       
PG15  23379.019849   3676.947028 -12630.930785    441.549225  2  4  4 233       
PG16  -4844.776425 -17997.493912 -19157.202358    326.927571  5  7  5 252       
PG17 -14571.608722  13127.789181  18402.970879   -196.340474  5  4  2 228       
PG18  12991.882351  -7470.573978 -21867.573138   -265.561394  5  5  4 204       
PG19  -1256.853684  15265.590813  21648.991197    704.933282  7  5  3 208       
PG20  15861.075957  11235.345215 -18035.467486    276.396977  4  6  4 241       
PG21    524.251709  21797.323627 -15135.839143    371.100198  4  8  6 233       
PG22  -9629.755897  24211.425841   6270.594790     72.244821  3  6  4 218       
PG23  15814.392937 -18862.257109  -9500.066239    685.302000  4  5  3 203       
PG24  20681.240678  13577.428018   9545.937773    189.762813  2  6  5 229       
PG25  17680.467886 -11490.272577  15606.183819    392.279601  6  4  6 209       
PG26   1216.998980 -24517.441581  -9851.900520   -391.503654  4  4  4 223       
PG27 -12254.494833 -13294.272238 -19959.099077      0.455095  5  4  3 288       
PG28   -274.487892 -20621.808940  16725.325735   -425.126733  6  7  6 219       
PG29  25332.935664  -4641.082723  -6879.292560   -250.544761  3  5  3 238       
PG30  -4678.938841  17742.678507 -18906.932878    350.808416  6  8  7 223       
PG31  -8120.731399 -23652.645241   8202.363378   -123.510702  6  8  6 249       
PG32   8579.181246 -14777.444805  20566.967350    248.464227  3  5  3 214       
*  2026  9  2 19 30  0.00000000
PG01 -19417.181292 -11900.509134  13732.267951    181.791774  6  5  6 221       
PG02 -20629.126032 -16329.108875   5917.653359    168.765157  5  7  7 224       
PG03 -14872.317351  -1190.541720  21752.102593    289.491627  5  4  5 236       
PG04 -26191.891354   -949.489109   4905.414153     64.668861  4  4  5 204       
PG05   8828.502912  15101.635903 -20151.903938   -236.477936  4  7  4 237       
PG06    800.073919  20355.637060  17024.497764   -534.259307  4  5  5 250       
PG07 -15719.645577   3571.687757 -20541.350943   -221.132325  4  6  3 208       
PG08 -21297.539810  -7026.223247 -14796.726580    357.257727  5  4  5 218       
PG09 -24799.914565   7881.000907  -5653.439736    687.576950  2  4  5 249       
PG10  11127.525517 -23864.433255  -1111.744398   -540.315538  3  5  3 253       
PG11  10544.902006  23442.798375   6928.427319   -222.367086  7  7  5 206       
PG12  14958.298951   3623.848509  21363.486424   -602.944791  4  3  2 220       
PG13  14220.102282   5410.876393  21695.366982    437.120471  7 13  6 267       
PG14 -13155.266268  22412.514473  -4460.751055    750.027174  4  8  3 210       
PG15  22002.433972   4288.670769 -14818.756393    441.552056  3  4  5 232       
PG16  -3706.202024 -19704.005971 -17600.410193    326.933553  5  7  6 253       
PG17 -16512.280609  13074.979404  16713.898353   -196.345025  5  5  2 230       
PG18  14396.951609  -5405.726134 -21621.016085   -265.553353  4  5  4 211       
PG19  -3730.463471  15213.791165  21348.887598    704.933371  6  5  3 210       
PG20  13734.378439  11620.828797 -19475.023382    276.405192  5  7  4 243       
PG21   -338.519199  23167.370257 -12945.016432    371.093160  4  8  6 235       
PG22 -10087.907358  24549.034665   3512.887303     72.252845  3  6  5 222       
PG23  15474.867458 -17646.693363 -12057.214787    685.305242  4  5  2 210       
PG24  21144.995216  14519.545298   6979.904397    189.778433  3  7  5 231       
PG25  17106.944919  -9595.651531  17401.178220    392.276497  6  4  6 210       
PG26   1849.040348 -25324.568353  -7279.298966   -391.504881  4  3  4 226       
PG27 -10019.188617 -13631.498681 -20934.577603      0.454976  5  4  4 287       
PG28   1055.154104 -19106.513298  18411.403019   -425.117073  6  6  6 223       
PG29  25962.677491  -4418.513918  -4129.493134   -250.538275  3  5  3 239       
PG30  -6147.609902  15988.824999 -20028.681678    350.819511  6  8  6 223       
PG31  -7259.520080 -22867.485170  10770.407039   -123.508030  6  8  6 251       
PG32  10808.273075 -14916.231925  19348.092624    248.481191  3  4  3 219       
*  2026  9  2 19 45  0.00000000
PG01 -20073.641078 -13197.460536  11417.142839    181.783543  6  7  6 219       
PG02 -20817.424227 -16802.602341   3157.563661    168.771355  6  7  7 225       
PG03 -13952.427884  -3566.454269  22103.531451    289.473083  5  4  4 234       
PG04 -25511.385552  -1235.202483   7653.490789     64.669089  4  4  5 196       
PG05   8061.750717  17154.175786 -18769.829218   -236.478067  5  8  4 232       
PG06   -536.310155  18817.541702  18738.474964   -534.249705  4  5  5 250       
PG07 -17193.831812   1646.063462 -19645.852516   -221.135245  4  6  3 200       
PG08 -19619.872364  -7578.585658 -16701.559340    357.248438  5  4  5 214       
PG09 -25306.708941   7747.895933  -2845.456216    687.569054  2  3  5 250       
PG10  11178.663270 -23492.329291  -4035.366754   -540.309177  3  5  3 252       
PG11   9804.174078  22831.198483   9569.719654   -222.356303  7  7  5 200       
PG12  13924.082748   5918.488008  21546.136830   -602.944271  4  2  2 223       
PG13  13414.182347   7764.439038  21491.545356    437.124873  7 13  6 267       
PG14 -13206.093486  21654.776027  -7189.675632    750.026950  5  8  3 206       
PG15  20443.990080   5040.411541 -16760.333928    441.554478  4  5  5 238       
PG16  -2737.567715 -21298.758816 -15744.780628    326.939355  5  7  6 251       
PG17 -18251.360370  13103.115182  14747.571726   -196.348926  5  5  2 228       
PG18  15878.726783  -3460.427080 -21001.261965   -265.545352  5  5  4 206       
PG19  -6153.959797  15284.798337  20678.078152    704.933250  6  5  3 207       
PG20  11488.505406  12142.411454 -20577.683145    276.413457  6  7  4 242       
PG21  -1029.841744  24339.156179 -10530.923333    371.086138  4  8  6 234       
PG22 -10392.229187  24629.286474    696.167736     72.260865  4  6  5 221       
PG23  15108.206141 -16150.532618 -14402.750998    685.308475  4  5  2 203       
PG24  21444.498700  15224.438573   4293.986619    189.794056  5  7  5 229       
PG25  16563.151705  -7497.070993  18884.971949    392.273418  6  4  6 207       
PG26   2367.554437 -25872.625248  -4579.368685   -391.506175  4  3  4 223       
PG27  -7714.088388 -14100.097099 -21563.879828      0.454719  5  4  4 286       
PG28   2574.269025 -17531.254096  19780.459443   -425.107431  6  5  6 221       
PG29  26290.411590  -4202.572883  -1309.396121   -250.531986  3  5  3 241       
PG30  -7765.551200  14224.682223 -20797.702335    350.830568  6  8  6 218       
PG31  -6185.642144 -21902.001444  13147.502887   -123.505698  6  8  7 246       
PG32  12876.400649 -15149.051808  17802.008918    248.498157  3  4  3 215       
*  2026  9  2 20  0  0.00000000
PG01 -20626.154882 -14245.298953   8906.364678    181.775269  6  8  6 218       
PG02 -20799.418082 -17059.610718    345.404053    168.777653  7  7  7 226       
PG03 -13163.853223  -6007.301960  22066.861240    289.454504  5  4  4 234       
PG04 -24549.699609  -1613.116874  10271.359640     64.669358  4  4  6 200       
PG05   7453.988876  19079.091222 -17068.916403   -236.478402  5  8  4 235       
PG06  -2071.534646  17224.974352  20130.061430   -534.240035  4  5  5 251       
PG07 -18673.831928   -108.052776 -18396.534988   -221.138431  4  6  4 206       
PG08 -17781.282435  -8268.345091 -18328.379741    357.239131  5  4  5 212       
PG09 -25510.083908   7562.165517     11.173634    687.561133  3  3  5 236       
PG10  11149.589880 -22807.111060  -6887.658179   -540.302812  3  5  4 251       
PG11   8845.668272  22038.999337  12047.535214   -222.345565  7  6  5 202       
PG12  13008.332017   8262.067605  21348.170439   -602.943554  4  3  2 221       
PG13  12742.326006  10113.815844  20915.299336    437.129348  8 13  6 249       
PG14 -13199.402810  20611.533986  -9792.065334    750.026696  5  7  3 211       
PG15  18743.675886   5944.548539 -18424.650538    441.557435  4  5  5 214       
PG16  -1933.301197 -22737.428527 -13620.278209    326.945646  5  7  6 253       
PG17 -19758.285680  13183.034149  12536.264922   -196.352815  4  5  3 231       
PG18  17400.778113  -1667.766003 -20019.920500   -265.537365  5  4  4 206       
PG19  -8479.794383  15466.787621  19646.616766    704.933392  6  5  3 213       
PG20   9170.927137  12805.815755 -21324.315742    276.421683  6  7  5 243       
PG21  -1569.210186  25276.163938  -7935.166893    371.079019  4  7  6 234       
PG22 -10573.479587  24431.521923  -2132.261522     72.268667  4  5  5 218       
PG23  14755.073356 -14392.917160 -16495.674172    685.311682  4  5  1 199       
PG24  21548.449681  15708.557444   1534.827288    189.809617  5  7  5 230       
PG25  16080.824161  -5228.972445  20030.796989    392.270324  6  4  6 197       
PG26   2801.033655 -26139.584770  -1799.040353   -391.507453  4  3  4 220       
PG27  -5384.410371 -14699.980627 -21835.767773      0.454575  5  5  5 284       
PG28   4268.177340 -15940.417898  20808.995407   -425.097787  5  4  6 215       
PG29  26313.455633  -3956.125764   1532.991806   -250.525300  3  4  3 231       
PG30  -9509.972406  12492.220466 -21200.935948    350.841627  6  7  6 216       
PG31  -4892.320804 -20796.912454  15291.117303   -123.503135  6  7  7 242       
PG32  14746.203344 -15448.557241  15953.936512    248.515101  3  3  3 212       
*  2026  9  2 20 15  0.00000000
PG01 -21035.213594 -15046.916780   6243.023907    181.767013  7  9  5 219       
PG02 -20547.147871 -17124.840694  -2472.443707    168.783827  7  7  7 228       
PG03 -12522.452063  -8462.458846  21643.038034    289.435973  5  4  3 231       
PG04 -23333.084459  -2113.647486  12714.434969     64.669625  3  4  6 184       
PG05   6993.029803  20831.375232 -15077.657480   -236.478704  6  8  4 232       
PG06  -3789.939759  15624.070795  21175.833162   -534.230422  4  5  5 250       
PG07 -20117.416018  -1668.606254 -16817.936030   -221.141122  5  5  4 190       
PG08 -15822.691914  -9105.196806 -19649.581930    357.229848  5  4  5 209       
PG09 -25416.238623   7286.548678   2867.603408    687.553266  4  3  5 234       
PG10  11081.321491 -21809.051344  -9617.902838   -540.296488  3  5  4 251       
PG11   7660.561433  21105.674597  14319.612911   -222.334746  7  6  5 192       
PG12  12226.622032  10606.651633  20773.145683   -602.943025  4  3  3 222       
PG13  12209.546927  12410.396228  19976.603143    437.133733  8 13  7 248       
PG14 -13172.208435  19291.502761 -12222.100738    750.026473  6  7  3 204       
PG15  16943.913642   7006.232957 -19785.343418    441.559900  5  5  5 215       
PG16  -1280.256389 -23978.548588 -11261.807813    326.951334  5  7  6 250       
PG17 -21009.204738  13281.226558  10116.297501   -196.356970  4  5  3 229       
PG18  18922.407052    -53.625485 -18694.754348   -265.529380  5  4  4 198       
PG19 -10663.412456  15740.453538  18271.045696    704.933697  5  5  4 202       
PG20   6830.290516  13608.616478 -21701.976654    276.429946  6  7  5 242       
PG21  -1982.490374  25947.915387  -5202.508030    371.071902  5  7  6 233       
PG22 -10666.086839  23942.725211  -4924.555004     72.276902  4  5  5 220       
PG23  14452.947786 -12401.638928 -18299.561072    685.314924  4  5  1 190       
PG24  21430.604808  15995.033392  -1250.361935    189.825215  6  7  5 227       
PG25  15686.136028  -2832.030386  20818.146907    392.267229  6  5  5 201       
PG26   3181.435177 -26111.227066   1012.966334   -391.508720  5  4  3 216       
PG27  -3075.273717 -15423.313059 -21744.660914      0.454794  5  5  5 287       
PG28   6114.264992 -14376.130153  21479.382745   -425.088154  5  2  5 211       
PG29  26037.773336  -3642.632636   4349.263782   -250.519196  3  4  3 238       
PG30 -11351.277662  10829.545559 -21231.921937    350.852684  5  7  5 208       
PG31  -3381.370977 -19595.410566  17162.875374   -123.500640  5  6  7 240       
PG32  16386.516926 -15781.954431  13834.324808    248.532069  3  3  2 208       
*  2026  9  2 20 30  0.00000000
PG01 -21264.047526 -15613.376624   3472.778808    181.758877  8  9  5 226       
PG02 -20038.927636 -17028.409490  -5249.112345    168.789991  7  7  7 240       
PG03 -12035.425064 -10879.709900  20839.918717    289.417466  5  3  3 237       
PG04 -21894.611853  -2761.738238  14941.042232     64.669898  3  4  6 215       
PG05   6659.173668  22370.154793 -12829.518179   -236.479527  6  8  5 248       
PG06  -5667.689678  14058.386564  21858.356923   -534.220793  4  5  5 253       
PG07 -21481.069741  -3022.199951 -14940.359788   -221.143808  5  5  5 219       
PG08 -13787.260344 -10091.361655 -20642.396581    357.220622  5  4  5 225       
PG09 -25039.881199   6886.312194   5674.860857    687.545437  4  4  5 240       
PG10  11014.821181 -20508.288476 -12177.376536   -540.290068  3  4  5 254       
PG11   6248.245591  20073.067469  16347.200756   -222.323888  7  5  5 218       
PG12  11586.431841  12902.873539  19831.442668   -602.942244  5  3  3 232       
PG13  11812.717459  14606.156184  18691.751618    437.135692  9 13  7 338       
PG14 -13160.179142  17712.001428 -14437.069315    750.026318  6  7  3 222       
PG15  15088.091464   8223.094423 -20821.006511    441.562945  6  5  5 221       
PG16   -758.322875 -24985.079795  -8708.732490    326.957164  6  7  6 251       
PG17 -21987.744224  13361.182537   7527.523108   -196.361540  4  5  3 235       
PG18  20400.158255   1364.092193 -17049.314819   -265.521379  6  5  4 219       
PG19 -12664.839727  16079.763838  16574.199413    704.933987  5  5  4 220       
PG20   4514.703967  14540.232773 -21704.136662    276.438275  7  7  5 247       
PG21  -2300.716455  26331.130661  -2380.084824    371.064832  5  7  7 240       
PG22 -10706.696347  23158.158256  -7633.089565     72.284790  5  5  5 227       
PG23  14234.540998 -10212.200533 -19783.220319    685.318252  4  5  1 218       
PG24  21070.799422  16112.542743  -4014.583947    189.840811  7  7  5 237       
PG25  15398.599986   -351.711799  21233.185594    392.264165  6  6  4 205       
PG26   3542.711764 -25781.776845   3807.040046   -391.509972  5  5  4 229       
PG27   -830.214235 -16254.688142 -21290.787783      0.455087  5  5  6 290       
PG28   8082.675939 -12876.711712  21780.162467   -425.078477  5  1  5 226       
PG29  25477.723365  -3227.736842   7091.412298   -250.512443  3  4  2 238       
PG30 -13254.094180   9269.529980 -20890.874046    350.863811  5  6  5 224       
PG31  -1663.362416 -18341.422322  18729.327311   -123.497958  4  6  6 246       
PG32  17773.426701 -16112.305808  11478.421069    248.549044  3  3  2 225       
*  2026  9  2 20 45  0.00000000
PG01 -21280.126508 -15963.301816    643.081483    181.750560  8 10  5 223       
PG02 -19260.329198 -16804.639636  -7937.944969    168.796453  7  7  7 232       
PG03 -11701.127444 -13207.131096  19672.095947    289.398882  5  3  3 232       
PG04 -20272.977911  -3575.718299  16913.110283     64.670146  3  5  6 195       
PG05   6426.095524  23660.148798 -10362.417044   -236.479575  6  7  5 240       
PG06  -7673.530571  12567.308432  22166.451132   -534.211214  4  5  5 251       
PG07 -22721.708507  -4164.303374 -12799.131446   -221.147024  6  5  5 200       
PG08 -11718.920013 -11221.326610 -21289.282087    357.211424  5  4  5 213       
PG09 -24403.636841   6330.788001   8384.678606    687.537564  4  4  4 236       
PG10  10989.175548 -18924.585510 -14520.309276   -540.283814  2  4  5 252       
PG11   4616.545230  18983.764309  18095.699036   -222.313117  7  5  4 205       
PG12  11086.957322  15101.724781  18540.050312   -602.941475  5  3  3 222       
PG13  11540.795334  16655.353061  17083.070858    437.142418 10 13  8 269       
PG14 -13196.066071  15898.409456 -16398.163372    750.026056  6  6  3 210       
PG15  13219.087981   9585.219762 -21515.430597    441.565440  6  5  5 213       
PG16   -341.323705 -25725.852978  -6004.287050    326.963380  6  7  6 251       
PG17 -22685.522252  13384.866953   4812.761489   -196.365556  3  5  3 230       
PG18  21789.437088   2575.922503 -15112.487306   -265.513436  6  5  5 204       
PG19 -14450.110007  16453.010072  14584.875203    704.933817  5  5  4 207       
PG20   2270.049670  15582.251158 -21330.795934    276.446571  7  7  5 243       
PG21  -2558.684976  26410.620874    483.406880    371.057718  5  6  6 236       
PG22 -10732.620042  22081.704645 -10211.251777     72.292575  4  4  5 213       
PG23  14126.425714  -7866.576659 -20921.238153    685.321514  4  4  1 200       
PG24  20455.731344  16093.999739  -6711.793111    189.856361  7  8  6 232       
PG25  15230.264845   2163.362878  21269.004497    392.261088  6  6  4 203       
PG26   3919.245348 -25154.215097   6533.616315   -391.511259  5  5  4 219       
PG27   1310.256812 -17171.594311 -20480.266814      0.454202  5  6  6 284       
PG28  10137.289702 -11475.295533  21706.236127   -425.068840  5  1  4 217       
PG29  24655.503269  -2680.775644   9712.625103   -250.506575  4  4  2 246       
PG30 -15178.535973   7838.674190 -20184.623023    350.874876  4  6  4 211       
PG31    242.581459 -17077.847104  19962.612205   -123.495254  3  5  6 246       
PG32  18891.064083 -16400.017050   8925.749156    248.565965  2  3  2 215       
*  2026  9  2 21  0  0.00000000
PG01 -21056.507955 -16121.984960  -2197.624147    181.742298  9 10  5 223       
PG02 -18204.929778 -16490.689895 -10493.217704    168.802837  7  6  6 226       
PG03 -11509.249859 -15394.955474  18160.592889    289.380325  4  3  4 232       
PG04 -18511.104412  -4566.410383  18596.809401     64.670441  3  5  6 195       
PG05   6261.995874  24672.933233  -7718.125836   -236.479634  7  7  5 242       
PG06  -9769.834453  11184.645009  22095.339479   -534.201583  4  5  6 252       
PG07 -23798.347156  -5099.089322 -10433.779888   -221.149997  6  5  5 201       
PG08  -9660.880303 -12481.872242 -21578.253434    357.202216  5  4  6 214       
PG09 -23537.161605   5594.764589  10950.322211    687.529730  4  3  4 237       
PG10  11039.846495 -17086.698405 -16604.796305   -540.277416  2  4  5 252       
PG11   2781.615644  17879.453870  19535.235497   -222.302294  6  5  4 207       
PG12  10719.274912  17156.331319  16922.218668   -602.940993  5  3  3 233       
PG13  11375.372127  18516.137496  15178.520026    437.146932 11 12  8 245       
PG14 -13308.261575  13883.305652 -18071.195805    750.025826  6  6  2 208       
PG15  11377.837457  11075.400383 -21857.780091    441.568018  6  5  5 225       
PG16      1.825175 -26176.823103  -3194.890128    326.969492  6  7  5 252       
PG17 -23102.385392  13314.272488   2017.176448   -196.369868  3  4  4 228       
PG18  23046.170154   3580.967688 -12917.957347   -265.505414  7  6  5 207       
PG19 -15992.470800  16824.116838  12337.370856    704.933859  4  5  4 208       
PG20    138.388643  16709.066990 -20588.481407    276.454888  7  7  6 244       
PG21  -2793.402070  26179.879471   3338.560799    371.050579  6  6  6 238       
PG22 -10780.244314  20725.903439 -12614.236418     72.300497  4  4  5 220       
PG23  14147.928957  -5411.728173 -21694.405776    685.324840  4  4  1 197       
PG24  19579.488269  15975.132973  -9297.579093    189.872098  7  8  6 233       
PG25  15185.243345   4663.184810  20925.722687    392.257993  6  6  4 206       
PG26   4344.249839 -24240.246391   9144.135014   -391.512571  4  5  4 221       
PG27   3309.999061 -18145.155034 -19325.110277      0.453900  4  6  6 280       
PG28  12236.946674 -10198.656261  21258.947983   -425.059214  5  2  3 219       
PG29  23600.308429  -1976.154803  12168.065710   -250.500429  4  4  2 252       
PG30 -17081.648819   6556.241821 -19126.431024    350.885945  4  6  4 211       
PG31   2309.342236 -15844.850963  20841.001187   -123.492740  2  5  6 240       
PG32  19732.112053 -16604.455470   6219.501232    248.582902  1  4  2 216       
*  2026  9  2 21 15  0.00000000
PG01 -20572.981537 -16120.249429  -5000.719464    181.734048  9  9  5 226       
PG02 -16874.789724 -16125.066108 -12870.882536    168.809215  7  6  6 227       
PG03 -11441.356815 -17397.349631  16332.436876    289.361750  4  3  4 234       
PG04 -16654.589022  -5736.525629  19963.125392     64.670763  2  6  6 201       
PG05   6130.973473  25387.964559  -4941.597912   -236.480057  7  7  5 245       
PG06 -11913.887827   9937.448010  21646.697297   -534.191919  4  5  6 253       
PG07 -24673.656688  -5838.921647  -7887.177125   -221.153076  7  5  5 206       
PG08  -7654.152663 -13852.391240 -21503.141892    357.192992  4  4  6 217       
PG09 -22475.993689   4659.676942  13327.401450    687.521899  3  3  3 238       
PG10  11197.075854 -15031.376922 -18393.632691   -540.271051  2  3  5 253       
PG11    767.525566  16799.333842  20641.164096   -222.291503  6  4  4 213       
PG12  10466.846601  19023.643697  15006.986456   -602.940511  5  4  3 240       
PG13  11291.520946  20152.019551  13011.192063    437.151324 11 12  9 245       
PG14 -13519.549594  11705.326943 -19427.218010    750.025666  6  6  3 210       
PG15   9601.980091  12669.637202 -21842.709313    441.570833  7  5  5 223       
PG16    305.733088 -26322.077532   -329.361422    326.975283  7  6  5 251       
PG17 -23246.357142  13112.997499   -812.396888   -196.374036  3  4  4 230       
PG18  24128.446031   4386.697705 -10503.608703   -265.497464  7  6  5 210       
PG19 -17273.311876  17154.158771   9870.894210    704.933970  4  5  4 212       
PG20  -1843.479505  17888.819350 -19490.127675    276.463199  7  6  6 245       
PG21  -3042.445219  25641.349057   6136.120147    371.043466  6  6  6 239       
PG22 -10883.456497  19111.663545 -14799.843174     72.308570  4  4  5 224       
PG23  14310.333228  -2897.930972 -22090.021957    685.328118  5  4  1 203       
PG24  18443.808966  15792.999084 -11729.793861    189.887817  8  8  6 232       
PG25  15259.588938   7098.170065  20210.429813    392.254911  6  7  4 206       
PG26   4848.212681 -23059.917948  11591.992672   -391.513871  3  5  4 222       
PG27   5138.445956 -19141.125624 -17843.144759      0.452951  4  6  6 272       
PG28  14336.874427  -9066.297056  20446.056988   -425.049569  4  3  3 222       
PG29  22347.236509  -1094.534334  14415.626686   -250.494107  5  4  2 255       
PG30 -18918.975817   5433.699735 -17735.685923    350.897024  4  6  4 214       
PG31   4502.699233 -14678.289847  21349.305988   -123.489882  2  4  6 245       
PG32  20297.994712 -16685.640024   3405.847685    248.599845  1  4  2 219       
*  2026  9  2 21 30  0.00000000
PG01 -19816.966781 -15993.107859  -7718.230308    181.725801  8  9  4 225       
PG02 -15280.634118 -15746.062115 -15029.321513    168.815556  7  6  6 219       
PG03 -11471.756871 -19174.029873  14220.123884    289.343186  5  3  5 230       
PG04 -14750.061349  -7080.369653  20988.360534     64.671063  3  6  6 168       
PG05   5994.570140  25793.320229  -2080.232907   -236.479197  7  7  5 211       
PG06 -14059.375445   8845.106472  20828.592338   -534.182178  4  5  6 253       
PG07 -25315.349007  -6403.531125  -5204.660908   -221.155876  7  4  5 184       
PG08  -5736.148340 -15305.492594 -21063.778144    357.183712  4  4  6 208       
PG09 -21260.184658   3514.546609  15474.650391    687.514053  2  3  3 236       
PG10  11484.514085 -12802.039459 -19855.048547   -540.264641  2  3  4 252       
PG11  -1394.461133  15778.624462  21394.479832   -222.280693  6  4  4 201       
PG12  10306.341672  20665.971282  12828.597174   -602.939546  5  4  3 229       
PG13  11258.908819  21533.131997  10618.723015    437.155726 12 12  9 244       
PG14 -13846.099041   9407.795503 -20443.027377    750.025448  6  5  3 195       
PG15   7924.639068  14337.885194 -21470.420169    441.573513  7  5  4 213       
PG16    606.981378 -26154.548541   2541.944797    326.980963  7  6  5 248       
PG17 -23133.294317  12747.792662  -3628.170785   -196.378318  4  3  4 224       
PG18  24998.075433   5008.435404  -7910.865025   -265.489519  8  6  6 198       
PG19 -18282.772716  17403.023190   7228.854046    704.934308  4  5  4 195       
PG20  -3645.246552  19084.582592 -18054.843876    276.471503  7  6  6 243       
PG21  -3342.304505  24806.353218   8827.834584    371.036336  6  6  5 237       
PG22 -11072.151694  17267.661090 -16729.256745     72.316633  4  3  5 220       
PG23  14616.415163   -376.988319 -22102.067965    685.331354  6  5  2 184       
PG24  17058.077161  15584.486030 -13969.120358    189.903510  8  8  7 225       
PG25  15441.523066   9420.942294  19136.977430    392.251862  5  7  5 208       
PG26   5457.444327 -21640.902800  13833.464570   -391.515198  3  5  4 214       
PG27   6771.618385 -20121.117930 -16057.841685      0.453070  4  6  7 274       
PG28  16390.260679  -8089.827996  19281.599391   -425.039953  5  4  3 216       
PG29  20935.977394    -23.779300  16416.643985   -250.487498  5  3  2 250       
PG30 -20646.179166   4474.480480 -16037.486308    350.908108  4  6  4 198       
PG31   6782.517271 -13608.330099  21479.143546   -123.487194  2  3  6 246       
PG32  20598.737481 -16605.938188    533.173088    248.616855  1  4  3 212       
*  2026  9  2 21 45  0.00000000
PG01 -18784.129201 -15778.269246 -10303.635175    181.717616  8  8  5 226       
PG02 -13441.720803 -15390.186210 -16930.100907    168.821966  6  5  5 219       
PG03 -11568.665284 -20691.655099  11860.987938    289.324613  5  3  6 231       
PG04 -12843.505608  -8583.873163  21654.552817     64.671361  2  6  5 180       
PG05   5813.429855  25886.125161    816.912356   -236.480395  7  7  5 237       
PG06 -16158.002875   7918.745508  19655.322943   -534.172510  3  6  7 254       
PG07 -25697.341947  -6818.927335  -2433.163626   -221.159128  7  4  4 189       
PG08  -3939.400162 -16807.876159 -20266.091170    357.174508  5  4  6 212       
PG09 -19932.762062   2156.632487  17354.661765    687.506267  2  3  3 236       
PG10  11918.134093 -10447.178610 -20963.325182   -540.258170  2  2  4 254       
PG11  -3666.878880  14847.245055  21782.143281   -222.269857  5  4  4 200       
PG12  10208.737140  22052.299060  10425.819919   -602.939066  6  4  3 237       
PG13  11243.128697  22637.241905   8042.621522    437.160115 12 12  9 243       
PG14 -14296.740507   7037.172147 -21101.555262    750.025236  6  5  3 201       
PG15   6373.362015  16045.013475 -20746.662176    441.576341  7  4  4 209       
PG16    942.460125 -25676.390591   5368.074247    326.987100  6  5  5 251       
PG17 -22786.257693  12190.019267  -6382.163233   -196.382674  5  3  3 225       
PG18  25622.014026   5468.549481  -5183.986635   -265.481500  8  7  6 202       
PG19 -19019.998298  17531.147811   4458.046555    704.934338  4  5  4 196       
PG20  -5244.068271  20255.767604 -16307.571235    276.479849  6  5  6 244       
PG21  -3726.768996  23694.696054  11367.298661    371.029315  6  6  5 238       
PG22 -11370.881202  15229.434696 -18367.793950     72.324264  4  4  5 208       
PG23  15060.336512   2099.601059 -21731.255181    685.334646  6  5  2 193       
PG24  15439.055556  15384.856235 -15979.583127    189.919125  8  7  7 227       
PG25  15711.997954  11588.008981  17725.629130    392.248800  5  7  5 208       
PG26   6192.800786 -20017.475284  15828.571685   -391.516443  2  5  3 217       
PG27   8192.907628 -21044.014998 -13998.051948      0.453251  4  6  7 277       
PG28  18349.912919  -7272.659124  17785.644530   -425.030286  5  4  3 220       
PG29  19409.336785   1240.362217  18136.560772   -250.481031  5  2  3 251       
PG30 -22220.652972   3674.070810 -14062.129964    350.919258  4  6  4 202       
PG31   9104.177164 -12658.324363  21229.052151   -123.484547  3  2  6 247       
PG32  20652.497042 -16331.702278  -2348.751216    248.633852  1  4  3 215       
*  2026  9  2 22  0  0.00000000
PG01 -17478.691061 -15514.551862 -12712.649601    181.709474  7  7  5 224       
PG02 -11385.387779 -15090.632424 -18538.711267    168.828328  6  5  5 216       
PG03 -11695.608318 -21924.943832   9296.491236    289.306022  5  2  6 230       
PG04 -10978.612328 -10224.948725  21949.805660     64.671696  2  6  5 172       
PG05   5549.008890  25672.644250   3699.954990   -236.480523  7  6  5 232       
PG06 -18161.197043   7160.949713  18147.157855   -534.162865  3  6  7 255       
PG07 -25800.669103  -7116.101769    379.633388   -221.161886  8  4  4 185       
PG08  -2290.457210 -18321.452330 -19122.115285    357.165245  5  4  7 209       
PG09 -18538.082157    591.763761  18934.561401    687.498444  3  3  2 236       
PG10  12505.477733  -8018.566812 -21699.276548   -540.251963  3  2  4 252       
PG11  -6007.292975  14028.703394  21797.309511   -222.259039  5  4  4 198       
PG12  10140.647312  23159.335856   7841.193045   -602.938378  6  4  3 237       
PG13  11207.197315  23450.471920   5327.531528    437.164491 12 11  9 243       
PG14 -14872.553775   4641.400496 -21392.129887    750.024987  6  5  3 201       
PG15   4969.260023  17751.951066 -19682.674636    441.578928  7  4  4 212       
PG16   1347.664222 -24898.996184   8098.455156    326.993089  5  4  5 251       
PG17 -22234.613473  11416.962824  -9026.987516   -196.386854  5  3  3 225       
PG18  25973.597065   5795.388703  -2369.333702   -265.473547  9  7  6 197       
PG19 -19493.028531  17501.257809   1607.755994    704.934280  4  5  4 197       
PG20  -6625.242857  21359.677591 -14278.637986    276.488130  6  4  6 244       
PG21  -4225.422078  22333.945186  13710.756660    371.022239  6  6  4 238       
PG22 -11797.700638  13038.206265 -19685.600082     72.332172  4  4  4 204       
PG23  15627.887524   4482.446534 -20984.948693    685.337917  6  5  3 176       
PG24  13610.374588  15226.376056 -17729.002339    189.934695  8  7  7 227       
PG25  16045.564822  13561.262315  16002.584039    392.245723  5  7  6 204       
PG26   7068.636899 -18229.221926  17541.868935   -391.517755  3  4  3 212       
PG27   9393.592412 -21867.528966 -11697.639867      0.453072  4  6  7 276       
PG28  20169.941469  -6610.019054  15983.948126   -425.020643  6  5  4 218       
PG29  17811.648197   2693.882044  19545.529522   -250.474688  5  2  3 252       
PG30 -23603.063866   3020.416611 -11844.520040    350.930354  5  6  5 197       
PG31  11420.186173 -11843.988434  20604.459598   -123.481990  4  2  6 253       
PG32  20484.773487 -15834.777803  -5189.644452    248.650817  1  4  4 211       
*  2026  9  2 22 15  0.00000000
PG01 -15913.424333 -15240.262714 -14903.974276    181.701327  6  6  6 222       
PG02  -9146.284639 -14875.857808 -19825.276763    168.834623  5  5  5 211       
PG03 -11813.009520 -22857.475133   6571.451761    289.287465  5  3  7 229       
PG04  -9195.221141 -11974.163137  21868.521222     64.672016  2  5  5 173       
PG05   5165.270444  25168.033517   6519.045892   -236.480920  7  6  5 239       
PG06 -20021.821599   6565.819212  16329.982958   -534.153197  3  6  7 255       
PG07 -25614.111421  -7329.581499   3186.105290   -221.165000  8  4  4 184       
PG08   -808.996902 -19804.671648 -17649.898162    357.155967  5  5  7 209       
PG09 -17120.136442  -1165.661423  20186.609109    687.490594  3  3  3 236       
PG10  13245.266751  -5569.340405 -22050.585100   -540.245542  4  3  4 253       
PG11  -8369.726379  13339.240044  21439.457246   -222.248279  5  5  4 200       
PG12  10065.824101  23972.255388   5120.209942   -602.937584  6  4  3 238       
PG13  11113.158760  23967.704256   2520.442481    437.168894 12 10  9 243       
PG14 -15566.779909   2268.209829 -21310.612179    750.024756  6  4  3 198       
PG15   3726.372276  19416.983396 -18295.069700    441.581654  6  4  4 214       
PG16   1855.023256 -23842.639810  10683.904694    326.999255  5  4  5 253       
PG17 -21512.892626  10412.948364 -11516.662475   -196.390778  6  3  3 226       
PG18  26033.542431   6021.999518    485.393240   -265.465572  9  7  6 198       
PG19 -19718.323647  17280.025267  -1271.208077    704.934374  4  4  4 196       
PG20  -7782.570113  22353.157143 -12003.220312    276.496416  6  3  6 245       
PG21  -4862.305128  20758.426369  15817.859496    371.015176  6  6  4 239       
PG22 -12363.270023  10739.467347 -20658.276073     72.339899  4  4  4 203       
PG23  16297.068501   6725.970909 -19876.972750    685.341200  6  6  3 181       
PG24  11601.796765  15137.073604 -19189.393170    189.950244  8  6  7 227       
PG25  16411.504396  15309.245731  13999.391425    392.242683  5  7  6 207       
PG26   8092.037375 -16319.543398  18943.133657   -391.519060  3  4  3 214       
PG27  10373.062983 -22549.847464  -9195.013550      0.453317  4  6  7 278       
PG28  21807.401819  -6089.297573  13907.508999   -425.011016  6  5  4 221       
PG29  16187.132757   4324.452827  20618.941669   -250.468056  5  2  3 249       
PG30 -24758.760777   2494.622113  -9423.503901    350.941397  5  6  5 200       
PG31  13681.898552 -11172.910057  19617.508417   -123.479252  4  3  6 256       
PG32  20127.330710 -15093.819399  -7939.627485    248.667804  2  5  5 213       
*  2026  9  2 22 30  0.00000000
PG01 -14109.325229 -14991.605565 -16839.994904    181.693144  6  6  6 221       
PG02  -6765.305524 -14768.326479 -20765.214970    168.841177  5  6  5 203       
PG03 -11879.892136 -23482.146748   3733.225633    289.268836  6  3  7 230       
PG04  -7527.913890 -13795.702990  21411.531477     64.672277  2  5  6 174       
PG05   4630.296477  24395.755702   9225.243429   -236.481224  7  6  5 240       
PG06 -21695.843845   6119.354266  14234.861178   -534.143538  3  6  7 256       
PG07 -25134.539346  -7495.893874   5939.438202   -221.168159  8  4  4 192       
PG08    492.807209 -21214.019885 -15873.303713    357.146680  5  5  7 211       
PG09 -15720.878323  -3093.014875  21088.713363    687.482754  4  3  3 237       
PG10  14127.392591  -3152.045145 -22011.986254   -540.239135  4  3  4 253       
PG11 -10706.228427  12787.260571  20714.415370   -222.237439  5  5  5 201       
PG12   9946.763836  24485.105459   2310.466697   -602.937159  7  4  3 245       
PG13  10923.729670  24192.653225   -330.137863    437.173283 13 10 10 243       
PG14 -16365.057707    -36.555085 -20859.405879    750.024548  6  5  3 200       
PG15   2651.278513  20997.159943 -16605.654039    441.584251  6  4  4 219       
PG16   2492.340916 -22535.756887  13077.632223    327.005149  3  4  5 253       
PG17 -20659.445360   9170.208805 -13807.430601   -196.394846  6  4  3 228       
PG18  25790.687348   6184.676106   3331.924914   -265.457635 10  7  6 195       
PG19 -19719.945216  16839.576840  -4127.511761    704.934496  4  4  4 198       
PG20  -8718.379017  23194.269835  -9520.719653    276.504730  5  2  6 245       
PG21  -5654.802183  19007.969056  17652.360342    371.008062  5  6  3 240       
PG22 -13070.249431   8381.382606 -21267.417983     72.347900  5  4  4 205       
PG23  17038.982118   8789.953157 -18427.306110    685.344475  7  6  4 177       
PG24   9448.282966  15139.662074 -20337.312690    189.965796  8  6  7 229       
PG25  16775.166382  16808.139589  11752.276199    392.239577  5  7  6 204       
PG26   9262.359514 -14334.013025  20007.936723   -391.520363  4  4  2 212       
PG27  11138.734951 -23051.307310  -6532.551301      0.453158  4  6  7 277       
PG28  23223.833642  -5690.698200  11592.036724   -425.001290  7  5  5 224       
PG29  14578.268759   6111.692283  21337.874769   -250.461553  5  3  3 248       
PG30 -25659.001894   2071.910344  -6841.159886    350.952534  5  6  5 201       
PG31  15841.272942 -10644.405035  18286.747461   -123.476802  4  4  6 254       
PG32  19616.864275 -14095.355916 -10550.149012    248.684774  2  5  5 212       
*  2026  9  2 22 45  0.00000000
PG01 -12094.981605 -14801.178510 -18487.422527    181.684958  6  5  6 222       
PG02  -4288.254535 -14783.477930 -21339.826599    168.847303  6  6  5 211       
PG03 -11855.628723 -23801.278032    830.861286    289.250214  6  4  7 230       
PG04  -6004.812399 -15648.599556  20586.122552     64.672553  3  5  6 177       
PG05   3917.751413  23386.679515  11771.384898   -236.481641  7  6  5 242       
PG06 -23143.892051   5800.152425  11897.512613   -534.133769  3  6  8 257       
PG07 -24366.965292  -7652.001467   8594.325910   -221.171062  8  4  4 187       
PG08   1610.631733 -22505.625724 -13821.705281    357.137438  6  5  7 212       
PG09 -14378.636074  -5160.104726  21624.848464    687.474934  4  4  3 237       
PG10  15133.281821   -816.726667 -21585.300770   -540.232701  4  3  4 254       
PG11 -12968.527549  12373.077932  19634.285142   -222.226638  6  5  5 204       
PG12   9746.353520  24700.874981   -539.209002   -602.936220  7  5  3 240       
PG13  10603.920741  24137.605268  -3175.032459    437.177680 13  9 10 242       
PG14 -17245.970883  -2230.511611 -20047.346243    750.024341  6  5  4 200       
PG15   1742.975144  22449.769478 -14641.186080    441.587094  6  4  4 211       
PG16   3281.416921 -21013.882533  15236.210375    327.011072  2  4  5 253       
PG17 -19714.937584   7689.464992 -15858.568868   -196.399186  6  4  3 227       
PG18  25242.433715   6321.397163   6122.196977   -265.449661 10  7  6 196       
PG19 -19528.428963  16158.782302  -6910.309100    704.934823  4  3  4 195       
PG20  -9443.224399  23843.938670  -6874.068204    276.512948  5  2  6 246       
PG21  -6612.789417  17126.451854  19182.736967    371.001050  5  6  3 240       
PG22 -13913.022645   6013.071757 -21501.051140     72.355900  5  5  4 205       
PG23  17818.997461  10640.852032 -16661.676991    685.347734  7  6  5 181       
PG24   7188.891669  15250.660401 -21154.155987    189.981322  8  5  6 230       
PG25  17099.457416  18042.433377   9301.396153    392.236486  6  7  7 205       
PG26  10571.106718 -12318.663564  20718.082930   -391.521669  4  4  2 211       
PG27  11705.647233 -23336.029663  -3755.926959      0.453006  4  6  7 277       
PG28  24386.637803  -5388.174780   9077.339215   -424.991711  7  5  4 223       
PG29  13024.233236   8027.743900  21689.448051   -250.455012  5  3  3 246       
PG30 -26281.955341   1722.802616  -4142.046980    350.963635  6  6  5 198       
PG31  17852.593599 -10249.720203  16636.702564   -123.473976  5  4  6 258       
PG32  18993.468016 -12834.555287 -12974.906281    248.701764  2  5  5 214       
*  2026  9  2 23  0  0.00000000
PG01  -9905.656073 -14696.618841 -19817.863812    181.676763  6  5  6 225       
PG02  -1764.287863 -14928.970968 -21536.793832    168.853580  6  6  6 217       
PG03 -11701.668748 -23826.359419  -2085.757994    289.231537  6  5  8 234       
PG04  -4646.628147 -17488.168833  19405.949272     64.672854  4  5  6 193       
PG05   3008.137069  22177.894828  14112.938735   -236.481979  7  6  4 267       
PG06 -24332.646134   5580.391057   9357.722751   -534.124115  4  6  8 258       
PG07 -23324.315811  -7833.763233  11107.605264   -221.174189  8  4  4 194       
PG08   2548.043551 -23636.921302 -11529.566843    357.128172  6  5  8 218       
PG09 -13126.675467  -7330.145783  21785.364527    687.467165  4  4  4 238       
PG10  16236.616900   1390.854426 -20779.319241   -540.226249  4  3  5 256       
PG11 -15109.706528  12088.975909  18217.257942   -222.215765  6  6  6 205       
PG12   9429.489762  24631.222752  -3379.629305   -602.935439  7  5  3 263       
PG13  10122.570561  23822.838576  -5965.250110    437.182085 13  8 10 241       
PG14 -18181.879887  -4276.164015 -18889.474245    750.024156  6  5  5 211       
PG15    993.023673  23733.836087 -12433.065243    441.589869  6  4  4 212       
PG16   4236.917393 -19318.292507  17120.484576    327.017216  1  4  6 254       
PG17 -18720.744600   5980.185514 -17633.175127   -196.403432  6  5  3 228       
PG18  24394.887203   6470.207073   8809.116079   -265.441642  9  6  6 253       
PG19 -19179.400213  15224.267115  -9570.238376    704.934674  5  3  4 205       
PG20  -9975.266443  24267.485397  -4108.975642    276.521262  5  1  6 248       
PG21  -7738.082789  15160.204390  20382.730238    370.993967  5  6  3 242       
PG22 -14877.767868   3682.838872 -21353.942927     72.363933  5  5  4 211       
PG23  18598.137141  12252.863770 -14611.068579    685.351115  7  6  5 254       
PG24   4865.545993  15479.737338 -21626.402629    189.996865  7  5  6 234       
PG25  17346.413122  19005.266376   6690.051719    392.233582  6  7  7 271       
PG26  12002.136305 -10318.276464  21061.911975   -391.522881  4  4  1 219       
PG27  12095.751184 -23373.448723   -913.340840      0.452672  4  6  6 273       
PG28  25270.238840  -5150.615298   6406.640532   -424.981938  8  5  4 255       
PG29  11559.475765  10038.154999  21667.078325   -250.448454  5  4  3 265       
PG30 -26613.439803   1414.467775  -1372.431764    350.974760  6  6  5 207       
PG31  19674.086101  -9972.567735  14697.341623   -123.471232  6  5  6 264       
PG32  18298.960789 -11315.651578 -15170.738462    248.718757  2  5  6 219       
*  2026  9  2 23 15  0.00000000
PG01  -7582.118349 -14699.447560 -20808.311771    181.668601  7  5  6 227       
PG02    755.810494 -15204.245242 -21350.566166    168.860140  7  6  6 214       
PG03 -11383.177491 -23577.463765  -4966.767672    289.212881  7  6  8 235       
PG04  -3466.002033 -19267.613580  17890.838608     64.673142  6  5  6 201       
PG05   1889.785573  20811.288202  16208.820005   -236.481979  7  7  4 263       
PG06 -25236.010767   5427.057807   6658.687350   -534.114432  4  6  7 259       
PG07 -22026.941115  -8074.473264  13438.829450   -221.177091  8  5  4 200       
PG08   3316.224995 -24568.290910  -9035.912779    357.118885  7  5  8 220       
PG09 -11991.969938  -9560.997878  21567.182665    687.459347  5  5  5 239       
PG10  17404.376553   3430.810688 -19609.547208   -540.219831  4  3  5 257       
PG11 -17085.837433  11919.592408  16487.329871   -222.204934  6  6  7 210       
PG12   8964.606652  24295.885362  -6162.101079   -602.934797  7  6  4 261       
PG13   9453.731767  23275.746809  -8652.831309    437.186462 13  7 10 240       
PG14 -19140.001481  -6142.122793 -17406.705252    750.023931  6  5  5 215       
PG15    385.972279  24811.586733 -10016.949574    441.592468  6  3  4 218       
PG16   5365.548677 -17494.404329  18696.392820    327.022760  1  4  6 252       
PG17 -17717.303948   4060.506069 -19098.911284   -196.408172  6  5  4 229       
PG18  23262.685927   6667.600623  11347.308996   -265.433657  9  6  6 250       
PG19 -18711.994688  14031.105551 -12060.376123    704.934558  5  3  3 213       
PG20 -10339.359088  24436.008937  -1273.131034    276.529591  5  2  5 249       
PG21  -9024.205439  13156.327447  21231.789913    370.986912  5  6  4 243       
PG22 -15942.879462   1436.422499 -20827.780850     72.371907  5  6  4 215       
PG23  19334.631393  13608.678277 -12311.146831    685.354317  7  5  6 250       
PG24   2521.706534  15829.299110 -21745.813543    190.012417  7  4  5 236       
PG25  17478.789113  19698.433160   3963.868208    392.230446  6  6  8 269       
PG26  13532.189688  -8374.746412  21034.456219   -391.524130  4  5  2 221       
PG27  12336.911677 -23139.666969   1945.332765      0.453031  3  6  6 278       
PG28  25856.988566  -4943.226560   3625.840438   -424.972322  8  5  4 252       
PG29  10212.480315  12103.021363  21270.629619   -250.442059  5  4  3 264       
PG30 -26647.381906   1112.187001   1420.493914    350.985954  7  6  5 210       
PG31  21269.364871  -9789.961572  12503.451261   -123.468683  6  5  6 263       
PG32  17575.142445  -9552.010730 -17098.470374    248.735701  2  6  6 222       
*  2026  9  2 23 30  0.00000000
PG01  -5169.269900 -14824.158479 -21441.548436    181.660481  8  5  6 222       
PG02   3221.451727 -15600.430017 -20782.614125    168.866394  8  6  6 212       
PG03 -10870.524577 -23082.347330  -7763.157464    289.194235  7  6  8 235       
PG04  -2467.161730 -20939.727042  16066.482662     64.673462  7  5  7 187       
PG05    559.546933  19331.933642  18022.151746   -236.481656  7  7  4 256       
PG06 -25836.027808   5303.382676   3846.303252   -534.104722  4  6  7 260       
PG07 -20501.886403  -8403.522888  15550.780312   -221.180276  8  5  4 195       
PG08   3933.388074 -25264.640723  -6383.690182    357.109570  7  5  8 220       
PG09 -10994.228137 -11806.624942  20973.869994    687.451565  5  5  6 238       
PG10  18598.146914   5270.457798 -18097.823047   -540.213481  5  3  6 257       
PG11 -18857.514292  11842.609323  14473.916124   -222.194106  6  6  7 203       
PG12   8325.054388  23721.793594  -8839.249271   -602.934068  7  7  4 261       
PG13   8577.855708  22529.702785 -11191.669953    437.190830 13  5 10 238       
PG14 -20083.690269  -7804.075371 -15625.402735    750.023746  6  6  6 210       
PG15    -99.957104  25649.839769  -7432.298536    441.595080  5  3  5 216       
PG16   6665.575121 -15590.009428  19935.670263    327.028959  2  4  6 253       
PG17 -16742.493747   1956.801486 -20228.683386   -196.411851  6  6  4 229       
PG18  21868.525043   6946.970078  13693.845864   -265.425628  8  6  6 249       
PG19 -18167.155762  12583.166432 -14337.124670    704.935072  5  3  3 201       
PG20 -10565.884587  24327.549767   1584.625517    276.537931  4  2  5 248       
PG21 -10456.483951  11160.996124  21715.420599    370.979898  5  7  4 242       
PG22 -17079.728734   -684.658796 -19931.206033     72.379943  5  6  5 211       
PG23  19985.578058  14699.910241  -9801.622777    685.357595  7  5  6 250       
PG24    200.990509  16294.334496 -21509.577227    190.027980  6  4  5 235       
PG25  17461.607886  20132.063854   1169.968850    392.227331  7  6  8 267       
PG26  15131.718600  -6525.588958  20637.456189   -391.525386  4  6  3 218       
PG27  12461.654612 -22618.574149   4769.466264      0.453164  3  6  6 280       
PG28  26137.776302  -4729.065667    782.728208   -424.962731  9  5  3 251       
PG29   9004.764342  14178.356822  20506.451499   -250.435570  5  4  3 263       
PG30 -26385.978053    780.877235   4189.392261    350.997152  8  6  6 205       
PG31  22608.658955  -9673.315139  10093.943102   -123.466103  7  6  6 262       
PG32  16862.052611  -7565.827187 -18723.684641    248.752685  2  6  6 219       
*  2026  9  2 23 45  0.00000000
PG01  -2714.611978 -15077.587805 -21706.452229    181.652275  8  5  5 226       
PG02   5584.087988 -16100.614884 -19841.534116    168.872638  8  7  7 219       
PG03 -10140.567550 -22375.279066 -10427.576002    289.175565  7  7  8 238       
PG04  -1645.912032 -22458.633134  13964.023948     64.673698  7  6  8 200       
PG05   -976.860100  17786.361961  19520.955260   -236.481793  7  7  5 251       
PG06 -26123.494237   5170.418042    968.415085   -534.095038  3  6  7 261       
PG07 -18781.954994  -8845.225670  17409.922270   -221.183085  9  4  4 201       
PG08   4423.895193 -25696.822833  -3619.031493    357.100297  7  6  8 224       
PG09 -10145.218502 -14018.718131  20015.591621    687.443731  6  5  6 240       
PG10  19775.644351   6885.338010 -16271.823580   -540.207061  5  3  6 258       
PG11 -20391.224768  11829.723787  12211.369814   -222.183319  7  6  7 211       
PG12   7490.278063  22941.936959 -11365.795834   -602.933373  7  7  4 240       
PG13   7482.730151  21622.707709 -13538.296961    437.195262 13  4 10 240       
PG14 -20973.869681  -9245.475759 -13576.868657    750.023502  6  6  7 216       
PG15   -491.932890  26221.263766  -4721.838720    441.598124  6  3  4 209       
PG16   8126.704435 -13653.416065  20816.417400    327.034877  3  5  7 254       
PG17 -15830.104530   -297.081725 -21001.238457   -196.416151  6  6  4 231       
PG18  20242.394071   7337.171157  15808.928736   -265.417625  8  6  6 245       
PG19 -17585.883774  10893.100155 -16361.012262    704.935293  5  3  4 210       
PG20 -10689.381165  23927.995690   4415.146626    276.546177  5  3  5 250       
PG21 -12012.469763   9217.811093  21825.422563    370.972825  4  7  5 244       
PG22 -18253.735731  -2644.593432 -18679.696514     72.387673  6  6  6 211       
PG23  20508.644740  15527.194104  -7125.561588    685.360851  6  5  6 245       
PG24  -2054.220490  16862.524690 -20920.402927    190.043530  5  3  5 238       
PG25  17263.603083  20324.001206  -1643.845064    392.224247  7  5  8 265       
PG26  16765.968391  -4802.650869  19879.239113   -391.526618  5  6  4 222       
PG27  12505.708432 -21802.674984   7508.648036      0.452841  2  6  6 278       
PG28  26112.322504  -4470.658557  -2073.835965   -424.953281  8  4  3 234       
PG29   7950.155581  16217.636750  19387.302924   -250.428921  5  5  3 258       
PG30 -25839.559274    386.615688   6887.544753    351.008294  9  6  6 211       
PG31  23669.773424  -9589.750320   7511.107832   -123.463676  7  6  6 259       
PG32  16196.306899  -5387.460202 -20017.401840    248.769675  3  6  6 222       
EOF
